path	bytes	sha256
configs/current_project_status.yaml	1313	2663c3ddc7862736ca3a916250e55f07b40da5de8b072c63f097648aa5a838fb
configs/frozen_covariates_Z.tsv	1358	dd8a47fb0e1019b2acbbc5c7ec52e983a6913f0e8dfd536293a6a442a56f3f85
configs/frozen_image_preprocessing.yaml	849	a31c393c99873686a2e7b54e93bb55b20a747846dad6aeb0c130b3ea2fbb04c4
configs/frozen_morphology_scale.yaml	289	3a3be64d29de885ba3107ec3efb755e312d1e2ab97428e0469501cbe6097991a
configs/frozen_phase1_candidate_programs.tsv	2952	1dc5ff3e00fc35dbf9fadf91bcfb9e0ed2bddb4ea91de17dd57754294264d588
configs/frozen_phase1_estimand.yaml	1082	bf9b03452cf2553ba52c1f84a637ea761fa19156a776c43669fcdfbc27db9e9d
configs/frozen_section_selection.yaml	515	ca8a5ea1a23bdc2ceb5e19daa382998860320b67f8afcb628271b2afb0ddefc2
configs/frozen_vannan_primary_cohort.tsv	2723	81b11d79b2d6dd6cc004524967a38f9b2c5e0877176ab55591fd4ef2e5458e32
configs/frozen_within_lineage_targets.tsv	3068	db865785a9e63dda45b1258b6bf364e32d91449f9197565c9a61de875a4389c8
configs/phase1_common_universe.yaml	1823	4d13754bc4d59fce25bc7275ad6b60791bb97a7fde441526be5420e38a341958
configs/phase1_donor_folds.tsv	1216	213cd0a810857f51cd75ec2e1ee4694be660e68e36cc258460082e304172bb4a
configs/phase1h_repeated_fold_seeds.yaml	3615	3afd41cb25da7b429cdd02baa5ab09cf84185747c6ff68ea825ae35004e4384d
configs/phase1i_inference_seeds.yaml	4349	f9512984d17b3a73cdd3b72e857aab20d4831c3bbd3ee1db17d6c6d9c03e0e86
configs/phase1j_precision_plan.yaml	2802	c651787c386a55cff7dd8540dbc6e7875e27f6b1e2e55c7352ed12e50a317c2e
configs/random_seeds.yaml	166	04a711fa3407853c1893020419eb659abc3ae3428a542ed7fde107484ea2d5e8
environment/environment.yml	463	e787902d381fb21124beeff6774c6cfe7d23f0eb6681999f66de16af033ca64a
figures/phase0c_vr/THD0008_fixed_patches.png	1498474	f06d38e9d96468cb3e761613d3e6e6441d83a7f2c0b601c110911211456802b8
figures/phase0d/vannan_dependency_graph.png	1807608	71674f9f901c60b9cf53179813cff0feee1e604dff2412aac59881d57e49eef6
figures/phase1j/J1_precision_projection.png	339979	f3d6124627926a399f7596d73c50ff390386598cf10e3a7649db55ae359f6963
figures/phase1j/J1_precision_projection.svg	97680	78862169e08796e2e66d09d7a2ec1db95e7c2618d77b868ea0a1e3e8519912f7
results/phase0/phase0d/color_shortcut_metrics.tsv	1427	f8890ddf9ccb899f9f6e705c76510d1739635dc09e9a5cfb3ae95b17631fbbc4
results/phase0/phase0d/composition_disease_coupling.tsv	461	d3883943639128aa48fcf21c5f9f2a96ee1b11bc3ae1a15487d0131016d87e77
results/phase0/phase0d/coordinate_shortcut_metrics.tsv	1279	1cbecd3f28963188b51437a9c8e7604e3105c7e0eaf7e1cfcb01cc1275efb5b1
results/phase1/morphology_embedding_extraction_manifest.tsv	5479	7edfe20c9b2b65ce279f26a6c3763567193ec62764aa640438279441b01e054b
results/phase1/morphology_encoder_manifest.tsv	1635	e439510312c9b83edac1957f8bb0c7cbc1c42e0cceccb9e68a0b49e3d18852cb
results/phase1/tables/table2_primary_model_performance.tsv	12575	23567942fafca93702a80b83bfa6ca7265cb45f8a4ee3fbcc575228e424abf64
results/phase1/tables/table3_crossfit_residual_performance.tsv	2042	a066a369f9527f0b060126db539dbbc348a4b90078c060261a6ca7018c8656db
results/phase1/tables/table4_shortcut_stress_test.tsv	1670	389e9681b33279b3498a17a1eaa5bdea63d93acb47ee3a7d43d6b7cf02153ae4
results/phase1h/figures/H2_m2_support_donor_error.png	88933	d2094a1bbc0a1fbf965be24c12de4279b92c9f88b2f7a4df0708be2adb89e02b
results/phase1h/figures/H2_m2_support_donor_error.svg	29910	f6d96424caefba5d8bc3fab947d1bd40071292c94c0c659fd08683692eee1129
results/phase1h/figures/H3_repeated_fold_delta.png	156582	42f255e58f2ec5b2b42f6993f0416a032b4754a1540a3d7dcd851a3b458f79bf
results/phase1h/figures/H3_repeated_fold_delta.svg	68750	189369db11f9dfbfc9abf480c425272acb124caa6720ab4b432e6b216854cdfa
results/phase1h/figures/H4_repeated_fold_residual.png	163528	9774b1987135555e8e00da048ba74c3ce3b568e4bbce84236ddc7256916b2a79
results/phase1h/figures/H4_repeated_fold_residual.svg	69474	ee439e9b5b78afcd2ce42cb7a747844f98bb3046670cd448d0806bce7ade24d7
results/phase1h/leave_one_donor_out_influence.tsv	177942	649431593e6ee58bcab9663631b48078e675ec64bf90a2b541705ba6a13aedf1
results/phase1h/repeated_fold_metrics.tsv	97925	75be9bdef04e4b801305f8a8797b49bfe894948d4e94d2cbb0e78b2b7a1148cc
results/phase1h/repeated_fold_stability.tsv	2625	71381c9f039bf82daca2c7b90aef671a9f921803bb290cf28324358442d6aad6
results/phase1i/figures/I2_residual_inference_comparison.png	77054	b0550641a84c7e19c4e867622352540d77717b29e1c5d9fb7a15adffb525f402
results/phase1i/figures/I2_residual_inference_comparison.svg	24403	b461c5648f86c7bb2e7c29f1f8e2b40a0deef74168f918e3c2efb5049e594346
results/phase1i/figures/I3_jackknife_donor_pseudovalues.png	160653	44b7ca2ae0422b4baea55c575587aace73d785a68b0b09cde1ccdcc8542c9ce0
results/phase1i/figures/I3_jackknife_donor_pseudovalues.svg	54478	2f0acdf2226146ef0f940983209e5a99d7c2ae1ee924c478eae86446b5491df2
results/phase1i/figures/I5_inference_agreement.png	132180	3dd94e7864e8cc73d5624397c9cc9d4c7d49031b605e0c1b6594ed289694e34d
results/phase1i/figures/I5_inference_agreement.svg	26019	3439f5e0255d21c47a9fee8f538a1329e0330e0c715ab9faef2badfea1c5e140
results/phase1i/inference_agreement_matrix.tsv	16147	e5d3c9131b7e4d2077e446695201e6c768c8bde23ad599cc89625d6737fd8744
results/phase1j/current_precision.tsv	1388	a5648d21e416258211bb355479e5a4b98c90f28eb36a96c6aadc0fc62e98758b
results/phase1j/deliverable_manifest.tsv	6288	f7f4ecc6cf9c6571cccfc49f6cec4fc001b161f11ef234b88be0ba37065e38e3
results/phase1j/minimum_information_threshold.tsv	1620	3110eff795c827acd20c456a5eb9571ace047da3efb8c2a575230538cdde45a5
results/phase1j/precision_projection.tsv	130862	bd3b6e41516166e03210f8d15f1946cccf7ff0084fecd27a449ef301aceb2843
results/phase1j/requested_probability_threshold.tsv	2333	a87f81edc631ed8519f27e75731b0227cc0ad0a923200e9ba78ae38c6b309840
results/phase1j/source_metadata_manifest.tsv	5467	3e8e49e3238d4cdc655eb6852f3766a46daf631f59893cc5862ad94388a54db5
results/phase1j/vannan_extension_crosswalk.tsv	59333	b447d4d3369cd1d2f8e68458ae7a1659ae9a603cb374dd712232ec14673acb57
