region_id	sample_id	donor_id	fold	target	analysis_stratum	observed	M0_pred	M1_pred	M2_pred	M3_pred	M4_pred	color_pred	coordinate_pred	grayscale_pred	macenko_pred	M3_grayscale_pred	M3_macenko_pred	heldout_base_residual	morphology_predicted_residual
TILD175MA_150_0_9	TILD175MA	TILD175	fold_2	macrophage_profibrotic	PF_ONLY	0.817550760265372	1.7775206080381885	1.0791006341145026	1.0552081795059056	1.7225441374469501	1.5767405463231252	1.7898284618190352	1.7775250890253906	1.6030578930365151	1.3841910262677342	1.7799603626210032	1.4964259176975003	-0.23765741924053363	0.20001323678445287
TILD175MA_150_11_17	TILD175MA	TILD175	fold_2	macrophage_profibrotic	PF_ONLY	2.03386564704596	1.777560141980125	1.66284826422716	1.648093855118091	1.7080361125560157	1.8192376371948284	1.925303021993742	1.777571017501498	1.702181916621536	1.9593920493816048	1.7468590021894643	1.5951971196234005	0.3857717919278689	0.02673863871050408
TILD175MA_150_15_6	TILD175MA	TILD175	fold_2	macrophage_profibrotic	PF_ONLY	1.18236332928002	1.7775391722060874	1.4992862842391654	1.3599192649407805	1.4890712816175462	1.5273228994111498	1.402644865277022	1.7775458906120245	1.7138056060837252	1.8165164349163063	1.6205784666718948	1.740110779669403	-0.17755593566076056	0.032358274397900386
TILD175MA_150_16_5	TILD175MA	TILD175	fold_2	macrophage_profibrotic	PF_ONLY	1.7132504163173	1.7775383768589426	1.5140249944939324	1.5553872305420977	1.4447474175557202	1.3531708040105275	1.1713768939411127	1.7775448715821731	1.2703381788381303	1.532995369303098	1.4789941913978162	1.5859877493866865	0.1578631857752022	-0.0985138722722731
TILD175MA_150_16_7	TILD175MA	TILD175	fold_2	macrophage_profibrotic	PF_ONLY	1.87666793194477	1.7775434592547878	2.390863492349437	2.027776937029066	2.5679702052462954	2.4409281094540747	2.4578716246614096	1.777550886087907	2.485861216238207	2.2844879585207525	2.6083788344279477	2.356352359606619	-0.15110900508429603	0.13118226147213002
TILD175MA_150_16_8	TILD175MA	TILD175	fold_2	macrophage_profibrotic	PF_ONLY	2.19527584133487	1.7775460004527104	1.8755544051696642	2.0482295478686257	2.3514170607126816	2.150789028568064	2.367154410696366	1.777553893340774	2.0675525187432457	2.01929757000029	2.4007710130980895	2.2723418125752994	0.1470462934662442	-0.0997526944355649
TILD175MA_150_17_3	TILD175MA	TILD175	fold_2	macrophage_profibrotic	PF_ONLY	0.806748747695394	1.777535040313875	0.8733675434569678	0.8813537333070314	1.7776071046740676	1.6665501414331108	1.313692625842168	1.777540845299455	1.4723305341971664	1.5850898846197417	1.7108431916564146	1.7484265711676703	-0.07460498561163742	0.22383531101628468
TILD175MA_150_17_5	TILD175MA	TILD175	fold_2	macrophage_profibrotic	PF_ONLY	1.0216848912459	1.7775401227097203	1.2373396602101567	1.0758630401490912	1.7908713112942196	1.588782662706731	1.088182168372804	1.777546859805189	1.3258176535773782	1.4763056863418402	1.57225291165402	1.6610938732855893	-0.05417814890319117	-0.012400778493863132
TILD175MA_150_17_6	TILD175MA	TILD175	fold_2	macrophage_profibrotic	PF_ONLY	1.12902402065763	1.7775426639076428	1.3368152792319685	1.2233259082046346	1.8434245128383544	1.7033058019444383	1.517664698238448	1.7775498670580558	1.5701929912501777	1.5225942127638288	1.6926391964335794	1.6894091747695854	-0.09430188754700453	0.07302857000345299
TILD175MA_150_17_7	TILD175MA	TILD175	fold_2	macrophage_profibrotic	PF_ONLY	2.00457472371651	1.7775452051055656	1.8373126585511819	1.7758972507115414	2.529127183209415	2.324157751920799	2.2108193552704827	1.7775528743109228	2.2922296371084037	2.2572988121892363	2.45295355222161	2.5141866614423654	0.22867747300496877	0.13128444914998139
TILD175MA_150_17_8	TILD175MA	TILD175	fold_2	macrophage_profibrotic	PF_ONLY	2.84013603774104	1.777547746303488	2.7256091112775627	2.543804034004624	2.164325941875087	2.1597621958898277	2.0255468770451803	1.7775558815637895	2.5442473163094266	2.843319809102515	2.519576872493295	2.927337393960677	0.29633200373641566	-0.0476603197565975
TILD175MA_150_17_9	TILD175MA	TILD175	fold_2	macrophage_profibrotic	PF_ONLY	2.65809300557275	1.7775502875014109	2.160084328602396	2.0723855031356497	2.369886651598377	2.354378243586404	2.0461058348621965	1.7775588888166565	2.16259537681569	2.4893612593975103	2.30174722313972	2.523852587102464	0.5857075024371001	0.12435103243886413
TILD175MA_150_18_4	TILD175MA	TILD175	fold_2	macrophage_profibrotic	PF_ONLY	0.719310748496774	1.7775393273625755	0.5987238850164605	0.5788823890231545	1.3318055024427369	1.172730244056066	1.319518681478686	1.7775458407753375	0.7921744256241514	1.0372805409960915	1.1920820996703378	1.234456123035637	0.14042835947361954	0.03828094939653735
TILD175MA_150_18_6	TILD175MA	TILD175	fold_2	macrophage_profibrotic	PF_ONLY	1.8069889609555	1.7775444097584208	1.2800252957030271	1.259452109132087	1.5036604191073575	1.3963234150327741	1.280147898164604	1.7775518552810714	1.7173132638289244	1.3628264655542595	1.826268170975239	1.4158333476774367	0.5475368518234132	-0.08966629677656121
TILD175MA_150_18_8	TILD175MA	TILD175	fold_2	macrophage_profibrotic	PF_ONLY	2.25075112199786	1.777549492154266	1.962358752801908	1.7365210685184074	1.8582898882278758	1.880817356687471	1.8942883925151706	1.7775578697868053	2.1481828892950223	2.259260109209246	2.1492147224101332	2.252591792955973	0.5142300534794526	0.04375084371144043
TILD175MA_150_19_6	TILD175MA	TILD175	fold_2	macrophage_profibrotic	PF_ONLY	2.18741485799263	1.7775461556091985	2.1263322240480234	1.8994942334259113	2.6105781223293274	2.4413678551790605	1.79673555140282	1.777553843504087	2.3178370316228483	2.2126655646266125	2.411941079272368	2.341162391237467	0.2879206245667185	0.30583496888252226
TILD175MA_150_19_7	TILD175MA	TILD175	fold_2	macrophage_profibrotic	PF_ONLY	2.60680654309527	1.7775486968071212	1.4016998785360335	1.3434559251744633	1.9928734721643682	1.8903048147387573	1.793622035358908	1.777556850756954	1.7087869442710213	2.0872872090413908	1.826657815672272	2.1530602914097967	1.2633506179208065	0.07231661699026835
TILD175MA_150_1_14	TILD175MA	TILD175	fold_2	macrophage_profibrotic	PF_ONLY	0.739079568248294	1.7775350598785793	1.0979418764942563	1.0073853191998616	1.7384489952525117	1.5046909309802736	1.7599859272568723	1.777542113512741	1.5802956892603996	1.7667041895771909	1.82003288441693	2.0986722020243254	-0.2683057509515676	0.18571299250082446
TILD175MA_150_1_9	TILD175MA	TILD175	fold_2	macrophage_profibrotic	PF_ONLY	0.990307324911934	1.7775223538889662	0.6107025002853472	0.6795480957239641	1.490066056799466	1.2504986656349595	1.76715761550779	1.7775270772484064	1.3258729275616767	1.0701283780219901	1.8357576498251644	1.3505513575359345	0.31075922918796983	-0.01648630870139333
TILD175MA_150_20_5	TILD175MA	TILD175	fold_2	macrophage_profibrotic	PF_ONLY	1.18244257882789	1.7775453602620537	1.5237839898588355	1.4565806341996816	2.128845139817673	2.012266967450729	1.4492411136034056	1.7775528244742358	1.4233462915260444	1.6107715638908153	1.6595606484287968	1.6617420835957015	-0.2741380553717916	0.2969257793028544
TILD175MA_150_20_6	TILD175MA	TILD175	fold_2	macrophage_profibrotic	PF_ONLY	0.928678074328287	1.7775479014599762	0.8894883923003524	0.7683970898523578	1.505061315327583	1.4130722792606407	1.299048190091351	1.7775558317271027	1.1486373367466352	1.0528869858068	1.3620591936510018	1.2148495171129472	0.1602809844759292	-0.028970126951839495
TILD175MA_150_20_7	TILD175MA	TILD175	fold_2	macrophage_profibrotic	PF_ONLY	2.8055705821727	1.777550442657899	1.0711821725190922	1.034986607294603	1.2243965136043466	1.2549191720295687	1.2602453055696499	1.7775588389799697	1.137741011402586	1.162657826824609	1.233321649205891	1.1798319784842262	1.7705839748780972	-0.23640368339371942
TILD175MA_150_20_8	TILD175MA	TILD175	fold_2	macrophage_profibrotic	PF_ONLY	2.90446535633897	1.7775529838558215	1.706027326145883	1.420056703086042	1.9215796255721909	1.8677157182393787	1.6721886923046436	1.7775618462328366	1.4663944337006114	1.5512374434218028	1.6179559335587113	1.5973403359584257	1.484408653252928	0.10072809512688548
TILD175MA_150_20_9	TILD175MA	TILD175	fold_2	macrophage_profibrotic	PF_ONLY	3.24512585896701	1.7775555250537443	2.4634509375013436	2.3322556352260424	2.509595609810237	2.6053079686504645	1.8974430572994316	1.7775648534857034	2.3127044607731255	2.432231679983412	2.116340637481026	2.295676057323606	0.9128702237409674	0.35015722196061116
TILD175MA_150_22_10	TILD175MA	TILD175	fold_2	macrophage_profibrotic	PF_ONLY	3.71940236840897	1.7775615579532225	2.597070018820913	2.5024268630240813	2.6508156523630024	2.691006554529028	2.200309898244196	1.7775718371846017	2.5595074505648676	2.5582303413569885	2.4116817330098907	2.538527100850133	1.2169755053848887	0.15572972665270746
TILD175MA_150_2_10	TILD175MA	TILD175	fold_2	macrophage_profibrotic	PF_ONLY	3.5195737752206	1.7775266409376667	2.5182227620778352	2.557128345943567	2.5392565021220124	2.580199814513948	1.899094929813491	1.777532072724289	2.6448388958286815	2.60374141810546	2.449756710037589	2.4724477798023234	0.9624454292770328	0.3234823808397577
TILD175MA_150_3_9	TILD175MA	TILD175	fold_2	macrophage_profibrotic	PF_ONLY	1.71439587036866	1.7775258455905218	1.6681103237229598	1.5467500388379711	1.9746964712845712	1.8657652264526818	1.7797390190165412	1.7775310536944378	1.9961532254048002	1.8370286948425918	2.2224247777652435	1.97682712733121	0.1676458315306888	0.06270344686073966
TILD175MA_150_4_8	TILD175MA	TILD175	fold_2	macrophage_profibrotic	PF_ONLY	3.60673623599164	1.777525050243377	3.1712180194265436	2.770413476466074	2.617586454456103	2.6969818754787727	2.5424852400950115	1.7775300346645864	2.855777235736644	2.8023830288252736	2.690281679687913	2.6664054648383524	0.836322759525566	-0.14902788514275062
TILD175MA_150_5_6	TILD175MA	TILD175	fold_2	macrophage_profibrotic	PF_ONLY	1.49098330992795	1.7775217136983095	1.3726560448279013	1.2286209588646968	2.083014692565472	1.9464856721743613	1.7891221394182122	1.7775260083818682	2.064352471133261	1.875292146791176	2.1746319455781213	1.9850072271922312	0.2623623510632531	0.16608846449705883
TILD175MA_150_5_7	TILD175MA	TILD175	fold_2	macrophage_profibrotic	PF_ONLY	2.89886742617242	1.777524254896232	2.459519529757727	2.3865346780386334	2.669530080007386	2.681291405164691	2.5265639363928933	1.777529015634735	2.6785767548777564	2.6844239010481328	2.525540771619391	2.651358404508196	0.5123327481337867	0.05476799098798689
TILD175MA_150_5_8	TILD175MA	TILD175	fold_2	macrophage_profibrotic	PF_ONLY	3.7718664821591	1.7775267960941548	2.6654976672700177	2.6900460987545003	2.5905445055405947	2.697967759209905	2.3224506063301655	1.777532022887602	3.0954614596261614	2.7977996881744986	2.805032181203364	2.7720546738490808	1.0818203834045996	0.07217858417714913
TILD175MA_150_6_7	TILD175MA	TILD175	fold_2	macrophage_profibrotic	PF_ONLY	3.61876643702671	1.77752600074701	2.3368860221097325	2.3099628898007447	2.5189959166768343	2.5729727161909066	2.2483386702471755	1.7775310038577508	2.434034938912887	2.743629666629211	2.295775621406931	2.6536085450819344	1.3088035472259651	0.2369931744251646
TILD175MA_150_8_15	TILD175MA	TILD175	fold_2	macrophage_profibrotic	PF_ONLY	0.93863413530523	1.7775498220319466	1.2489234920158947	0.8328862889233185	1.5539523350631856	1.4804194296673325	1.7282077696245641	1.7775590383267175	1.620032345660249	1.4838149493619202	1.8292328718767314	1.59344986460493	0.10574784638191148	0.12059389845855385
VUILD104MA1_150_10_10	VUILD104MA1	VUILD104	fold_2	macrophage_profibrotic	PF_ONLY	1.31841037693919	1.7775389369957622	1.6495248955555064	1.657555128769023	1.4827853096338122	1.4830938999754002	1.7038983838919879	1.777548166777604	1.5573271266613498	1.6805027793192746	1.5701037578323696	1.5344011476884722	-0.33914475182983295	-0.2553900382702147
VUILD104MA1_150_10_11	VUILD104MA1	VUILD104	fold_2	macrophage_profibrotic	PF_ONLY	2.26351187212559	1.7775409738328547	1.9931824771946554	1.935246586483116	1.8463505142061643	1.882660433954979	1.582011116691316	1.7775506696655479	1.7793785386286765	2.1558513198505276	1.5865198425678353	1.9505646891630515	0.3282652856424737	-0.05737458191668289
VUILD104MA1_150_10_15	VUILD104MA1	VUILD104	fold_2	macrophage_profibrotic	PF_ONLY	1.56578152428132	1.777549121181225	1.1210727831812939	1.1586330346263605	1.232610028910224	1.2652359681176453	1.7658381349552776	1.7775606812173232	0.9946449781990773	1.2523467540157962	1.1039223235686086	1.1653630919142235	0.40714848965495953	-0.2273786102845295
VUILD104MA1_150_10_18	VUILD104MA1	VUILD104	fold_2	macrophage_profibrotic	PF_ONLY	1.44457873321432	1.777555231692503	1.5980065669414063	1.5748044813914042	1.4961959582501332	1.5611961906375824	1.3981648799068849	1.7775681898811548	1.6077251027927404	1.6362684118391864	1.4810125605179127	1.507230133264618	-0.1302257481770841	-0.14519307830201122
VUILD104MA1_150_10_19	VUILD104MA1	VUILD104	fold_2	macrophage_profibrotic	PF_ONLY	1.62170178034353	1.7775572685295955	1.1440123345736564	1.3351615272259238	1.3307463389916752	1.4109682562051271	1.4735889683467023	1.7775706927690988	1.4351774237654165	1.5728423020688493	1.3728976575007934	1.4813978072817324	0.2865402531176062	-0.1871322176384138
VUILD104MA1_150_10_20	VUILD104MA1	VUILD104	fold_2	macrophage_profibrotic	PF_ONLY	2.12106740849522	1.777559305366688	1.5588383700554485	1.5146755193602477	1.6060431946508216	1.608885796246407	1.7812627990311398	1.7775731956570426	1.4570497350606082	1.48575835545341	1.6057846213323566	1.5142391569425602	0.6063918891349722	0.001116847337137225
VUILD104MA1_150_10_21	VUILD104MA1	VUILD104	fold_2	macrophage_profibrotic	PF_ONLY	2.60830801291785	1.7775613422037808	2.0357831062599674	2.122891015357336	2.6708876243282846	2.5155386890987774	1.8838693621362257	1.7775756985449864	2.4192258713925145	2.4808425283331963	2.4302726638078385	2.65047702510431	0.48541699756051404	0.22059153573316864
VUILD104MA1_150_10_23	VUILD104MA1	VUILD104	fold_2	macrophage_profibrotic	PF_ONLY	2.1276931437289	1.777565415877966	2.15083528985921	2.0841936705874557	2.3269830185050187	2.245350098529959	1.967934784267509	1.7775807043208742	2.239535903787084	1.9075429234326224	2.1336261944783494	2.0467586158728377	0.04349947314144442	0.07600187901412044
VUILD104MA1_150_10_25	VUILD104MA1	VUILD104	fold_2	macrophage_profibrotic	PF_ONLY	2.81675682782817	1.7775694895521512	2.2505140773359886	2.1249188909490204	2.3178955277782047	2.238113286970531	2.105982894385143	1.7775857100967618	2.603704902216064	2.4806822597788787	2.5813023142738487	2.6052560028416076	0.6918379368791494	-0.08361462681950088
VUILD104MA1_150_10_8	VUILD104MA1	VUILD104	fold_2	macrophage_profibrotic	PF_ONLY	2.81742252751247	1.7775348633215768	2.4644859791076303	2.47489403743645	2.1935277683218954	2.2587611804708927	1.928286885477097	1.7775431610017163	2.1007258347697357	2.433567638771598	1.9524913512425637	2.20673465283999	0.34252849007601993	-0.06739312384191884
VUILD104MA1_150_10_9	VUILD104MA1	VUILD104	fold_2	macrophage_profibrotic	PF_ONLY	1.95885602489093	1.7775369001586696	1.8163172996501398	1.7851099303895506	1.8294596051984322	1.865757906482537	1.6882379115918904	1.7775456638896603	1.7226574560574317	1.9219168401371147	1.6875930540981159	1.7978279737760876	0.17374609450137934	-0.08558143588233696
VUILD104MA1_150_11_10	VUILD104MA1	VUILD104	fold_2	macrophage_profibrotic	PF_ONLY	1.32872128735747	1.7775410280885007	1.729676804555483	1.6853452390121733	1.1750659335031863	1.2225539255569071	1.595833441336739	1.7775505002372014	1.3521044113087695	1.3429099252814973	1.4393796524351758	1.1087932389218307	-0.3566239516547032	-0.4434214735879975
VUILD104MA1_150_11_11	VUILD104MA1	VUILD104	fold_2	macrophage_profibrotic	PF_ONLY	1.35615567406453	1.7775430649255932	1.54106185001875	1.5319116624860174	0.8839011122529485	0.9051490127228567	1.45470379289037	1.7775530031251452	0.8398641220630623	0.934843307019471	0.9019322137681346	0.8010410297786403	-0.17575598842148743	-0.41048843906899196
VUILD104MA1_150_11_12	VUILD104MA1	VUILD104	fold_2	macrophage_profibrotic	PF_ONLY	1.67755050481704	1.777545101762686	1.6782907311884412	1.6753210047518192	1.5831111258795056	1.6170547523262675	1.61617466121485	1.7775555060130892	1.5965786905157409	1.6544677796450593	1.7042206990738191	1.5158016635998028	0.002229500065220824	-0.23479538326311467
VUILD104MA1_150_11_13	VUILD104MA1	VUILD104	fold_2	macrophage_profibrotic	PF_ONLY	1.09222282230249	1.7775471385997785	1.6779355675731447	1.578400394137377	1.578308029084551	1.5806444842541632	1.6194157481788416	1.777558008901033	1.7919021212464392	1.9518426976472982	1.7521575997558254	1.985003951372269	-0.4861775718348871	-0.09427566341960758
VUILD104MA1_150_11_14	VUILD104MA1	VUILD104	fold_2	macrophage_profibrotic	PF_ONLY	1.03264231571077	1.777549175436871	1.4683772119372531	1.3952104851375626	1.2324808424475662	1.2660251789597399	1.670253867507084	1.7775605117889768	1.6392548879048472	1.4091518686947087	1.6950780609419376	1.3990663445414186	-0.3625681694267926	-0.41056473224694534
VUILD104MA1_150_11_17	VUILD104MA1	VUILD104	fold_2	macrophage_profibrotic	PF_ONLY	1.2633765388215	1.777555285948149	1.1351635959027537	1.2546470427590521	1.2972816120460313	1.1786932633597884	1.7132666260555551	1.7775680204528084	1.1147423777096832	1.1178485585331894	1.3678585908127865	1.3060650919378403	0.008729496062447772	-0.38234251248304946
VUILD104MA1_150_11_18	VUILD104MA1	VUILD104	fold_2	macrophage_profibrotic	PF_ONLY	1.30514290452949	1.7775573227852415	1.5600712233173304	1.3969132494725534	1.4105693555757057	1.3448670366172468	1.7379571167675771	1.7775705233407522	1.4085284491909429	1.4382277831043941	1.5504332103221603	1.6065014666687922	-0.09177034494306335	-0.2601642629821758
VUILD104MA1_150_11_19	VUILD104MA1	VUILD104	fold_2	macrophage_profibrotic	PF_ONLY	1.07599984050098	1.777559359622334	1.394419567212573	1.2695132958670277	1.9495060640590818	1.7967866519903046	1.7743200219439865	1.777573026228696	1.4515722127699018	1.6443924012724154	1.6437171222427363	1.8467668320768635	-0.19351345536604758	-0.04592540718751789
VUILD104MA1_150_11_21	VUILD104MA1	VUILD104	fold_2	macrophage_profibrotic	PF_ONLY	1.94001045522354	1.7775634332965193	1.4945980824883494	1.5092289779312598	1.6226018265880633	1.5992996893884233	1.7275498417743425	1.7775780320045838	1.4744535956315934	1.6336039661866044	1.6031850418648705	1.6431454336709723	0.4307814772922802	0.03934003622837336
VUILD104MA1_150_11_7	VUILD104MA1	VUILD104	fold_2	macrophage_profibrotic	PF_ONLY	1.65722890048729	1.7775349175772228	1.7177205479283066	1.7186454094402506	1.1956013098578002	1.2296368601927936	1.4403750833989328	1.7775429915733698	0.9294554274579483	1.2406824332474389	0.9291180630878565	1.1415023149674928	-0.06141650895296058	-0.4067440725419786
VUILD104MA1_150_11_8	VUILD104MA1	VUILD104	fold_2	macrophage_profibrotic	PF_ONLY	2.14911423157634	1.7775369544143156	2.351951958777296	2.3168174297650053	2.36079633812726	2.395284011944629	1.9312404093467055	1.7775454944613136	2.0510098062971376	2.273211015815199	1.9934434448028564	2.2588883133305053	-0.16770319818866541	-0.08084392283958056
VUILD104MA1_150_11_9	VUILD104MA1	VUILD104	fold_2	macrophage_profibrotic	PF_ONLY	1.5065325236235	1.7775389912514081	1.7589020718601818	1.9468123268829465	1.6002198281246491	1.6716563670098046	2.1032207437087487	1.7775479973492576	1.7734538966994824	1.7497479400157177	1.7784139764672635	1.5600583578670857	-0.4402798032594464	-0.19394352320857394
VUILD104MA1_150_12_10	VUILD104MA1	VUILD104	fold_2	macrophage_profibrotic	PF_ONLY	2.51928360329159	1.7775431191812394	2.490431285673373	2.503987386541256	2.493244860365868	2.4185602245330555	2.052094708538729	1.7775528336967987	2.301453785822507	2.455526522063066	2.2023405960046003	2.5164582583117836	0.015296216750334324	-0.085168088591702
VUILD104MA1_150_12_14	VUILD104MA1	VUILD104	fold_2	macrophage_profibrotic	PF_ONLY	1.94250028117683	1.7775512665296098	1.7539379521607572	1.9404888307361368	1.8593719219908953	1.8800365625714808	2.2118622552198346	1.777562845248574	2.366273915618768	2.0158495751359435	2.229483549995324	1.917820276294341	0.0020114504406931744	-0.26944307922073096
VUILD104MA1_150_12_23	VUILD104MA1	VUILD104	fold_2	macrophage_profibrotic	PF_ONLY	1.6377702595153	1.7775695980634432	1.571561990580531	1.7264105612839866	1.8435136817817628	1.8097225743547365	1.712254206246534	1.7775853712400687	1.5606371724188266	1.8355870209217122	1.526256346030877	1.873251451051186	-0.08864030176868654	0.06596780267067613
VUILD104MA1_150_13_23	VUILD104MA1	VUILD104	fold_2	macrophage_profibrotic	PF_ONLY	0.924690126266805	1.7775716891561817	1.2228556823008687	1.263520500652565	1.2442638832354906	1.193604067860038	1.5871310604012483	1.777587704699666	1.2845576777655943	1.176551313200536	1.3963365150345577	1.109327541130102	-0.3388303743857599	-0.15765408010386422
VUILD104MA1_150_13_24	VUILD104MA1	VUILD104	fold_2	macrophage_profibrotic	PF_ONLY	0.740850614703492	1.7775737259932742	1.2003789149743378	1.2418555571292036	1.0892313268351494	1.0253764417086864	1.5735379845125372	1.77759020758761	0.9503919261548104	0.7752622188470815	1.191056577421063	0.7895103916420971	-0.5010049424257116	-0.33752656681965415
VUILD104MA1_150_14_22	VUILD104MA1	VUILD104	fold_2	macrophage_profibrotic	PF_ONLY	1.91133261750713	1.7775717434118277	1.8192885670683812	1.9886237112355298	1.7676486178651438	1.7226447702306311	1.7455138062937074	1.7775875352713195	1.7641093711646196	1.5101092177067956	1.780027835627651	1.511133204016057	-0.07729109372839993	-0.15157072521865544
VUILD104MA1_150_14_23	VUILD104MA1	VUILD104	fold_2	macrophage_profibrotic	PF_ONLY	1.50039594461583	1.7775737802489202	1.8893706966430557	1.8792354971597662	1.7429266821992373	1.7399693264924094	1.6545608793378814	1.7775900381592633	1.7396174176832206	1.8251254933060743	1.5606163729764637	1.7485328243870604	-0.3788395525439363	-0.06427519612282345
VUILD104MA1_150_14_24	VUILD104MA1	VUILD104	fold_2	macrophage_profibrotic	PF_ONLY	1.2044760908149	1.777575817086013	1.4720373663291797	1.3575505878317942	1.3279815709397633	1.2829544701141486	1.8471484877337438	1.7775925410472073	1.3253751630514474	1.3632226601858333	1.4381903374615301	1.4298553017634181	-0.15307449701689424	-0.33366949590873507
VUILD104MA1_150_15_10	VUILD104MA1	VUILD104	fold_2	macrophage_profibrotic	PF_ONLY	1.67540604388296	1.7775493924594552	1.6315940758443734	1.6054582597762066	1.6250532408040128	1.641416522573733	1.7879795833416396	1.7775598340755907	1.5890985393939179	1.6139530766796284	1.5784154552881848	1.4288533747379066	0.06994778410675351	-0.18802973806305834
VUILD104MA1_150_15_11	VUILD104MA1	VUILD104	fold_2	macrophage_profibrotic	PF_ONLY	1.38249626018776	1.7775514292965477	1.3933901390504266	1.3132663150040687	1.8186929475931974	1.7238807140243386	2.007336372519837	1.7775623369635345	1.714974411220673	1.9007143945245162	1.7796082008920813	1.886111375647048	0.0692299451836913	0.0050328031216198554
VUILD104MA1_150_15_20	VUILD104MA1	VUILD104	fold_2	macrophage_profibrotic	PF_ONLY	1.9125907123403	1.777569760830381	1.5987015348866267	1.5126368824659884	1.4707956829547657	1.4361535091284026	1.6588467201135493	1.777584862955029	1.6748027902425366	1.8598544176975265	1.640190266799788	1.857029662481851	0.3999538298743117	-0.3143531719788115
VUILD104MA1_150_15_21	VUILD104MA1	VUILD104	fold_2	macrophage_profibrotic	PF_ONLY	1.43443435486983	1.7775717976674736	1.485944998746061	1.557989063158785	1.2932417848546278	1.2734403716651597	1.6153580551646116	1.777587365842973	1.2756578961813991	1.5108656700931722	1.384215257489975	1.4858516869807648	-0.12355470828895498	-0.2766707961751009
VUILD104MA1_150_15_22	VUILD104MA1	VUILD104	fold_2	macrophage_profibrotic	PF_ONLY	2.19074354242248	1.7775738345045664	1.8428567594956549	2.0501040456697956	2.121570931457616	2.0531679910383267	1.7389838144042342	1.7775898687309168	1.8367181337078446	1.8236694413554875	1.855123501020591	1.701449524178618	0.1406394967526845	-0.127475557381675
VUILD104MA1_150_16_20	VUILD104MA1	VUILD104	fold_2	macrophage_profibrotic	PF_ONLY	1.95749840380652	1.7775718519231196	1.5042019475250539	1.4970682821165644	1.495852216724412	1.577842308523886	1.7084511670125027	1.7775871964146264	1.5993394439003616	1.428325567179673	1.52761756590144	1.242087625082524	0.46043012168995556	-0.13976913883116276
VUILD104MA1_150_1_17	VUILD104MA1	VUILD104	fold_2	macrophage_profibrotic	PF_ONLY	1.85148500817238	1.7775343750207628	2.4444214835606495	2.5580265371255257	2.0080162533225563	2.0852896561855463	1.8961903928463664	1.7775446858568353	1.9069178449926782	2.070514269285039	1.8813791152686181	2.021063560498339	-0.7065415289531458	-0.0800592798745554
VUILD104MA1_150_1_18	VUILD104MA1	VUILD104	fold_2	macrophage_profibrotic	PF_ONLY	1.12601657832138	1.7775364118578556	1.7663960581693952	1.7827758370839393	1.8069112895246013	1.7526091198535645	2.085458248615728	1.7775471887447791	1.92317733460303	2.1892873868712575	1.9655711478881448	2.2728168134131734	-0.6567592587625593	-0.25629470975838553
VUILD104MA1_150_1_19	VUILD104MA1	VUILD104	fold_2	macrophage_profibrotic	PF_ONLY	1.39907134381799	1.7775384486949481	1.9576307100656167	1.9273032883187655	1.6986163827873422	1.7090413810720908	1.8201263145979032	1.777549691632723	1.9099848105065846	1.788683249449501	1.9604984750173091	1.8169513193121687	-0.5282319445007755	-0.138917023866376
VUILD104MA1_150_1_20	VUILD104MA1	VUILD104	fold_2	macrophage_profibrotic	PF_ONLY	2.20393989858668	1.7775404855320407	2.1373045653668363	2.4485817003300903	1.9645112463674428	2.043708179770058	1.8145746695102343	1.777552194520667	2.1625570509624263	2.060652217681106	2.0356881164575054	1.8983807561684753	-0.24464180174341044	-0.05121387090076306
VUILD104MA1_150_2_17	VUILD104MA1	VUILD104	fold_2	macrophage_profibrotic	PF_ONLY	1.49400013920318	1.7775364661135016	1.8150132224440356	2.241764499477739	2.051262965952787	2.1228288891141456	1.9530889323590546	1.7775470193164327	2.2689912246833384	1.7912147647968317	2.1966079344290486	1.7184595762471984	-0.747764360274559	0.06825880281361173
VUILD104MA1_150_2_19	VUILD104MA1	VUILD104	fold_2	macrophage_profibrotic	PF_ONLY	2.15758564195367	1.7775405397876867	2.4138807771500193	2.5425342107679407	2.3319058797104155	2.3688672345107515	1.9939503492738946	1.7775520250923202	2.350555458606603	2.497958214876536	2.2530075699901304	2.3869002921292704	-0.38494856881427086	0.05021137026056839
VUILD104MA1_150_2_20	VUILD104MA1	VUILD104	fold_2	macrophage_profibrotic	PF_ONLY	1.84332335592015	1.7775425766247794	2.5192630052320286	2.5418045708867663	2.6382202681642877	2.694272592821287	2.0338090106841125	1.7775545279802643	2.8040459838673035	2.8400035761105222	2.641610098413648	2.7821030063819236	-0.6984812149666162	0.11410719816191399
VUILD104MA1_150_4_24	VUILD104MA1	VUILD104	fold_2	macrophage_profibrotic	PF_ONLY	2.45677474307653	1.7775549061586269	2.126148979389368	2.347507688259894	2.4620348094848303	2.405587927492778	2.2121703200064013	1.777569206451234	2.628563362338478	2.353900040295054	2.488500535124956	2.4926532475252166	0.10926705481663568	0.1025861016969916
VUILD104MA1_150_5_11	VUILD104MA1	VUILD104	fold_2	macrophage_profibrotic	PF_ONLY	2.45412865207043	1.7775305183691616	2.011237178004932	1.9299165505471638	2.0117843386115597	1.9429168724320856	1.800958672137585	1.7775390023675615	1.646604262638282	1.8261972311817565	1.6294232204785855	1.9384788721157609	0.5242121015232661	0.035242011694830794
VUILD104MA1_150_6_11	VUILD104MA1	VUILD104	fold_2	macrophage_profibrotic	PF_ONLY	1.23247535126898	1.7775326094619004	1.8869141021394942	2.0033020266108963	1.7089238094969579	1.742681317583404	1.747437675702234	1.7775413358271588	1.602794885960857	1.6052146645716525	1.5915360738965803	1.5378835653921772	-0.7708266753419164	-0.18240503716238343
VUILD104MA1_150_6_23	VUILD104MA1	VUILD104	fold_2	macrophage_profibrotic	PF_ONLY	2.44753178207014	1.7775570515070116	2.624466530638013	2.6527532042677926	2.64715351986944	2.676760261718018	2.081944941438231	1.777571370482485	2.490159402377972	2.508263964267246	2.2734800897909975	2.4956685110517203	-0.20522142219765271	0.2521458120454198
VUILD104MA1_150_6_24	VUILD104MA1	VUILD104	fold_2	macrophage_profibrotic	PF_ONLY	2.44708667573487	1.7775590883441041	2.188335236877524	2.3297432698384273	2.552296739084083	2.519976347023708	2.057970562232038	1.7775738733704287	2.3350904090529405	2.428888055092365	2.181424606768873	2.4705371510425294	0.11734340589644265	0.17905222778047508
VUILD104MA1_150_7_24	VUILD104MA1	VUILD104	fold_2	macrophage_profibrotic	PF_ONLY	2.289787370319	1.7775611794368427	2.2091664259275356	2.287477006082355	2.596556573938616	2.479409108534095	1.8909442644745176	1.777576206830026	2.2980919810561398	2.299554785401687	2.2171310090552545	2.467892452170356	0.0023103642366448796	0.17067714999534467
VUILD104MA1_150_7_8	VUILD104MA1	VUILD104	fold_2	macrophage_profibrotic	PF_ONLY	1.79657778955666	1.777528590043361	1.7101485018947098	1.649084612746505	1.7276731121080389	1.7180565465233435	1.7235025935171173	1.7775361606229245	1.7217683235674037	1.7861590128557265	1.6890418616259413	1.7891161961291	0.14749317681015484	-0.03275883187644172
VUILD104MA1_150_7_9	VUILD104MA1	VUILD104	fold_2	macrophage_profibrotic	PF_ONLY	1.79029591917883	1.7775306268804538	1.6820323129477845	1.721642069880678	1.651809131314247	1.6824218137264706	1.746039457469653	1.7775386635108683	1.478702778000668	1.4882551116286646	1.4281380871575782	1.3608116818903575	0.06865384929815188	-0.019665753771268155
VUILD104MA1_150_8_10	VUILD104MA1	VUILD104	fold_2	macrophage_profibrotic	PF_ONLY	2.349147642847	1.777534754810285	1.8399089594089442	1.71585840177698	1.7798496485378612	1.72502426056777	1.828611113195325	1.7775434998584094	1.7571468726174622	1.4069588081765407	1.738123518659379	1.4550508371600581	0.6332892410700199	-0.28192665084977414
VUILD104MA1_150_8_11	VUILD104MA1	VUILD104	fold_2	macrophage_profibrotic	PF_ONLY	2.42291051761584	1.7775367916473774	2.316727434394477	2.3101502288266675	2.4332123481718124	2.3501566573805297	1.7873648624687133	1.7775460027463534	2.296290690167466	2.5415448680425596	2.22934893505526	2.666043828356528	0.11276028878917232	0.03248353496940877
VUILD104MA1_150_8_24	VUILD104MA1	VUILD104	fold_2	macrophage_profibrotic	PF_ONLY	2.93196443391208	1.7775632705295814	2.436482061494762	2.4946627707937057	2.571856480813686	2.4830098038188195	1.9799889946413152	1.7775785402896234	2.1165411786820965	2.152230484665462	1.995411257897779	2.25115422669682	0.43730166311837415	0.15192211589780913
VUILD104MA1_150_8_25	VUILD104MA1	VUILD104	fold_2	macrophage_profibrotic	PF_ONLY	1.28543090391773	1.777565307366674	1.1804760787529516	1.2644672736006133	1.2728907868656618	1.2012219680924598	1.9814930310128631	1.7775810431775672	1.2099131933619733	1.192655366891624	1.474769657544854	1.271257079272857	0.020963630317116788	-0.32354379885658596
VUILD104MA1_150_8_8	VUILD104MA1	VUILD104	fold_2	macrophage_profibrotic	PF_ONLY	1.64738990307944	1.7775306811360998	1.5833788985326078	1.612531458049706	1.9052920832772628	1.8251226458506002	1.8727404531595577	1.7775384940825218	1.677718298717262	1.9730339512963821	1.882486413317287	2.075938211390768	0.03485844502973401	-0.1585999276522872
VUILD104MA1_150_8_9	VUILD104MA1	VUILD104	fold_2	macrophage_profibrotic	PF_ONLY	2.64119058295776	1.7775327179731923	2.120197870092177	2.215334485821194	2.1601354273045246	2.141098889472163	1.883631946719337	1.7775409969704656	1.975228039572741	2.1374413859329193	2.0696135968330465	2.1305014577321826	0.42585609713656636	-0.10305460167670777
VUILD104MA1_150_9_10	VUILD104MA1	VUILD104	fold_2	macrophage_profibrotic	PF_ONLY	2.16580273131302	1.7775368459030234	1.8744585557309899	1.955537744320596	1.7626669679168543	1.8135214590213788	1.6350789821825142	1.7775458333180068	1.7474074510533188	1.8035093558127329	1.628551909268257	1.674390374712794	0.21026498699242424	-0.07951497637656915
VUILD104MA1_150_9_11	VUILD104MA1	VUILD104	fold_2	macrophage_profibrotic	PF_ONLY	1.180186259473	1.7775388827401162	1.7331314172538212	1.7176205525380712	1.490219408901282	1.5559038837443837	1.6365900545122114	1.7775483362059505	1.5409232177756	1.6188216489569607	1.4719760595321472	1.5417544141304453	-0.5374342930650713	-0.17171770024054245
VUILD104MA1_150_9_12	VUILD104MA1	VUILD104	fold_2	macrophage_profibrotic	PF_ONLY	1.50430053521994	1.7775409195772087	1.9050064504914872	1.8557301320198103	1.9941116129131253	1.9689447609785526	1.7686075994256578	1.7775508390938946	1.9155545858614091	1.900027538975373	1.877369403505551	1.9179388300197946	-0.3514295967998704	-0.026177476876897317
VUILD104MA1_150_9_15	VUILD104MA1	VUILD104	fold_2	macrophage_profibrotic	PF_ONLY	1.37314121480592	1.7775470300884866	1.348661920175899	1.5067508552754176	1.4381746777002686	1.5423572299071024	1.5773246156058938	1.7775583477577261	1.555080995219866	1.5124485818000957	1.440167755280781	1.3512756243889155	-0.13360964046949753	-0.03966806960258739
VUILD104MA1_150_9_18	VUILD104MA1	VUILD104	fold_2	macrophage_profibrotic	PF_ONLY	1.55878038964638	1.7775531405997642	1.9858471029533207	2.229274266853438	1.7909684617491828	1.914819879561878	1.8378465955909653	1.7775658564215575	1.8398999183286144	2.2260461499432864	1.5344795240076023	2.100540288494104	-0.6704938772070581	-0.20156146749244575
VUILD104MA1_150_9_25	VUILD104MA1	VUILD104	fold_2	macrophage_profibrotic	PF_ONLY	1.89118491481424	1.7775673984594125	1.5060794216450755	1.5140016113961572	1.588913107689494	1.4787609094018608	1.974341969987358	1.7775833766371645	1.4746988943204036	1.355008363217092	1.612536866142874	1.5340093375135448	0.3771833034180827	-0.3798498002777894
VUILD104MA1_150_9_5	VUILD104MA1	VUILD104	fold_2	macrophage_profibrotic	PF_ONLY	1.18387484872363	1.7775266617175605	1.5617075240980052	1.4861709114469572	1.2833174938887548	1.2895767153801898	1.5608330571485294	1.7775333188782876	1.357199656321229	1.7613429437372852	1.350302375924279	1.6440278228774332	-0.3022960627233273	-0.3383389967990863
VUILD104MA1_150_9_7	VUILD104MA1	VUILD104	fold_2	macrophage_profibrotic	PF_ONLY	1.98409327991713	1.7775307353917458	1.5430226394559836	1.4911845847349408	2.139335167667899	1.9637468334299877	1.966917781198303	1.7775383246541752	1.8930174722938855	1.9696581814084646	2.0936926395102162	2.2424963782726874	0.49290869518218927	-0.11766827891832912
VUILD104MA1_150_9_9	VUILD104MA1	VUILD104	fold_2	macrophage_profibrotic	PF_ONLY	2.18039661451855	1.7775348090659309	1.9753396825452645	1.8380001055563384	1.8521283450857935	1.874161760308572	1.630383165721177	1.777543330430063	1.6086471495506862	1.8485476606608933	1.6601279867144019	1.7774620754802397	0.3423965089622114	-0.021972836271758542
VUILD104MA2_150_10_13	VUILD104MA2	VUILD104	fold_2	macrophage_profibrotic	PF_ONLY	3.27291731170547	1.7775449226955573	3.049392295248377	2.6474682297179237	2.7242736542007964	2.73063029080698	2.239832829085084	1.7775515889174462	2.7406827319427767	2.45356951582541	2.663698832879258	2.418171182988949	0.6254490819875462	0.11223417603840947
VUILD104MA2_150_11_13	VUILD104MA2	VUILD104	fold_2	macrophage_profibrotic	PF_ONLY	2.68631361447322	1.7775466086464409	2.4030654496619803	2.288875359347505	2.988285953762559	2.837983027450262	2.2219352427145163	1.777553517241501	2.6742834411569634	2.7605716206688924	2.633066132292669	3.1276310559981098	0.39743825512571496	0.22802201025824403
VUILD104MA2_150_11_17	VUILD104MA2	VUILD104	fold_2	macrophage_profibrotic	PF_ONLY	1.86022560886878	1.7775559794549582	1.7958726240641563	1.6198376471371638	2.2830322293676293	2.2630776860078075	1.880332079699837	1.777564752263352	2.174674834450883	2.074636567721059	2.0932459714953406	2.0752824431069716	0.24038796173161625	0.2902134705325781
VUILD104MA2_150_12_13	VUILD104MA2	VUILD104	fold_2	macrophage_profibrotic	PF_ONLY	2.35846682867623	1.7775482945973242	2.2206088252494185	2.073323463745908	2.549371820414244	2.399890511984516	1.9438381849911568	1.7775554455655556	2.209715222843205	2.4019047614755378	2.3645513725570932	2.6268290637995686	0.28514336493032166	-0.009727274416150303
VUILD104MA2_150_12_14	VUILD104MA2	VUILD104	fold_2	macrophage_profibrotic	PF_ONLY	2.09988140624064	1.7775506372994536	2.041203935619538	2.0426186443483645	1.7587404209003956	1.7986961094822809	1.7274497847935815	1.7775582543210184	1.9421170448700675	1.8286242494939466	1.8798941077381628	1.8160370787545903	0.05726276189227564	-0.14562682385072967
VUILD104MA2_150_12_5	VUILD104MA2	VUILD104	fold_2	macrophage_profibrotic	PF_ONLY	1.37661531461753	1.7775295529802897	1.5215380996953816	1.3471270465794238	1.8741846996189488	1.7589790424869534	1.7189294363813992	1.7775329755218534	2.0304874745890715	1.8569268739385374	2.1203479804514522	1.948892848887696	0.029488268038106114	0.06665964673891141
VUILD104MA2_150_13_10	VUILD104MA2	VUILD104	fold_2	macrophage_profibrotic	PF_ONLY	1.58763970616216	1.7775429524418198	1.8433821868620681	1.8515046915185949	1.661974720222118	1.7399192885337447	1.8944980148524317	1.7775489476232218	2.0300743620997443	1.6040970058197626	2.020757294449818	1.5097479881157212	-0.26386498535643477	-0.026427616453850666
VUILD104MA2_150_14_15	VUILD104MA2	VUILD104	fold_2	macrophage_profibrotic	PF_ONLY	2.50095341962223	1.77755635190335	0.8928389406907641	0.7063510375283373	2.03662005611185	1.5356937338755396	2.2337671993581214	1.7775649197245904	1.4441840874226513	1.4085206194292432	2.166119922962862	1.9808162166460839	1.7946023820938926	-0.15231866000303312
VUILD104MA2_150_14_20	VUILD104MA2	VUILD104	fold_2	macrophage_profibrotic	PF_ONLY	0.281949811441482	1.7775680654139967	1.5316725887291303	1.3464407395636082	1.7533364820979882	1.7178200125012928	1.7487146118040742	1.7775789635019044	1.6274007253325022	1.7755132673862841	1.5812080661673207	1.8770600945370137	-1.0644909281221262	0.10177494537021893
VUILD104MA2_150_14_23	VUILD104MA2	VUILD104	fold_2	macrophage_profibrotic	PF_ONLY	0.262023018954762	1.7775750935203847	1.2022484105114082	0.9133381466650858	1.7638247333739325	1.6329338211311353	1.6551581816680963	1.7775873897682926	1.7477304885886162	1.2563939400564483	1.9408081105992172	1.3785065794909306	-0.6513151277103238	0.12006770094565743
VUILD104MA2_150_14_6	VUILD104MA2	VUILD104	fold_2	macrophage_profibrotic	PF_ONLY	0.92182950733583	1.777535267584186	1.58540718112372	1.1052894367110044	1.1724715221784412	1.1074732001009044	1.4788881680704176	1.7775396409254254	1.0256655774415881	1.2665643106871185	1.3110781209026212	1.228451947284644	-0.1834599293751744	-0.28840677634215295
VUILD104MA2_150_15_16	VUILD104MA2	VUILD104	fold_2	macrophage_profibrotic	PF_ONLY	1.22768146018429	1.777560380556363	1.1270717403096202	0.9380802483915617	1.9208110165101258	1.5966989297356224	2.186657273080512	1.7775696568041077	1.63804348033694	1.6372921034469883	2.028132982273105	2.0431404799337054	0.28960121179272835	-0.09144281629630018
VUILD104MA2_150_15_20	VUILD104MA2	VUILD104	fold_2	macrophage_profibrotic	PF_ONLY	0.239957914957785	1.7775697513648803	1.8782590888072463	1.8725917060853596	1.9062947404200288	1.9107765984804155	1.6966937341451782	1.777580891825959	1.913654627491592	2.070218730957925	1.9362723542240385	2.1528596820582013	-1.6326337911275746	0.041201273475059
VUILD104MA2_150_15_6	VUILD104MA2	VUILD104	fold_2	macrophage_profibrotic	PF_ONLY	0.300919829017094	1.7775369535350694	1.9773751382777547	1.950799158665439	1.617321282538512	1.590444229949824	1.65837886754161	1.77754156924948	1.551316381931702	1.8394659856274735	1.6282765651819915	1.778827543711588	-1.649879329648345	0.05335006565564336
VUILD104MA2_150_17_1	VUILD104MA2	VUILD104	fold_2	macrophage_profibrotic	PF_ONLY	2.02584485943708	1.7775286119261897	2.0331117985321163	1.4503185025539531	1.5461630982597125	1.691128269233286	1.3548682758945558	1.7775313821202754	1.2748882472605647	2.0474649690095568	1.581202126592361	1.839163237552332	0.5755263568831268	-0.354587215468577
VUILD104MA2_150_17_19	VUILD104MA2	VUILD104	fold_2	macrophage_profibrotic	PF_ONLY	0.380924961998814	1.7775707805645178	1.4791506609267757	1.3733185970315418	1.022479343200977	1.0240794819265244	1.5106592753422283	1.7775819397186055	1.2566785415316395	0.99881070850605	1.4687126300815168	1.0441087829831468	-0.9923936350327278	-0.32032284747018763
VUILD104MA2_150_17_5	VUILD104MA2	VUILD104	fold_2	macrophage_profibrotic	PF_ONLY	0.624336954369003	1.777537982734707	0.9380739405469523	0.8725411638116073	1.7780610731357231	1.5605835008779443	1.6004101874317243	1.7775426171421265	1.2964923354550966	1.4603007883714842	1.5973519811834	1.6212272759921178	-0.24820420944260424	0.13201155929056013
VUILD104MA2_150_18_5	VUILD104MA2	VUILD104	fold_2	macrophage_profibrotic	PF_ONLY	0.4550028262346	1.7775396686855907	1.2296571309743451	0.9941239559717124	1.8094438210878832	1.64455681205833	1.8459838126201829	1.7775445454661811	1.5530818718181614	1.6784706782292453	1.781223829856721	1.8084919407983868	-0.5391211297371125	0.03538125722281052
VUILD104MA2_150_18_6	VUILD104MA2	VUILD104	fold_2	macrophage_profibrotic	PF_ONLY	0.323737895942965	1.7775420113877198	1.4631802651964816	1.4319504095588191	1.4171693092973512	1.4104054700879862	1.6613538668450762	1.777547354221644	1.272149924728411	1.454025239542652	1.527513003549589	1.3930543697384563	-1.1082125136158543	-0.05669987888598134
VUILD104MA2_150_3_7	VUILD104MA2	VUILD104	fold_2	macrophage_profibrotic	PF_ONLY	0.576665613311933	1.7775190648265968	1.2343585580253778	1.2319585221413236	1.5935413037031354	1.5026432227455115	1.5053137139358497	1.7775212381162873	1.3932924218298988	1.3610225846675246	1.472415285140527	1.4302456812522408	-0.6552929088293906	-0.04193362580821368
VUILD104MA2_150_3_8	VUILD104MA2	VUILD104	fold_2	macrophage_profibrotic	PF_ONLY	0.655507825374698	1.7775214075287262	1.4670008786392323	1.1932771079424964	1.5946111146637434	1.5200145775693454	1.696854749661008	1.77752404687175	1.2091526963465191	1.2397181500036913	1.3397121752743093	1.4299279873984294	-0.5377692825677984	0.06717338259031803
VUILD104MA2_150_4_18	VUILD104MA2	VUILD104	fold_2	macrophage_profibrotic	PF_ONLY	0.350653967099207	1.7775465205009031	1.3045556556269373	1.1916141267096552	1.272235418922297	1.1635495408593821	1.7020407855854836	1.7775540627504325	1.237690087702894	0.8287739924241264	1.5029623104947798	0.9190304908296383	-0.8409601596104481	-0.09664764596479679
VUILD104MA2_150_4_5	VUILD104MA2	VUILD104	fold_2	macrophage_profibrotic	PF_ONLY	0.556388513410865	1.7775160653732216	1.189469451518299	1.0885858189097317	1.5838333927637611	1.605520028229284	1.4282249124693305	1.7775175489294164	1.123243600495021	1.6531356078754946	1.2573625484089734	1.587210294652182	-0.5321973054988667	-0.021387097388726968
VUILD104MA2_150_4_6	VUILD104MA2	VUILD104	fold_2	macrophage_profibrotic	PF_ONLY	0.635606043314384	1.777518408075351	0.9915114978431819	1.024393582956171	1.3843660984831632	1.353937694250201	1.699289672141348	1.777520357684879	1.1075945718482645	1.2837198833563435	1.2722627363254504	1.3131220083849093	-0.388787539641787	-0.1648679465760372
VUILD104MA2_150_4_8	VUILD104MA2	VUILD104	fold_2	macrophage_profibrotic	PF_ONLY	1.0320196345752	1.7775230934796096	1.4153118285467865	1.4611438924974007	1.4316203407267638	1.4481802582409888	1.5919609405905302	1.7775259751958046	1.5671860956873116	1.3211245379641015	1.5727597673674778	1.2751174069494335	-0.42912425792220077	-0.042146377758095696
VUILD104MA2_150_5_18	VUILD104MA2	VUILD104	fold_2	macrophage_profibrotic	PF_ONLY	0.408787823180055	1.7775482064517865	1.1574690882068734	1.200783046948122	1.379663079576528	1.1998686059446688	1.9153660116756308	1.7775559910744871	1.1457197206632543	0.8731330630231071	1.456202542074488	1.07928410798782	-0.791995223768067	-0.1691921588701134
VUILD104MA2_150_5_3	VUILD104MA2	VUILD104	fold_2	macrophage_profibrotic	PF_ONLY	1.08363398956705	1.7775130659198464	1.8015636038831349	1.7754874367147901	2.0660532737821016	1.984790466750387	2.168574700464045	1.7775138597425453	1.9491271348641173	2.0702714312208403	1.9733527153281742	2.0922411288027014	-0.6918534471477402	-0.029123439225268916
VUILD104MA2_150_6_19	VUILD104MA2	VUILD104	fold_2	macrophage_profibrotic	PF_ONLY	0.232644411652794	1.7775522351047994	1.7194713507882387	2.0805126263432814	2.016177537985021	1.8374224315736694	1.8484473568076767	1.7775607281540045	1.6798551744078032	1.69280996101977	1.786482152364605	1.867952299340155	-1.8478682146904875	-0.020854081367158973
VUILD104MA2_150_6_3	VUILD104MA2	VUILD104	fold_2	macrophage_profibrotic	PF_ONLY	1.62885086883643	1.77751475187073	1.9017898419216814	1.9303780301304174	2.0253994865021334	1.939542362399159	2.027543687442983	1.7775157880666	1.9754735856968992	2.028540557414989	2.04275200375367	2.2160782070356806	-0.3015271612939874	-0.10378145729371438
VUILD104MA2_150_6_5	VUILD104MA2	VUILD104	fold_2	macrophage_profibrotic	PF_ONLY	0.72453876237465	1.7775194372749887	1.5782443462910007	1.391455315448466	1.8650404843797028	1.6768732933337778	1.7942491792228294	1.7775214055775255	1.7831030615864565	1.485738700027054	1.887251645280057	1.757203014839203	-0.6669165530738159	0.14651416991894683
VUILD104MA2_150_7_13	VUILD104MA2	VUILD104	fold_2	macrophage_profibrotic	PF_ONLY	1.9011678418879	1.7775398648429068	0.9936133117546281	0.8359709463224697	2.3312016854612434	1.982661077073286	1.7677569925457075	1.7775458039452825	1.8858752835051018	1.7636219762483767	2.3227672515164457	2.205062866339046	1.06519689556543	0.1022563682861168
VUILD104MA2_150_8_23	VUILD104MA2	VUILD104	fold_2	macrophage_profibrotic	PF_ONLY	1.9040331780331	1.7775649778150837	1.8449681825378255	2.0560350136319423	2.355341142053957	2.207409088778089	2.1811857841314475	1.7775758198239648	2.16067646693259	2.042420964344025	2.257697754242482	2.1066288196596425	-0.1520018355988424	-0.09549367058300384
VUILD104MA2_150_8_24	VUILD104MA2	VUILD104	fold_2	macrophage_profibrotic	PF_ONLY	2.89568439168345	1.7775673205172131	2.672367504502879	2.326894840047637	1.967703688505166	1.8330161577965616	2.5543990955748646	1.7775786285794277	1.905096338337653	1.4616011931903439	2.075844853520163	1.5083423400213831	0.5687895516358128	-0.34465488101298786
VUILD104MA2_150_9_13	VUILD104MA2	VUILD104	fold_2	macrophage_profibrotic	PF_ONLY	2.93022504025318	1.7775432367446737	2.5657583825665435	2.3968092428129877	2.7657996657020263	2.7323088713166612	2.0406122938082434	1.7775496605933916	2.564297591422848	2.497346452035977	2.447033327515846	2.576526985246347	0.5334157974401923	0.06677161218262014
VUILD104MA2_150_9_7	VUILD104MA2	VUILD104	fold_2	macrophage_profibrotic	PF_ONLY	1.14546737100329	1.7775291805318978	1.8379655976829545	1.80773474296678	1.3247356233199348	1.4825147161720595	1.472237415796517	1.777532808060615	1.4819309568201249	1.4758680603870835	1.4957623241037235	1.3836409641767538	-0.66226737196349	-0.06872482952796188
VUILD107MA_150_10_17	VUILD107MA	VUILD107	fold_2	macrophage_profibrotic	PF_ONLY	0.372075189203785	1.77754696404263	0.8138362519348442	1.0579735442711775	1.113298570699885	0.956820672247462	1.313547338555717	1.7775496320288877	1.252184295318895	1.0332812062362609	1.513782076218474	1.3388599607557192	-0.6858983550673925	-0.3507355853581525
VUILD107MA_150_10_23	VUILD107MA	VUILD107	fold_2	macrophage_profibrotic	PF_ONLY	1.96537354587026	1.7775591809344682	2.3835197726983073	2.363387608194417	2.2766144331503417	2.3118352210641273	2.1233936545528707	1.7775646452257998	2.3245559688135002	2.430758408572588	2.280032887654024	2.4270195431596258	-0.39801406232415704	-0.18601195999727957
VUILD107MA_150_11_19	VUILD107MA	VUILD107	fold_2	macrophage_profibrotic	PF_ONLY	2.79582514023818	1.7775525351693284	2.015473835193281	1.9127150968797135	1.9831043120792105	1.9670835519511525	2.0970965088824176	1.777556377633364	2.274042945922756	2.0025173634506857	2.306633304055987	2.1066691412204226	0.8831100433584664	-0.08799618869652984
VUILD107MA_150_11_21	VUILD107MA	VUILD107	fold_2	macrophage_profibrotic	PF_ONLY	2.86978516004764	1.7775566074666078	2.343743982172093	2.166923623806722	2.379820359077277	2.3945758407221787	2.3564333551854935	1.7775613820323348	2.476807468953272	2.40532730054406	2.440713958927579	2.331025431829251	0.7028615362409179	0.06858109082999327
VUILD107MA_150_11_22	VUILD107MA	VUILD107	fold_2	macrophage_profibrotic	PF_ONLY	2.84898095307171	1.7775586436152475	2.420142974525761	2.3490400366723927	2.666390455213915	2.619797404225594	2.274610656671926	1.7775638842318202	2.310726709643087	2.4771767776067852	2.350692161046186	2.443388668729251	0.49994091639931737	0.07868442744918248
VUILD107MA_150_11_23	VUILD107MA	VUILD107	fold_2	macrophage_profibrotic	PF_ONLY	1.64088427820341	1.7775606797638872	1.6821781408670324	1.3123928083013676	1.577274090195085	1.5981063552557038	2.15709460519078	1.7775663864313056	1.7484075370082581	1.0542620405833696	1.9527775487922576	1.1262565560818918	0.3284914699020425	-0.16824719947704136
VUILD107MA_150_12_20	VUILD107MA	VUILD107	fold_2	macrophage_profibrotic	PF_ONLY	2.75252780551574	1.7775560701473871	1.9698449563816405	1.9518364531040266	2.3021882435991454	2.193352308385966	1.8995160895993062	1.7775606210383552	2.314889029738434	2.4410689263859804	2.3378962090191147	2.6337327486635824	0.8006913524117134	-0.001425288207865541
VUILD107MA_150_12_23	VUILD107MA	VUILD107	fold_2	macrophage_profibrotic	PF_ONLY	2.18019423580418	1.7775621785933065	1.6342618781875347	1.6845793676324103	1.822939503912127	1.88280165644651	2.3398665636141986	1.7775681276368114	2.100549790843381	1.629596149369337	2.043368356202798	1.6365446791205407	0.4956148681717696	-0.21951211007893806
VUILD107MA_150_13_11	VUILD107MA	VUILD107	fold_2	macrophage_profibrotic	PF_ONLY	2.50059564808253	1.7775392436390491	1.7719689984825477	1.3673726382694338	1.541056644197401	1.5446081392228783	1.908974765540001	1.7775398424484927	1.605557589635189	1.5465732448624965	1.6538862444334543	1.601792223526695	1.1332230098130962	-0.3571475507069467
VUILD107MA_150_13_17	VUILD107MA	VUILD107	fold_2	macrophage_profibrotic	PF_ONLY	1.44603547313796	1.7775514605308873	1.5551206256803092	1.629725619308922	1.4215939368724624	1.4048709587448307	1.771432701005926	1.7775548556454048	1.6256468975409502	1.4119847283968645	1.7012046717125298	1.3949003914359035	-0.1836901461709619	-0.2857661879172236
VUILD107MA_150_13_18	VUILD107MA	VUILD107	fold_2	macrophage_profibrotic	PF_ONLY	1.01118962594656	1.777553496679527	1.4141377442377758	1.0601582618585126	1.2386730059805693	1.1981520891902817	1.6000533579366012	1.7775573578448902	1.489182287160712	0.8555527143962913	1.6687064390978732	0.9902402701715687	-0.04896863591195255	-0.38455712921541324
VUILD107MA_150_13_19	VUILD107MA	VUILD107	fold_2	macrophage_profibrotic	PF_ONLY	1.83834575553379	1.7775555328281667	0.8226034931590107	1.0446706774019372	1.335873369333446	1.3077391624529726	1.6728500125353525	1.7775598600443756	1.8155704827512356	0.9599200906819498	1.823434032448699	1.002055746277978	0.7936750781318529	-0.3111241740095336
VUILD107MA_150_13_20	VUILD107MA	VUILD107	fold_2	macrophage_profibrotic	PF_ONLY	3.06514621694225	1.7775575689768064	2.8046220457298614	2.4365862410748624	3.2035690266183456	3.0551854408777377	1.9385765787108564	1.777562362243861	2.9811321910200546	3.0825693964298786	2.8311173066205084	3.2994852621095125	0.6285599758673874	0.22632981692728654
VUILD107MA_150_13_23	VUILD107MA	VUILD107	fold_2	macrophage_profibrotic	PF_ONLY	2.92028068776587	1.7775636774227255	2.3846288237715516	2.1353258361463765	2.2200771577936003	2.2185660345741036	2.487050028885797	1.777569868842317	2.298711910004454	2.1818844048296406	2.387841616470249	2.237840089134084	0.7849548516194935	-0.10767763988635666
VUILD107MA_150_13_9	VUILD107MA	VUILD107	fold_2	macrophage_profibrotic	PF_ONLY	2.84462018723673	1.7775351713417697	1.68413448376547	1.7320596838412088	2.06281053005437	2.0669976652769604	1.801372825257166	1.777534838049522	2.0285250783511652	1.989699184869866	1.955584812282237	1.9878991225957847	1.1125605033955213	0.06066824705783681
VUILD107MA_150_14_10	VUILD107MA	VUILD107	fold_2	macrophage_profibrotic	PF_ONLY	1.68339149874772	1.7775387063198285	1.2692074573117667	1.2609572047955415	1.9349298931734809	1.9457543960146622	1.9605937035628036	1.7775390814545131	1.8223120192968494	1.8246704001618843	1.987390277823772	1.9351549149599536	0.4224342939521786	-0.02000304298736394
VUILD107MA_150_14_15	VUILD107MA	VUILD107	fold_2	macrophage_profibrotic	PF_ONLY	2.156247709227	1.777548887063027	2.3128083496961054	1.8931608051974043	2.197492874784653	2.218388457364688	1.9608873010577543	1.7775515924519398	2.186213249838265	2.1918919979685705	2.096772459221018	2.2594203364383105	0.26308690402959556	-0.009232443710361415
VUILD107MA_150_14_16	VUILD107MA	VUILD107	fold_2	macrophage_profibrotic	PF_ONLY	2.09266029369447	1.7775509232116666	1.0748748628092444	1.2656494850002096	1.4044659623451143	1.4491803249452817	1.6404939102548288	1.7775540946514252	1.6001218594239093	1.3850391325679348	1.7411129618502887	1.3636062545330425	0.8270108086942605	-0.2508271358921754
VUILD107MA_150_14_17	VUILD107MA	VUILD107	fold_2	macrophage_profibrotic	PF_ONLY	1.83626904028542	1.7775529593603063	1.382702182064053	1.2345882567525681	1.4874728261727448	1.4457910034208639	1.6793111604747466	1.7775565968509106	1.6434225606566293	1.22161299838637	1.7425868184994717	1.2929371268025753	0.6016807835328519	-0.25592423731734054
VUILD107MA_150_14_18	VUILD107MA	VUILD107	fold_2	macrophage_profibrotic	PF_ONLY	1.19488276512413	1.777554995508946	1.0373131765294905	0.99261461722342	0.9918483576671114	0.9386924021616438	1.605031364557731	1.777559099050396	1.2784121637584143	0.669108303348463	1.429627334864674	0.822752987647913	0.20226814790071002	-0.39728306056577284
VUILD107MA_150_14_21	VUILD107MA	VUILD107	fold_2	macrophage_profibrotic	PF_ONLY	1.29653188109889	1.777561103954865	1.024146914590498	1.118675796334566	1.501030381319759	1.387784605888458	1.5891847393400134	1.777566605648852	1.4089103186846308	1.331409754279921	1.387646483564823	1.5577671990612474	0.17785608476432402	-0.2516343220590779
VUILD107MA_150_14_5	VUILD107MA	VUILD107	fold_2	macrophage_profibrotic	PF_ONLY	1.21775645553514	1.77752852557663	1.593157021565514	1.3922871106779104	1.3067549814369588	1.3385588584221078	1.982145408539333	1.7775265704570864	1.6337624056566098	1.236786413210973	1.7470289626542646	1.2621736360740807	-0.17453065514277055	-0.2730870277937213
VUILD107MA_150_14_8	VUILD107MA	VUILD107	fold_2	macrophage_profibrotic	PF_ONLY	1.20750635852142	1.777534634022549	1.343185029327092	1.348323592103876	1.4216405835424943	1.4809583562662365	1.745892706915111	1.7775340770555423	1.6569598158134304	1.531909840071595	1.7093113122590455	1.5054039817631881	-0.14081723358245601	-0.1175177385194753
VUILD107MA_150_14_9	VUILD107MA	VUILD107	fold_2	macrophage_profibrotic	PF_ONLY	2.88906908376918	1.7775366701711888	2.7694020690371026	2.506481775321157	2.4577692160859868	2.4547760202876514	1.846944453681982	1.7775365792550277	2.3896038641423836	2.543706825355691	2.2568904854006884	2.582234609801813	0.38258730844802313	-0.08629375199408729
VUILD107MA_150_15_1	VUILD107MA	VUILD107	fold_2	macrophage_profibrotic	PF_ONLY	0.185743897645179	1.7775218798114905	1.4821981767326338	1.4305740282217196	1.2592750192069104	1.2994195723605395	1.7877381601208813	1.7775183028646506	1.5425284230356275	1.3516161423689455	1.5480210362167233	1.3403951330155683	-1.2448301305765406	-0.2184132594798786
VUILD107MA_150_15_10	VUILD107MA	VUILD107	fold_2	macrophage_profibrotic	PF_ONLY	2.03035120615527	1.7775402051492477	1.0195269699940368	1.1278253619778627	1.7100460566630507	1.6241932438351472	1.9045770333598675	1.777540822660019	1.7108228839387511	1.3117373068889777	1.9599923524240261	1.4151377294410823	0.9025258441774076	-0.18949659928003326
VUILD107MA_150_15_15	VUILD107MA	VUILD107	fold_2	macrophage_profibrotic	PF_ONLY	2.54115973047563	1.7775503858924462	1.533032706393564	1.6785596091421504	1.9482697433800296	1.982339437052711	1.8391787703765459	1.7775533336574456	1.9792646406772905	1.9621974943496985	2.0048799788648135	1.9612432250151892	0.8626001213334797	-0.04293635382473251
VUILD107MA_150_15_16	VUILD107MA	VUILD107	fold_2	macrophage_profibrotic	PF_ONLY	3.34290088503067	1.7775524220410859	2.635775747370902	2.3422404497293474	2.417359308661383	2.32159069954306	1.8185053745379582	1.777555835856931	2.1039795393118887	2.1792020557051526	2.0498816565896427	2.1855547594457745	1.0006604353013224	-0.08722870962293605
VUILD107MA_150_15_17	VUILD107MA	VUILD107	fold_2	macrophage_profibrotic	PF_ONLY	1.13554121225493	1.7775544581897256	1.1042764753374599	1.112753525251157	1.1155498670362056	1.040719733994801	1.5975965203166191	1.7775583380564164	0.9801926493903508	0.8915312313461274	1.2065340131896778	0.9400775055866214	0.022787687003773094	-0.3343822289111666
VUILD107MA_150_15_19	VUILD107MA	VUILD107	fold_2	macrophage_profibrotic	PF_ONLY	2.94479331681207	1.777558530487005	1.4203833584642147	1.3704376653300097	1.7153709397620749	1.688775882550184	1.6074276661035076	1.7775633424553872	1.787106716373834	1.5346406740178336	1.819284999643236	1.611253840443938	1.5743556514820605	-0.05462409009892952
VUILD107MA_150_15_20	VUILD107MA	VUILD107	fold_2	macrophage_profibrotic	PF_ONLY	2.70018850548517	1.7775605666356447	2.48238607027162	2.3476181027559027	2.397731112957884	2.456008467737411	2.041904976214295	1.7775658446548723	2.6405427879686174	2.7448617287550316	2.532680293976331	2.770092103135305	0.3525704027292673	0.022958446744900454
VUILD107MA_150_15_3	VUILD107MA	VUILD107	fold_2	macrophage_profibrotic	PF_ONLY	1.10029052537626	1.7775259521087698	1.4640145396094197	1.3381101159636282	1.532562530333758	1.4524764006190929	1.942013329370193	1.7775233072636214	1.538708789514243	1.4320691908597871	1.5912747058338357	1.591486617463429	-0.23781959058736812	-0.25484799689460197
VUILD107MA_150_15_6	VUILD107MA	VUILD107	fold_2	macrophage_profibrotic	PF_ONLY	1.38729922181221	1.777532060554689	1.185722807107793	1.1322549461095148	1.2401000643643225	1.2561913596652565	1.7267771077117788	1.7775308138620773	1.3188815371473934	1.080937739755644	1.354591333388671	1.0536912624634698	0.25504427570269517	-0.3587394367943236
VUILD107MA_150_15_7	VUILD107MA	VUILD107	fold_2	macrophage_profibrotic	PF_ONLY	2.03438079110454	1.7775340967033286	1.528112338361974	1.4330614723580584	1.8310238622403179	1.7798063414553134	1.803794030526169	1.7775333160615627	2.0229681866018807	1.8474653926747504	2.036777280715037	1.912391118401065	0.6013193187464818	-0.04048970700364002
VUILD107MA_150_15_8	VUILD107MA	VUILD107	fold_2	macrophage_profibrotic	PF_ONLY	1.97752887859305	1.7775361328519683	1.7601327906335846	1.6566553033136697	2.071932708891408	2.038290371496974	1.8763438916702062	1.7775358182610481	2.2126874852775904	2.071471871620809	2.181955710811656	2.1922456949704747	0.3208735752793803	0.05637892327894399
VUILD107MA_150_15_9	VUILD107MA	VUILD107	fold_2	macrophage_profibrotic	PF_ONLY	2.35650766299408	1.777538169000608	2.487945431128682	2.352641414328713	2.3254200122040727	2.276645987391473	1.9677009494659485	1.7775383204605335	2.3311574330908025	2.2956553960719206	2.1948620706203332	2.415461552703762	0.0038662486653673334	-0.1824788734903583
VUILD107MA_150_16_10	VUILD107MA	VUILD107	fold_2	macrophage_profibrotic	PF_ONLY	2.700402112648	1.7775417039786667	2.4546792261417303	2.186652430889788	2.494634228308611	2.3328284392752554	1.9935227077192614	1.7775425638655247	2.5022678579889597	2.4402869555141415	2.438267058705444	2.5991345394108443	0.5137496817582119	-0.1363060579950494
VUILD107MA_150_16_15	VUILD107MA	VUILD107	fold_2	macrophage_profibrotic	PF_ONLY	1.82694311081079	1.7775518847218652	2.0527098651462437	1.7704526253392912	1.532215157506139	1.5686718010126146	1.6995771548142262	1.7775550748629514	1.593273259616367	1.497322001417311	1.5269725718399998	1.5084543185950414	0.05649048547149893	-0.19322622845109683
VUILD107MA_150_16_16	VUILD107MA	VUILD107	fold_2	macrophage_profibrotic	PF_ONLY	0.241323027687455	1.777553920870505	0.7365934787683386	0.8196650672508435	0.9221683701690112	0.8678853789792017	1.8284743529383212	1.7775575770624368	1.2406497119147253	0.9125785340815125	1.352768695462451	1.0473632508448936	-0.5783420395633885	-0.46079648168245285
VUILD107MA_150_16_17	VUILD107MA	VUILD107	fold_2	macrophage_profibrotic	PF_ONLY	0.489197671202293	1.7775559570191446	0.9579282820031573	0.924390803099604	0.7586039644294302	0.7295677978117776	1.48664498419399	1.7775600792619222	0.9582016637075751	0.7669476185619275	1.0420823906959495	0.7827436020808857	-0.43519313189731096	-0.44873115652800677
VUILD107MA_150_16_19	VUILD107MA	VUILD107	fold_2	macrophage_profibrotic	PF_ONLY	2.47239734134663	1.777560029316424	2.1030324906388147	1.9568187548827107	2.149280220183813	2.043518104432918	1.95627338232388	1.7775650836608927	2.114518685434009	1.9588939291028231	2.254070207097107	2.150307346462296	0.5155785864639193	-0.06389299065738041
VUILD107MA_150_16_4	VUILD107MA	VUILD107	fold_2	macrophage_profibrotic	PF_ONLY	2.67653999984603	1.7775294870868286	1.8949112741119476	1.758401221703097	2.3798132862757826	2.2880769560791268	2.13617512657454	1.7775275506686123	2.4427628072000838	2.3389269209004073	2.4854975486925226	2.5185567167870437	0.9181387781429329	0.13282040060225686
VUILD107MA_150_16_5	VUILD107MA	VUILD107	fold_2	macrophage_profibrotic	PF_ONLY	2.25080943191271	1.7775315232354683	1.008549602629265	1.1177053586794417	1.0477583321878068	1.04645400472095	1.721509230793885	1.7775300528680977	1.1955146906982292	1.0678155621438352	1.359427447919946	1.0959914481469686	1.1331040732332682	-0.4777961752831896
VUILD107MA_150_16_6	VUILD107MA	VUILD107	fold_2	macrophage_profibrotic	PF_ONLY	2.86514464307331	1.777533559384108	2.90198516073755	2.6985285796336878	2.090945863123198	2.110001180970899	1.8813160638508462	1.7775325550675831	2.141092357501873	2.3073156204327083	2.0282127273916095	2.2166943804147325	0.16661606343962232	-0.370743945321001
VUILD107MA_150_16_7	VUILD107MA	VUILD107	fold_2	macrophage_profibrotic	PF_ONLY	3.21891229597106	1.7775355955327476	2.2488915891844274	2.103675908783296	2.261321692223377	2.2095010576049177	1.8657381122170154	1.7775350572670685	2.3221016812978514	2.300812872175105	2.289481093694719	2.4141817861384154	1.115236387187764	-0.21929110834822113
VUILD107MA_150_17_10	VUILD107MA	VUILD107	fold_2	macrophage_profibrotic	PF_ONLY	2.1849850370518	1.777543202808086	2.0098322207245447	1.9789565767007278	2.3406276194503017	2.3019329340982306	2.1201907237976223	1.7775443050710302	2.173965091004822	2.3075509988107967	2.2034018001757714	2.421877117265133	0.20602846035107225	0.13925393956624377
VUILD107MA_150_17_11	VUILD107MA	VUILD107	fold_2	macrophage_profibrotic	PF_ONLY	3.33769797054723	1.7775452389567257	1.997149298082304	1.8569560103091907	2.1036537579151102	2.0432328692287083	2.016154732918887	1.7775468072705156	2.0001735737099646	2.4286900929244446	2.149329376618731	2.649528242029068	1.4807419602380394	-0.07848863310726273
VUILD107MA_150_17_15	VUILD107MA	VUILD107	fold_2	macrophage_profibrotic	PF_ONLY	1.64605550115799	1.7775533835512844	1.2050387189876421	1.181528254315042	1.6265206200087348	1.5040592564596074	1.7046832988423608	1.7775568160684572	1.5300529061462589	1.7030420583918364	1.6618992062282056	1.9152367951575702	0.464527246842948	-0.10312596718821197
VUILD107MA_150_17_16	VUILD107MA	VUILD107	fold_2	macrophage_profibrotic	PF_ONLY	1.98703833587364	1.7775554196999241	1.593616034156777	1.48070046955089	1.8231395964477082	1.7600623597313625	1.6493966586456479	1.7775593182679426	1.7176931748690523	2.027517693220028	1.748771055240514	2.080380144898938	0.50633786632275	-0.04306015556980691
VUILD107MA_150_17_17	VUILD107MA	VUILD107	fold_2	macrophage_profibrotic	PF_ONLY	0.243591090270337	1.7775574558485638	0.9469174672234395	1.0238531256110042	0.8286603652163766	0.8394261072850902	1.330358937419167	1.777561820467428	0.7722506449075786	0.8708743115296494	0.8770679397781134	0.7723767807466939	-0.7802620353406672	-0.47504935876906074
VUILD107MA_150_17_18	VUILD107MA	VUILD107	fold_2	macrophage_profibrotic	PF_ONLY	1.26644395747132	1.7775594919972035	1.3436315287185308	1.3479392952924458	1.496999604146568	1.4541485178435034	1.4594719204936968	1.777564322666913	1.1169413888742956	1.296923884878896	1.2768092767080639	1.2640558803660378	-0.08149533782112584	-0.2508399792748501
VUILD107MA_150_17_19	VUILD107MA	VUILD107	fold_2	macrophage_profibrotic	PF_ONLY	2.33647516044773	1.7775615281458432	2.1265841675252273	2.12209553558873	2.278667270266333	2.206608696775037	2.045645420281049	1.7775668248663985	2.400897041676144	2.2066059020703985	2.4025192567077185	2.284808113181452	0.21437962485899975	-0.09940066094849506
VUILD107MA_150_17_5	VUILD107MA	VUILD107	fold_2	macrophage_profibrotic	PF_ONLY	2.69471800230338	1.7775330220648875	2.269097114743116	2.2296006307602223	2.5943048947918816	2.525777843141177	1.9725606045991029	1.7775317940736035	2.2931773635844497	2.8540324673844206	2.2361077097768343	2.9654375806605913	0.4651173715431578	-0.03197334331535416
VUILD107MA_150_17_6	VUILD107MA	VUILD107	fold_2	macrophage_profibrotic	PF_ONLY	2.67313072370757	1.7775350582135272	2.049977338823603	1.8505073313199436	2.3426172621477166	2.2199230056831056	2.0676150614304696	1.777534296273089	2.4083552639046166	2.419536838898625	2.497280957075538	2.628505631317098	0.8226233923876263	-0.08074276089562898
VUILD107MA_150_17_7	VUILD107MA	VUILD107	fold_2	macrophage_profibrotic	PF_ONLY	2.06169929772751	1.777537094362167	1.1277995456893501	1.1078320058298639	1.6696578178711445	1.5722726555194986	1.8081293706837835	1.7775367984725743	1.8100977185390268	1.2972071632945645	1.9539552345564226	1.5401894778175929	0.9538672918976463	-0.13531326287044673
VUILD107MA_150_17_9	VUILD107MA	VUILD107	fold_2	macrophage_profibrotic	PF_ONLY	2.63725415232214	1.7775411666594463	1.9033114222245315	1.9413824220540505	2.272672165981214	2.32440154490474	2.0279712452808165	1.777541802871545	2.3078217470533846	2.5778273375877787	2.324871931278699	2.5819133897363664	0.6958717302680897	0.11349265414598696
VUILD107MA_150_18_10	VUILD107MA	VUILD107	fold_2	macrophage_profibrotic	PF_ONLY	1.42521875006184	1.777544701637505	1.5189840244503985	1.4562883620084321	1.7068646355570312	1.6134558206233638	1.8206770659103255	1.777546046276536	1.693390193693571	1.6839018763294586	1.7938726590297125	1.8349426398953497	-0.03106961194659208	-0.16707340919715638
VUILD107MA_150_18_11	VUILD107MA	VUILD107	fold_2	macrophage_profibrotic	PF_ONLY	3.01318524378283	1.7775467377861447	2.472732115311105	2.283151195593561	2.418613062835178	2.3839923632230575	1.9623167353909177	1.7775485484760214	2.2034044531370274	2.5169788893822487	2.225333514127099	2.6583624906308567	0.7300340481892689	0.12412813740919516
VUILD107MA_150_18_12	VUILD107MA	VUILD107	fold_2	macrophage_profibrotic	PF_ONLY	2.73275055552574	1.7775487739347844	1.8727869874572922	2.0263583014951267	2.3021054023678715	2.165445875919044	1.96866103178218	1.7775510506755068	2.110943315444357	1.924238400499068	2.1709778365408705	2.148928601591532	0.7063922540306131	-0.0018396953469867056
VUILD107MA_150_18_15	VUILD107MA	VUILD107	fold_2	macrophage_profibrotic	PF_ONLY	1.4987962119087	1.7775548823807035	1.5741305926843414	1.6525333522899728	1.7773729967008578	1.6918514744340345	1.7518193914624627	1.777558557273963	1.8641617952908762	1.6650398194434	1.8794365182740425	1.8018718763057027	-0.15373714038127284	-0.10868485063497875
VUILD107MA_150_18_16	VUILD107MA	VUILD107	fold_2	macrophage_profibrotic	PF_ONLY	0.672679325397065	1.7775569185293432	1.651446105664139	1.5773780251500886	1.7445243805562483	1.7409891924684038	1.7140730615358488	1.7775610594734483	1.901224529410485	1.5483933028078085	1.9102364427076082	1.614743699486951	-0.9046986997530236	-0.032706546088369745
VUILD107MA_150_18_17	VUILD107MA	VUILD107	fold_2	macrophage_profibrotic	PF_ONLY	1.55951151421692	1.7775589546779829	1.4765779479208776	1.4996292201173724	1.896491906791561	1.8799701161562723	1.6470176319957426	1.7775635616729335	1.7982773354982156	1.9244688658631863	1.8219855053590452	1.9795182762287218	0.059882294099547595	0.010746720275073493
VUILD107MA_150_18_18	VUILD107MA	VUILD107	fold_2	macrophage_profibrotic	PF_ONLY	1.97030715301984	1.7775609908266226	2.7691070862822644	2.767358568488782	2.407245269295548	2.4343484356681158	1.9399632432920784	1.7775660638724189	2.7314746711461786	2.9616065846235955	2.5338676674067906	2.9764522752893354	-0.7970514154689421	-0.16763329363999366
VUILD107MA_150_18_3	VUILD107MA	VUILD107	fold_2	macrophage_profibrotic	PF_ONLY	2.09002263578859	1.7775304485970271	2.2409502588898835	2.1232427012277144	2.0362264367013188	2.086777284923305	2.216461586338035	1.7775285308801385	2.2831307570357318	2.0482075116088048	2.3170506343604953	2.0179673002019234	-0.03322006543912437	-0.1267461334900512
VUILD107MA_150_18_5	VUILD107MA	VUILD107	fold_2	macrophage_profibrotic	PF_ONLY	2.93016533118608	1.7775345208943065	1.93879071167507	1.9457353712131569	2.2139011339635744	2.1799853596498995	2.257524197025086	1.7775335352791093	2.2495273436662724	2.0601479256541566	2.2438420957346503	2.1914506582472058	0.9844299599729232	-0.05207176808073236
VUILD107MA_150_18_7	VUILD107MA	VUILD107	fold_2	macrophage_profibrotic	PF_ONLY	2.87994385266162	1.777538593191586	1.5410221869518215	1.3950391193605929	1.72883268236952	1.5932025062150883	1.9974318698325548	1.77753853967808	1.905435908237582	1.5979983623277938	2.023662492943661	1.8359659044430596	1.484904733301027	-0.16196017361856108
VUILD107MA_150_18_8	VUILD107MA	VUILD107	fold_2	macrophage_profibrotic	PF_ONLY	2.72371252896417	1.7775406293402256	1.6793292469294931	1.6982446137995193	2.0340833038707755	2.032371265463607	1.9559960412738016	1.7775410418775655	2.2490407489295996	2.0118239819478734	2.1719280831813648	2.101502941734341	1.0254679151646509	0.0599334020669814
VUILD107MA_150_18_9	VUILD107MA	VUILD107	fold_2	macrophage_profibrotic	PF_ONLY	2.03043587405893	1.7775426654888653	2.3978391600472593	2.024657694706787	2.3089391676053963	2.2050614668159336	1.918696178233499	1.7775435440770506	2.2462915469818947	2.4156965241497517	2.2538983924186367	2.5904849296475243	0.005778179352142754	-0.0046099007646902695
VUILD107MA_150_19_11	VUILD107MA	VUILD107	fold_2	macrophage_profibrotic	PF_ONLY	0.496359072321926	1.7775482366155637	1.4038561210195615	1.310418616481355	1.5085031445608168	1.4694202463738597	1.952674450073691	1.7775502896815272	1.6486441295956173	1.4178510495006367	1.8046626929523464	1.5985980218202438	-0.8140595441594289	-0.14626487073966388
VUILD107MA_150_19_12	VUILD107MA	VUILD107	fold_2	macrophage_profibrotic	PF_ONLY	2.07494130488549	1.7775502727642034	1.5815155242899563	1.580977871985209	1.9098010720461507	1.8349288752619584	1.8920487957373793	1.7775527918810126	1.8655808007032841	1.9423402269318861	1.949414654478084	2.1383176848714585	0.4939634329002811	-0.08320160096676854
VUILD107MA_150_19_17	VUILD107MA	VUILD107	fold_2	macrophage_profibrotic	PF_ONLY	2.28638893121503	1.7775604535074019	2.270813204763858	2.1817049482423068	2.1806362576465173	2.195029547239125	1.920942323367261	1.7775653028784393	2.1898809493293196	2.1078433693594296	2.1856845806759098	2.109611778034363	0.1046839829727233	-0.037765275243385465
VUILD107MA_150_19_3	VUILD107MA	VUILD107	fold_2	macrophage_profibrotic	PF_ONLY	1.7982759158893	1.7775319474264462	2.3519077142728477	2.4457790014600556	2.301950799263304	2.2709469625644347	2.2142975930035163	1.7775302720856443	2.3525069626128228	2.349793248827097	2.3043454964400234	2.3522069556863796	-0.6475030855707555	0.01618247355004604
VUILD107MA_150_19_5	VUILD107MA	VUILD107	fold_2	macrophage_profibrotic	PF_ONLY	3.02849395870035	1.7775360197237255	2.588995561149957	2.502883359027595	2.0958789565413007	2.1842571146986267	2.290431171814664	1.777535276484615	2.3997002018884888	2.35496320090387	2.3258103613854963	2.229341848619794	0.5256105996727549	-0.06965558634035181
VUILD107MA_150_19_6	VUILD107MA	VUILD107	fold_2	macrophage_profibrotic	PF_ONLY	3.05290450205307	1.7775380558723652	2.563121821483881	2.4721271356344627	2.6212176640767715	2.5785877411875835	2.150859737798907	1.7775377786841005	2.584808852497029	2.43969031886318	2.533098144631478	2.4018209793449854	0.5807773664186073	0.06286167071421968
VUILD107MA_150_19_7	VUILD107MA	VUILD107	fold_2	macrophage_profibrotic	PF_ONLY	1.92598860228937	1.777540092021005	1.647414364070298	1.617464016807569	1.9725468198824256	1.8448516285257632	2.0037470705383025	1.7775402808835858	2.1603562483458085	1.7450166855099871	2.259995632383186	1.9086853201905971	0.30852458548180106	-0.2326921737387333
VUILD107MA_150_19_8	VUILD107MA	VUILD107	fold_2	macrophage_profibrotic	PF_ONLY	3.62302232530937	1.7775421281696446	2.4714675447569943	2.3331734060349008	2.6488014109165174	2.58662227050164	1.9073755894579008	1.777542783083071	2.618825625767193	2.7650558871840842	2.5277680244447835	2.983593668242506	1.289848919274469	0.11350257466948892
VUILD107MA_150_20_11	VUILD107MA	VUILD107	fold_2	macrophage_profibrotic	PF_ONLY	1.70392111330703	1.777549735444983	1.5961364409599221	1.6104527200346657	1.9007947950869055	1.7987722192841895	1.8711421814824392	1.777552030887033	1.6645870522008213	1.5954091796978047	1.7051775473336857	1.6816637850855918	0.09346839327236434	-0.12296849303975198
VUILD107MA_150_20_12	VUILD107MA	VUILD107	fold_2	macrophage_profibrotic	PF_ONLY	2.02164883546765	1.7775517715936227	1.9377847240194852	1.7152493879790267	1.9805161803458273	1.8999527757953292	1.9959041110862508	1.7775545330865183	2.1517597302221887	1.7736454478579704	2.161021800068742	1.9899130965597127	0.30639944748862336	-0.16783089477873386
VUILD107MA_150_20_13	VUILD107MA	VUILD107	fold_2	macrophage_profibrotic	PF_ONLY	1.76967429422007	1.7775538077422623	1.5852101992484182	1.6685443434320357	1.627669874912426	1.6167483719836924	1.8476426662769474	1.7775570352860037	1.91427960045569	1.8161210702989796	2.0009943040174982	1.9377548465882346	0.10112995078803433	-0.19450981114002414
VUILD107MA_150_20_15	VUILD107MA	VUILD107	fold_2	macrophage_profibrotic	PF_ONLY	1.23753091011006	1.7775578800395417	0.7733089231883195	0.783102911666674	1.1315264944199526	1.049676604282315	1.6535487495898342	1.7775620396849743	1.245369563823088	1.0854494284195693	1.4281621879622417	1.179228293729191	0.454427998443386	-0.3468845927236961
VUILD107MA_150_20_16	VUILD107MA	VUILD107	fold_2	macrophage_profibrotic	PF_ONLY	1.18148830627154	1.7775599161881814	1.6264224891209478	1.584782029701625	1.6829172419246057	1.637356314410192	1.8627858313859535	1.7775645418844597	2.0916039682211203	1.7586126710434455	2.156361010391484	1.912655845647656	-0.40329372343008507	-0.16517884062507115
VUILD107MA_150_20_17	VUILD107MA	VUILD107	fold_2	macrophage_profibrotic	PF_ONLY	2.19621969719414	1.7775619523368211	1.7372299727066263	1.8472843066745155	2.02790575604689	2.0425810284976738	2.0368866578027367	1.777567044083945	2.176985205745897	2.153473005496873	2.1720621793596795	2.157436374132134	0.3489353905196244	-0.1305421153912415
VUILD107MA_150_20_18	VUILD107MA	VUILD107	fold_2	macrophage_profibrotic	PF_ONLY	2.94401939985113	1.7775639884854608	3.2622861676546813	3.2635686353941704	3.102587458508986	3.1057668783137062	1.8906744220542264	1.7775695462834304	3.022175008926421	3.0799846571022376	2.7603766911885925	3.0682383237482878	-0.3195492355430405	0.11285907641683114
VUILD107MA_150_20_19	VUILD107MA	VUILD107	fold_2	macrophage_profibrotic	PF_ONLY	1.82843398713732	1.7775660246341005	1.519310024009346	1.4947642443744171	2.1470558723537785	2.1002077759080846	1.838768208363559	1.7775720484829158	2.0938729710458053	1.6394662958848283	2.1346350235243685	1.7154795187726428	0.33366974276290295	0.14125545192674588
VUILD107MA_150_20_4	VUILD107MA	VUILD107	fold_2	macrophage_profibrotic	PF_ONLY	3.03175857622329	1.777535482404505	2.662316286798445	2.635393263721249	2.26186177022109	2.3067089588047134	2.1664296661129496	1.7775345154906355	2.081838728068627	2.679838231856037	2.0073053637379754	2.5405140635249253	0.396365312502041	-0.11796186651450498
VUILD107MA_150_20_6	VUILD107MA	VUILD107	fold_2	macrophage_profibrotic	PF_ONLY	2.91095359311581	1.7775395547017845	1.7266122807412703	1.7322459108865773	2.1366730485957666	2.108113626083248	1.8753320844368864	1.7775395198896062	1.922115188544356	2.0932621039337898	2.0175897502137285	2.080441510301889	1.1787076822292326	0.06345951734086662
VUILD107MA_150_20_7	VUILD107MA	VUILD107	fold_2	macrophage_profibrotic	PF_ONLY	1.72360494319967	1.7775415908504242	1.2768758068612973	1.3325295755237456	1.5970121331171627	1.5196045844230535	1.736484667302058	1.7775420220890914	1.5201476656681108	1.3624144373475682	1.6466957914928861	1.470336232029499	0.39107536767592443	-0.19306137684469732
VUILD107MA_150_21_12	VUILD107MA	VUILD107	fold_2	macrophage_profibrotic	PF_ONLY	1.510130660937	1.7775532704230417	1.5667170934151298	1.5975221986312826	1.8128105143412185	1.77073925758427	1.8308889164378055	1.7775562742920241	1.6597929005229903	1.6584262927335862	1.665678327734599	1.7204875076882054	-0.08739153769428265	-0.0943870396790007
VUILD107MA_150_21_13	VUILD107MA	VUILD107	fold_2	macrophage_profibrotic	PF_ONLY	2.31454029481949	1.7775553065716814	1.5997955029659194	1.6745019486319686	1.7037180749789977	1.7073642388671653	1.932033993067074	1.7775587764915095	1.9757626617230548	1.7955372950511574	1.9457968178899334	1.7699649265659614	0.6400383461875216	-0.05110737946668881
VUILD107MA_150_21_16	VUILD107MA	VUILD107	fold_2	macrophage_profibrotic	PF_ONLY	3.11214989083451	1.7775614150176005	2.7390347792487466	2.6615303782888367	2.2811894178843004	2.3732975093786117	2.0693408038428247	1.7775662830899654	2.1583526646727034	2.5212942695771687	2.0293898347695576	2.386346040778536	0.45061951254567356	0.0024190557402949536
VUILD107MA_150_21_17	VUILD107MA	VUILD107	fold_2	macrophage_profibrotic	PF_ONLY	2.34141812674562	1.7775634511662401	2.8687450687299796	2.6813419986861637	2.6974690576642097	2.7056929342661338	2.277082021641011	1.7775687852894508	2.622464929466122	2.8413722041167997	2.3359850047979833	2.73183059821132	-0.3399238719405435	0.023453763380621342
VUILD107MA_150_21_18	VUILD107MA	VUILD107	fold_2	macrophage_profibrotic	PF_ONLY	2.58248765097262	1.7775654873148798	1.878743558084522	1.7920283713314378	1.7063257602759183	1.8004877927792176	1.9556799067198616	1.7775712874889362	1.9679082425889294	1.7677086085792197	1.9488846305382859	1.727406218682848	0.790459279641182	-0.13981826118853607
VUILD107MA_150_21_20	VUILD107MA	VUILD107	fold_2	macrophage_profibrotic	PF_ONLY	1.79622674784054	1.7775695596121592	1.357808876580209	1.0895093273739134	1.6323924352190327	1.5735518741426333	1.8400149430365815	1.777576291887907	1.6992984450162196	1.6107748960384638	1.8026159112132352	1.7600033253959178	0.7067174204666267	-0.060967666807457334
VUILD107MA_150_21_7	VUILD107MA	VUILD107	fold_2	macrophage_profibrotic	PF_ONLY	1.61402641488872	1.7775430896798432	1.1924443787835295	1.253218079212625	1.1553694585970837	1.1040024433267557	1.5603702344525445	1.7775437632945972	1.0475029255949666	0.8274287914842315	1.1790042946080597	0.8181269150667811	0.36080833567609494	-0.2588245665777331
VUILD107MA_150_22_10	VUILD107MA	VUILD107	fold_2	macrophage_profibrotic	PF_ONLY	1.73511634048456	1.7775506969551815	1.3280128833179778	1.354564755522813	1.437088152464438	1.3638346433095607	1.684943332879227	1.7775530110985591	1.4691317792242935	1.612371941779184	1.5007696355685451	1.5745707173800636	0.3805515849617469	-0.3602664701796438
VUILD107MA_150_22_11	VUILD107MA	VUILD107	fold_2	macrophage_profibrotic	PF_ONLY	2.46033162994449	1.7775527331038212	1.977592181231047	1.9396274900353392	2.613488591835867	2.4950806687421	2.0087948695837414	1.7775555132980445	2.079845830523661	2.4715626293244775	2.185892789612145	2.655591282697217	0.5207041399091508	0.11268850946803284
VUILD107MA_150_22_12	VUILD107MA	VUILD107	fold_2	macrophage_profibrotic	PF_ONLY	1.41131686952736	1.777554769252461	1.423635413895096	1.385994702827397	1.5271028965556903	1.5153477320195645	1.743537121397834	1.77755801549753	1.5091067276313388	1.4901934459098036	1.6223740587933668	1.486315414462563	0.02532216669996301	-0.14305724295414746
VUILD107MA_150_22_14	VUILD107MA	VUILD107	fold_2	macrophage_profibrotic	PF_ONLY	3.72553963136838	1.7775588415497403	3.1168957438261344	3.153270652363645	2.689679493440535	2.730518509310757	2.030007166635751	1.7775630198965005	2.770644501393854	3.1174650898762755	2.532832263228531	3.045402905131855	0.5722689790047353	-0.04604658407073469
VUILD107MA_150_22_15	VUILD107MA	VUILD107	fold_2	macrophage_profibrotic	PF_ONLY	3.04051773757862	1.77756087769838	2.5709840134506945	2.5855407015016043	2.703074009154476	2.7092536511875838	2.122542131204088	1.7775655220959858	2.627957845857197	2.637195159393041	2.6166391875005166	2.698608733534557	0.45497703607701556	0.10544446033438325
VUILD107MA_150_22_17	VUILD107MA	VUILD107	fold_2	macrophage_profibrotic	PF_ONLY	2.07085756970745	1.7775649499956594	1.7170306351633466	1.6609971180848513	1.108757746389832	1.162438264726453	1.7886396739909094	1.7775705264949566	1.6271084532141478	1.4399527179158753	1.6580313661502502	1.4502948606935844	0.40986045162259854	-0.5172574681643052
VUILD107MA_150_23_14	VUILD107MA	VUILD107	fold_2	macrophage_profibrotic	PF_ONLY	3.29792766548162	1.7775603403791593	2.7904822431484773	2.8015620421258918	2.770883030268388	2.7634643090672597	2.022880224646477	1.7775647611020062	2.7868122691286294	2.9176587234779467	2.6322656583335857	2.7913621791030105	0.4963656233557283	0.09886068864975629
VUILD107MA_150_23_16	VUILD107MA	VUILD107	fold_2	macrophage_profibrotic	PF_ONLY	1.9878309936078	1.7775644126764387	2.426155686748659	2.410950608019843	1.8751349796543082	1.9732466265865483	1.9994945256934216	1.777569765500977	2.218239459140262	2.273610339580603	1.9668745486769545	2.09667646812706	-0.42311961441204304	-0.17667319332579046
VUILD107MA_150_23_17	VUILD107MA	VUILD107	fold_2	macrophage_profibrotic	PF_ONLY	1.10876758700563	1.7775664488250784	1.4087447725831501	1.4438430294662	1.0443820205884176	1.0918463180688982	1.4568641673746723	1.7775722677004624	1.3927613037547553	1.0040172896615385	1.496407173611844	0.8586581585736986	-0.33507544246056997	-0.3913358444121468
VUILD107MA_150_23_9	VUILD107MA	VUILD107	fold_2	macrophage_profibrotic	PF_ONLY	0.98678085022487	1.7775501596359609	1.4566497218683396	1.6606733609897077	1.3447534899755604	1.3497155279539748	1.725382690871031	1.7775522501045795	1.601242910736201	1.5092695106793086	1.53032428032248	1.4347129465842767	-0.6738925107648377	-0.3134275152352305
VUILD107MA_150_24_10	VUILD107MA	VUILD107	fold_2	macrophage_profibrotic	PF_ONLY	1.05195019949569	1.7775536946140198	2.4780486956100893	2.525865217723254	2.0763337274859883	1.9978610818913263	2.2179211636157485	1.7775564935095707	2.198273076396891	2.2545034979847682	2.1031051582017755	2.386905861985012	-1.4739150182275642	-0.27396564907207666
VUILD107MA_150_24_11	VUILD107MA	VUILD107	fold_2	macrophage_profibrotic	PF_ONLY	0.92187405062523	1.7775557307626595	2.413347117157262	2.303510885440936	1.608665068746521	1.5878667931001917	2.13434327301629	1.7775589957090558	1.787295346603428	1.7212782111000293	1.6943720778531788	1.7256135745012537	-1.3816368348157058	-0.47379576461851347
VUILD107MA_150_24_13	VUILD107MA	VUILD107	fold_2	macrophage_profibrotic	PF_ONLY	0.923393694206576	1.7775598030599389	1.0722889141194005	1.3311797644476027	1.3856339728890115	1.3352662307734937	1.7061516377794768	1.7775640001080266	1.5271647521410174	1.2996350089847117	1.6561312646947228	1.2822785917479627	-0.40778607024102664	-0.3777348398747319
VUILD107MA_150_24_8	VUILD107MA	VUILD107	fold_2	macrophage_profibrotic	PF_ONLY	1.63424671897044	1.7775496223167404	2.3872912348535027	2.2993018133204837	1.9116494747321673	1.847960633460595	2.0625012922364174	1.7775514891106	1.83161526522004	2.099180496410806	1.7767635388941354	2.28822233406317	-0.6650550943500437	-0.2474883275145991
VUILD107MA_150_24_9	VUILD107MA	VUILD107	fold_2	macrophage_profibrotic	PF_ONLY	1.30215580053619	1.77755165846538	2.108978442907107	2.1108417971026414	1.7680755002278055	1.669985384072496	2.1579915316622174	1.7775539913100853	1.7023082739089992	1.8870022661284906	1.7212620162526777	2.116208652879207	-0.8086859965664515	-0.31890131569354674
VUILD107MA_150_25_10	VUILD107MA	VUILD107	fold_2	macrophage_profibrotic	PF_ONLY	1.50840636233715	1.7775551934434388	2.440329265704266	2.25749869648798	1.9656094778156048	1.8566477057863457	2.098249811451279	1.7775582347150762	1.8735259170287946	1.8647932303580144	1.9879062451522382	2.012118787629742	-0.7490923341508302	-0.2634939263484639
VUILD107MA_150_25_11	VUILD107MA	VUILD107	fold_2	macrophage_profibrotic	PF_ONLY	1.9404121391417	1.7775572295920785	3.18853097408439	3.3656162964582936	2.153558457043424	2.2441765149609143	2.075088917763794	1.7775607369145616	2.429046785285351	2.5543795770242737	2.248248191516866	2.3338546435973204	-1.4252041573165937	-0.36696434358347707
VUILD107MA_150_25_12	VUILD107MA	VUILD107	fold_2	macrophage_profibrotic	PF_ONLY	1.32732870102107	1.7775592657407182	2.552271758088866	2.611342642984864	1.797988805104783	1.832038951423225	2.022867413248657	1.777563239114047	1.7830356686962323	1.9808799817574796	1.6590872171904514	1.925869625349226	-1.2840139419637941	-0.3416389005273963
VUILD107MA_150_25_9	VUILD107MA	VUILD107	fold_2	macrophage_profibrotic	PF_ONLY	0.924266602202738	1.7775531572947991	2.0786880458494075	2.0943884071221652	1.9755699065931014	1.841122101389137	2.213720041957889	1.777555732515591	1.875645674053636	1.8255361817647267	2.0047949756272265	2.0461730776513645	-1.170121804919427	-0.2919612698628074
VUILD107MA_150_3_19	VUILD107MA	VUILD107	fold_2	macrophage_profibrotic	PF_ONLY	1.55093181477267	1.7775405445339756	0.8956743639976992	0.9106001731764054	1.288736128928289	1.2708259483264068	1.5135535117429635	1.777542447989318	1.2468409293925693	1.1393057507679112	1.3072475283498113	1.0100113657023504	0.6403316415962647	-0.1680881229027354
VUILD107MA_150_5_20	VUILD107MA	VUILD107	fold_2	macrophage_profibrotic	PF_ONLY	2.09300223073647	1.7775455783414535	0.7985614271103998	0.6342858513231813	1.6865202391225544	1.571613200878339	1.6812787915559237	1.777548432599815	1.9685064662950966	1.5300798901738684	2.0750568640420357	1.7380430171023376	1.458716379413289	-0.08875072165659197
VUILD107MA_150_5_21	VUILD107MA	VUILD107	fold_2	macrophage_profibrotic	PF_ONLY	2.2651003523824	1.7775476144900932	1.8634980909413363	1.889278285420494	2.2555864096423446	2.143344928213658	1.8949902131259109	1.7775509347993004	2.4142751772136353	1.9805395515461672	2.453279322615712	2.1502529601883174	0.3758220669619061	-0.030985852633052473
VUILD107MA_150_6_20	VUILD107MA	VUILD107	fold_2	macrophage_profibrotic	PF_ONLY	2.83941699561227	1.7775470771708726	2.1261089732240803	1.871255180386164	2.2728386988959364	2.124087499195867	2.1121831165352685	1.7775501738053208	2.4026146892614797	1.9687469813744582	2.421005411112831	2.204237633090279	0.968161815226106	-0.1034419014556044
VUILD107MA_150_7_19	VUILD107MA	VUILD107	fold_2	macrophage_profibrotic	PF_ONLY	0.858604352047662	1.777546539851652	1.1443989064739382	0.988584622441707	1.2622071486374942	1.216339806014414	1.7130073679334412	1.7775494128113412	1.4683158637091096	1.364125603892497	1.5835753204348768	1.6136052470081013	-0.12998027039404503	-0.23124754684245002
VUILD107MA_150_7_20	VUILD107MA	VUILD107	fold_2	macrophage_profibrotic	PF_ONLY	1.84034539652219	1.7775485760002916	1.1133738910502182	0.9485008723242809	1.8849346208398823	1.691289278605784	1.6896960278943023	1.7775519150108265	1.7794999585824536	1.5906062980821796	1.944804433744164	1.9117655276457313	0.8918445241979092	-0.02611726505060366
VUILD107MA_150_7_21	VUILD107MA	VUILD107	fold_2	macrophage_profibrotic	PF_ONLY	2.13881698642494	1.7775506121489313	1.2578883686856335	1.3224179225981634	1.8692286017572508	1.668450330356106	1.6788349649072036	1.7775544172103117	1.8136877800710915	1.578431927449353	1.984692880264115	1.8939306141577543	0.8163990638267764	-0.1263506024146706
VUILD107MA_150_8_20	VUILD107MA	VUILD107	fold_2	macrophage_profibrotic	PF_ONLY	1.56101386595543	1.7775500748297108	1.4899156866614072	1.3024934852952388	2.019926338991147	1.8469794555816572	1.6896830377191099	1.777553656216332	2.008706107590257	1.7578458410346343	2.1170596688352963	1.8947609123212827	0.25852038066019123	-0.017884706913996587
VUILD107MA_150_8_21	VUILD107MA	VUILD107	fold_2	macrophage_profibrotic	PF_ONLY	2.29006265928215	1.7775521109783505	2.2240395245483326	1.9136360790034483	2.5008748035405484	2.365087193244262	1.7439088926483632	1.7775561584158175	2.4841822928227626	2.361990661045198	2.4392155886608995	2.574082580141329	0.3764265802787017	0.192873277092872
VUILD107MA_150_8_22	VUILD107MA	VUILD107	fold_2	macrophage_profibrotic	PF_ONLY	0.879449598927394	1.7775541471269902	0.7254483599087689	0.905004810042284	1.3905343048374612	1.186782645278744	1.563671578823448	1.7775586606153029	1.4882242574664901	0.8488297804717757	1.656702337614877	1.1282125197955348	-0.025555211114889897	-0.3041370849646282
VUILD107MA_150_9_17	VUILD107MA	VUILD107	fold_2	macrophage_profibrotic	PF_ONLY	1.21959615089359	1.7775454652132108	1.0322364587692001	0.9436128938476461	1.0424775006931182	1.0517325627884047	1.2220092281009025	1.777547890823382	1.3467448088419913	0.9904220978639041	1.3276327749232282	1.0450008349815056	0.27598325704594384	-0.2938742027240893
VUILD107MA_150_9_20	VUILD107MA	VUILD107	fold_2	macrophage_profibrotic	PF_ONLY	1.63108409125364	1.7775515736591299	1.4577123136192593	1.1107777170822035	1.6176079284551552	1.3956623437541145	1.9480986893788421	1.7775553974218379	1.711081878239657	1.5045453487309073	1.8422676228143138	1.907143168030946	0.5203063741714364	-0.2549699511769898
VUILD107MA_150_9_21	VUILD107MA	VUILD107	fold_2	macrophage_profibrotic	PF_ONLY	1.32411184008081	1.7775536098077696	1.7044443503226363	1.4938676509395084	1.5999080532164487	1.4420346209289667	1.9079419867192442	1.7775578996213233	1.6511702884720394	1.5444769054450316	1.7956450633265246	1.7943530509168826	-0.1697558108586983	-0.2764843568196767
