category	n_donors	n_regions
TLS	2	34
advanced_remodeling	3	896
airway_smooth_muscle	4	24
artery	12	158
emphysema	2	440
epithelial_detachment	5	20
fibroblastic_focus	7	53
fibrosis	13	2246
giant_cell	1	2
goblet_cell_metaplasia	3	18
granuloma	2	76
hyperplastic_aec	5	60
interlobular_septum	2	182
large_airway	4	289
microscopic_honeycombing	4	370
minimally_remodeled_alveoli	7	1120
mixed_inflammation	8	179
multinucleated_cell	1	1
muscularized_artery	7	156
normal_alveoli	6	1209
remnant_alveoli	2	210
remodeled_epithelium	11	660
severe_fibrosis	4	124
small_airway	11	277
venule	11	120
