sample_id	donor_id	TMA_label	fold	rgb_r_mean	rgb_r_sd	rgb_g_mean	rgb_g_sd	rgb_b_mean	rgb_b_sd	hed_hematoxylin_mean	hed_hematoxylin_sd	hed_eosin_mean	hed_eosin_sd	hed_dab_mean	hed_dab_sd	brightness_mean	brightness_sd	saturation_mean	saturation_sd	rgb_r_hist_0	rgb_r_hist_1	rgb_r_hist_2	rgb_r_hist_3	rgb_r_hist_4	rgb_r_hist_5	rgb_r_hist_6	rgb_r_hist_7	rgb_g_hist_0	rgb_g_hist_1	rgb_g_hist_2	rgb_g_hist_3	rgb_g_hist_4	rgb_g_hist_5	rgb_g_hist_6	rgb_g_hist_7	rgb_b_hist_0	rgb_b_hist_1	rgb_b_hist_2	rgb_b_hist_3	rgb_b_hist_4	rgb_b_hist_5	rgb_b_hist_6	rgb_b_hist_7	n_regions	oof_prediction	p_TMA1	p_TMA2	p_TMA3	p_TMA4	run_label	p_Run1	p_Run2	disease_label	p_control	p_pulmonary_fibrosis
THD0008	THD0008	TMA3	fold_2	0.8310783795420484	0.13946107239454475	0.7128960020962325	0.20863610671928925	0.76795658280957	0.16208558869980494	0.01384943699534573	0.019583587765724258	0.01054064605543933	0.010274666388384195	0.022287868994516926	0.01816687900215125	0.8369035389209276	0.13563632805141906	0.18553722549995108	0.15161888283002994	0.00012673357948357906	0.004459086999496656	0.021545413784147656	0.04191178364335732	0.06338741578571544	0.11769697342230363	0.15868130425627897	0.5921912885292164	0.002762153540930568	0.04946247408552009	0.11022633179619495	0.13236737353741845	0.08800798066359042	0.05792097824748728	0.05753064827914045	0.5017220598497175	6.901331673799739e-05	0.0016772563214235384	0.03275501108250068	0.11872575259036447	0.1500233638884958	0.0996470285268151	0.07864781168966457	0.5184547625839976	650	TMA2	0.0005655450057820395	0.7850070131345867	0.061389596396202416	0.15303784546342897						
THD0011	THD0011	TMA4	fold_4	0.8700779127162955	0.13124666624986647	0.7826396161849614	0.2148131247671669	0.8198543198597087	0.17151574906233683	0.01035324859404069	0.016791006256614435	0.008393321459416923	0.011031070902244765	0.018083130019721786	0.020626372964304324	0.876303417446914	0.13013834388872822	0.14250565523858827	0.1611583949968942	0.0002900677004622281	0.0036465832009309937	0.017095750872390292	0.029267141209610315	0.04456171946551189	0.08203282712812399	0.10111374260321403	0.721992167819756	0.003188361478063418	0.04711754819144137	0.08901675094745654	0.08658766670614705	0.04846522251972241	0.030819764871479423	0.033663642694167065	0.6611410425915224	0.000408908380340581	0.0044720289806779966	0.0396863091069184	0.09453492474790035	0.09138216695558592	0.05270491066246023	0.042305896145799465	0.6745048550203168	395	TMA2	3.750193803649252e-05	0.8038750619261963	0.019586757018702897	0.1765006791170644						
TILD117LA	TILD117	TMA4	fold_5	0.8471264292446109	0.12452940490848445	0.7082169601517205	0.20510649053012592	0.7719721749648873	0.15816050288018849	0.010630801660227047	0.015104890138685904	0.012024135565449314	0.010659950720051048	0.02211786093608762	0.01790139697402275	0.8516219710895517	0.12318628005504294	0.19809648392694018	0.15262924120184673	1.437080109958345e-05	0.0012193130736355686	0.008913036719495287	0.02536535194444949	0.0554448442757784	0.12461553732887855	0.21596264547814248	0.5684649003785204	0.0011345167685874508	0.026669691995504907	0.09040050734433196	0.16591602299319633	0.13681402754131602	0.07661781749005814	0.05112190298437413	0.45132551288263073	5.984319313530186e-05	0.0022859471161778932	0.01792081214920944	0.07909032389315013	0.1853199466404139	0.15868557934505068	0.08781424488259529	0.4688233027802671	429	TMA4	0.03722309397049944	0.4021155556185998	0.01299384553127308	0.5476675048796278						
TILD117MA1	TILD117	TMA4	fold_5	0.8213467315398221	0.13105060272556704	0.6252573934185474	0.19440593875140913	0.7121235325848384	0.1526301977406704	0.0114874301761382	0.01758524900623717	0.01656607723646555	0.010818947985251254	0.0284932927103458	0.017613586863568374	0.8253594076189643	0.12807054955370098	0.2662247687577808	0.1469943644449618	3.9050016440209444e-05	0.0019745784865747417	0.011276923367546064	0.029728243099900617	0.05779229885797668	0.14030156401100013	0.32476235547632	0.43412498668424127	0.0017825083923023429	0.028989332027008523	0.1014619831217021	0.23019018824228726	0.21035481846455417	0.11083772352907449	0.06112683215051241	0.2552566140725584	0.00010166356269612424	0.0015785777055786273	0.016791018109802745	0.09328428438042538	0.26044384217232297	0.23362997723517037	0.11667459726113559	0.2774960395728679	487	TMA2	0.015522459374559552	0.5519083261112135	0.22565619108657992	0.20691302342764695						
TILD175MA	TILD175	TMA4	fold_2	0.8417306435941505	0.12963180920128825	0.7012384594454579	0.19360283601864092	0.7704857853424767	0.14869511882695638	0.01199541416187261	0.017616468728756458	0.011706219861823453	0.009778002858997204	0.02148627691111634	0.016330233078490484	0.84673530757761	0.12616173813297363	0.19847046493664405	0.14005102571748598	0.0004111192627596666	0.002680201840019472	0.01206319109600704	0.030312542876650157	0.053300422507439424	0.1084712038758292	0.23801164657071006	0.5547496719705847	0.0018321884468653065	0.027455228764463217	0.07997001516436822	0.14513201697658243	0.15610765141626043	0.11220917664817795	0.08784118524183199	0.38945253734145013	0.0006338438599821675	0.0017710431143379572	0.013817358489339833	0.06887726145149511	0.17015179037928577	0.18758296518061923	0.13573381660851197	0.42143192091642767	386	TMA2	0.060666028650133944	0.48224313078910896	0.024792980015540034	0.4322978605452172						
VUHD069	VUHD069	TMA2	fold_3	0.8584572871017133	0.13245567044876144	0.7774841357905069	0.20910238682239102	0.8132062935740015	0.16021248573802147	0.011937446614856292	0.018366898603246036	0.007069616468866481	0.00966443323137247	0.01727423670997466	0.017392034674005366	0.8644005276732425	0.1286770094437377	0.13364310511426744	0.15124828739772356	0.00013698047729222913	0.0047391256179422124	0.01804233391237278	0.02677405917993571	0.039061103250702486	0.08792688738204703	0.12940290443921948	0.6939166057404877	0.00247260834121767	0.03509147360030318	0.0658615416254284	0.10325760118176312	0.06890103470950186	0.03958166324166235	0.04737964247434757	0.6374544348257756	8.51396538247547e-05	0.0017982315767845506	0.02389098094877096	0.07395866580618189	0.11658986959956082	0.07519732112674295	0.060685300103140646	0.6477944911849932	309	TMA2	0.0029187444374382467	0.7917859694863616	0.10141696785086658	0.10387831822533372						
VUHD095	VUHD095	TMA2	fold_1	0.8630446583653132	0.13710587594416226	0.7792544502270089	0.21838520918467164	0.8141747541638676	0.1693694246810844	0.011234955556763088	0.01796143366501384	0.007622392886024659	0.010323040855931772	0.01776932507701362	0.019074762608000385	0.868994327918051	0.1349726300066831	0.13944868036712016	0.1572285336190827	8.627115187285694e-05	0.0036969296162198467	0.016923664599947662	0.031743316580486014	0.0464515956070724	0.08349777833463237	0.10876139582091379	0.7088390482888548	0.0020736898825483197	0.03969117850428539	0.08207503068579618	0.09269848773690458	0.060284552309856465	0.038095172069257346	0.03977976235949371	0.6453021264518577	0.00012861295151240002	0.0023714580676827027	0.02878567664860406	0.08793879955785369	0.10469697123616427	0.06689302924304301	0.05387462066755112	0.6553108316275885	141	TMA2	0.000546886506137977	0.5112074281819075	0.06176004693335849	0.4264856383785962						
VUHD113	VUHD113	TMA2	fold_5	0.9078465946795522	0.10731032491728053	0.8688035190077996	0.17871452947611172	0.8816791422479754	0.1374013734984026	0.007734240016584989	0.013462178451179755	0.0037023909818196254	0.008231639203452622	0.010603171255671041	0.015078060434252501	0.9140193861616639	0.10559874162739256	0.0752675172894955	0.12872937491208444	4.7739954477248206e-05	0.002247229297311523	0.008990062926477211	0.014520978334084802	0.022658396537866745	0.04045145693245068	0.052226308327852584	0.8588578276894789	0.000958779251800897	0.020416919454718317	0.03969635888037136	0.04144253160446805	0.02749378121053061	0.022369291688287336	0.032561897128251575	0.8150604407815716	1.5710974277504156e-05	0.0011794090622570831	0.015368826865524222	0.04217219050566824	0.0462960653581992	0.032880012599075865	0.03882258826423276	0.8232651963707648	361	TMA1	0.9452921270483697	0.011544210810059524	3.3263961811653986e-05	0.043130398179758916						
VUHD116A	VUHD116	TMA1	fold_1	0.8972290929556948	0.10199759369312253	0.8311506608635395	0.18200256099317172	0.8586015775017679	0.13598470125621326	0.007957871010332157	0.01229071564832241	0.005708184728476545	0.00920651979022567	0.012719871924186677	0.01459248401340443	0.9020644660517145	0.1003269505509627	0.10060615423360557	0.13802802786365162	1.2020098843384888e-05	0.000626446504155028	0.005558338431311261	0.016019969973808112	0.02627497031058187	0.044341540425777044	0.1075472402723682	0.7996194739831549	0.000212002993518724	0.013329293062611236	0.0435108889650542	0.07913653766029065	0.060278600873710494	0.03341540259129143	0.043374196930802744	0.7267430769227202	9.737311831283555e-06	0.00013834155907583066	0.005782198136232531	0.041519807948533036	0.09251398777632977	0.0673627513616151	0.0559566946913442	0.736716481215038	225	TMA2	0.24515988194771676	0.5271690190958664	0.00020934412353787034	0.22746175483287898						
VUHD116B	VUHD116	TMA1	fold_1	0.8635762535618314	0.11613078053646035	0.7399267640268646	0.18524047575600608	0.796558735913474	0.13645561908921866	0.009865839104919324	0.015076453426842542	0.00995184105034177	0.009199809651080902	0.018712314046351135	0.014221977242744798	0.8682681661809372	0.11183264569765161	0.16992403000162545	0.1366690133514008	1.278772521698553e-05	0.0005306713153679283	0.006256327271200591	0.022811088471527723	0.04423396061930505	0.07534179215119009	0.2157682270159793	0.635045145430212	0.00011849410143354117	0.011233171808623862	0.056388952268609495	0.13814670853950017	0.16287496686274885	0.08016293749723782	0.057166304964398014	0.493908463957448	2.7147673490567206e-05	9.83457486904865e-05	0.0031486259796090865	0.04188756089165717	0.16664877793241256	0.1839306803117569	0.09534765177254498	0.5089112096898379	311	TMA1	0.531206030347781	0.2288670632991909	0.0028755110078845974	0.23705139534514333						
VUILD102LA	VUILD102	TMA1	fold_4	0.8677182289961738	0.10649983631567936	0.7459506565220212	0.1874164002101295	0.8017806060257563	0.13764740028370376	0.008980156117037752	0.012210527370976401	0.009446200256935617	0.009340815918529297	0.0180659967875926	0.014356048905097184	0.8716931012950125	0.10557816097054058	0.16479364578156921	0.138063548083309	2.4526716744061917e-05	0.00017288144315541403	0.002478660513556201	0.012963920842728125	0.03567959303461232	0.08736436889998841	0.24552473870369573	0.6157913098455196	7.224802896665258e-05	0.00634578135111974	0.042296146954153124	0.12004101344992814	0.16822756855791324	0.12320402064881704	0.08163894918131599	0.4581742718277858	2.511996835846612e-05	4.0571668496749766e-05	0.0017191203383201059	0.03160661274415095	0.1373961547463293	0.20741068497187462	0.14117604645663032	0.4806256891058393	428	TMA1	0.9028326946413725	0.024812708115075938	1.3786368048101214e-05	0.07234081087550329						
VUILD102MA	VUILD102	TMA1	fold_4	0.8636233179046902	0.09815741952600789	0.7114338281082387	0.16486978960950407	0.7817631011255881	0.12045511208147852	0.008403792550995728	0.011269062371624073	0.011275860788955325	0.00848056499419532	0.019939612176543962	0.012511541377127454	0.8666828767572202	0.09718457518068725	0.19435215046841706	0.12054342781922922	5.249734437937708e-05	0.00012340930716936346	0.0012671982333296596	0.008199264385065639	0.030266495221649436	0.08969878774740932	0.3135574975153285	0.5568348502456685	9.793251898647387e-05	0.0032324971682331158	0.03140304694211939	0.11281094451270024	0.21493145444995537	0.21045285388693127	0.14108472848884357	0.28598654203223034	7.04911540886771e-05	6.844957268515418e-05	0.0008312190834634772	0.019454625826938667	0.12019685517994409	0.28653654159843517	0.24866673390515995	0.32417508367928455	528	TMA1	0.9866573987612116	0.0007506283183199353	4.487641448275571e-07	0.012591524156323574						
VUILD104MA1	VUILD104	TMA2	fold_2	0.8234936294439911	0.13030162396751382	0.6614285723313877	0.20692788566710904	0.7310036153428989	0.1608218512618276	0.01198464948916661	0.016470235550650445	0.013675916268384457	0.010859453197883768	0.026571498610647316	0.018580939763394828	0.8278268044946749	0.12830536313794205	0.23132326700062567	0.1537280580270106	2.3609576980065668e-05	0.001528089915245338	0.010614855883397696	0.03001896786499482	0.06450204797122858	0.15730852239872084	0.2585473690903039	0.47745653729912846	0.0009993562920794649	0.030534541821614747	0.11089432585836062	0.195309040762146	0.1572554867561058	0.0911415111312979	0.06111005368328783	0.35275568369510735	2.8180870136745075e-05	0.0014069984434356528	0.022005301078726818	0.10702436284071026	0.22171016371683927	0.1769694971263257	0.10170999624841942	0.3691454996754059	349	TMA4	0.02307424969160124	0.20726442455028415	0.0752377163144316	0.6944236094436831						
VUILD104MA2	VUILD104	TMA2	fold_2	0.8320385688748451	0.12738964225647872	0.6878737095316245	0.19730440920644457	0.7545649095215636	0.15195071783666136	0.012192380963748032	0.016541537870658016	0.011520836599149034	0.009928930110325649	0.023233460512370355	0.0170114004513905	0.8365636950164993	0.12444684157658613	0.20418193244748123	0.14354832370262505	0.0001509561642863557	0.0020719133313546164	0.010194704185562828	0.025549738796409337	0.05622939664172281	0.13542657364625366	0.27508495632788443	0.4952917609065257	0.0015628376333004673	0.024034814035115454	0.07655800820267816	0.15648812203398715	0.17684740923585526	0.12636083285638866	0.08325084144715668	0.35489713455551786	0.00025098457044578907	0.0021213002783715424	0.0156202166630675	0.06884273953624523	0.18364454013585768	0.21415614397602706	0.13742010105509095	0.37794397378489397	438	TMA4	0.08629275605784288	0.240446557841794	0.024696938240249666	0.6485637478601135						
VUILD105MA2	VUILD105	TMA2	fold_4	0.8122882629838304	0.1366853582520882	0.6717539522272281	0.20045803345071378	0.7323928262189358	0.16027951037990998	0.014387206671521522	0.019214120081290816	0.011350409740582532	0.009954321465185349	0.026354526942856702	0.01970743957227969	0.8169322090113018	0.13335447663890454	0.2102357941867226	0.14604517270967504	0.0008236398841105216	0.0047322872859960384	0.018074506560777182	0.03657522488136539	0.0657021953382897	0.1521224869990569	0.24960234092433642	0.4723673181260676	0.004155221630921651	0.04332715850579964	0.09836350982168422	0.15005376029039388	0.15487471156256477	0.11056215209622192	0.07493250162616337	0.36373098446625024	0.00141456374487504	0.006275941172202766	0.03332571927182068	0.10207456300199678	0.18191118053689317	0.17728403807302945	0.11727963811235649	0.38043435608682535	306	TMA4	1.2147466813717143e-06	0.014385302619858108	0.06787768130003133	0.9177358013334292						
VUILD106MA	VUILD106	TMA3	fold_3	0.7759462389331367	0.1314400173259389	0.5836052279345638	0.1778166017148439	0.6686880851305935	0.1434251064401859	0.015851023247365207	0.01781877549779913	0.015114686795161337	0.008716305922519794	0.03254585517710419	0.016744486135361128	0.7794024469102218	0.1280658255426038	0.2741891647537089	0.1253144395832473	9.483148974045944e-05	0.001282568866253741	0.010998197907974672	0.03802809676504796	0.0942641966501309	0.25135024229440295	0.31425878782419125	0.28972307820225773	0.0007408429446781435	0.025365477897854	0.12477688699253892	0.2699227968369626	0.23397352872217583	0.11333406723021777	0.05588399933295795	0.17600240004261447	0.00013391982407407775	0.001211621030211555	0.01671433270785388	0.13233512772532918	0.32171963281003074	0.23589775215694675	0.1019756580880492	0.19001195565750437	1186	TMA3	0.011551166683466257	0.19543418705837967	0.782947030168296	0.01006761608985801						
VUILD107MA	VUILD107	TMA1	fold_2	0.8366937749884102	0.1182015054216849	0.6379758070998387	0.1513117240363794	0.730558836501807	0.10978458392387512	0.010745694619239627	0.016478305892541664	0.015033085035351721	0.007834964463470222	0.024953024964875708	0.01121355206428156	0.8411415373723025	0.11115835894257234	0.25371105693308843	0.10655758361018365	0.00018529222015913388	0.0006119316806757374	0.005637563727279043	0.02522695501671278	0.05480058581200397	0.09770164929183653	0.3359786631321053	0.4798573591192273	0.0003404022195818177	0.008165203880381095	0.05202668571206315	0.14559309506320242	0.3173736406786318	0.23243852491568073	0.09682667359443657	0.14723577393602216	0.00025481385563656497	0.0004685182915072437	0.0012864481994005754	0.025021037749448884	0.1685757575148457	0.4120218228697906	0.2242809221218892	0.168090679397481	531	TMA1	0.9906750853914373	0.00047690106477368745	0.001269584248619552	0.007578429295169449						
VUILD110LA	VUILD110	TMA3	fold_1	0.7741173954812717	0.14695364579264786	0.6070576791871886	0.20954272917598982	0.6822896275398567	0.16627712343629963	0.017433721341923853	0.020569590747744875	0.014759625932250251	0.01072294754019334	0.031705542122675956	0.019811088661645986	0.7777441057605763	0.1438391223987693	0.25752403591244405	0.1541568932732767	0.00014271323100543268	0.0034013406896744834	0.02212152901206221	0.05548331182187591	0.10847054696061523	0.21363666350508123	0.20583555315550428	0.390908341624181	0.0027601388189086875	0.06033135602552196	0.1792434851747441	0.2058737011418205	0.12164242488938859	0.06235692021240028	0.04899768184558066	0.3187942918916349	0.00017274606372084478	0.0022280937833398565	0.04247774412680256	0.19389418113359877	0.23133961145431237	0.12715596873457563	0.07400333878719882	0.32872831591645085	1083	TMA3	9.861454148566588e-08	0.0007202652598674187	0.9992478350465137	3.180107907740595e-05						
VUILD115MA	VUILD115	TMA3	fold_4	0.7851425470946152	0.14648918165316926	0.6269523774545462	0.19379920459082647	0.7026415737075346	0.15368915680857237	0.017510133851494906	0.021593375479857055	0.01214659293738942	0.008880661764890656	0.028141761013920432	0.017677642045132894	0.7902788381356045	0.14062613356128262	0.23378257276267858	0.13413830540479718	0.0006822373140085994	0.004437268539646541	0.019839350488701345	0.04507716534624746	0.08732019423266309	0.19390332589642734	0.27104997704574446	0.37769048113656084	0.0025115310308335063	0.03562311263985335	0.10689931490464558	0.19605340905502908	0.19778543627734177	0.12822444099240257	0.08957757796281278	0.24332517713708104	0.0008469646200369927	0.00204935779914487	0.02153587028659395	0.11284110566365659	0.24267923241107306	0.21658365628165108	0.13874820715543468	0.2647156057824085	948	TMA3	9.400603891499034e-06	0.00219304482867877	0.9735210741864515	0.024276480380978387						
VUILD48LA2	VUILD48	TMA2	fold_3	0.8441059311074643	0.13048672260595795	0.7113826042151563	0.2174265571375085	0.766938946812599	0.1681464771365741	0.010836446996026879	0.016137073795187324	0.011614302393378791	0.011216776287244054	0.023049101882621912	0.019171241518875247	0.8483837618242561	0.12903288901785867	0.19474364758583843	0.1626719311110856	2.2775832703226574e-05	0.0019249974443627004	0.011193195782076828	0.02854161866506264	0.05332827463703015	0.12872196750043913	0.2002276535194543	0.5760395166188708	0.0016671851612131432	0.0317094031146771	0.10058701176528596	0.16799137368033237	0.11020724878994664	0.053720280256486064	0.043152999029710336	0.49096449820234805	0.000114408950857998	0.0019883454706993878	0.0210244087753873	0.1022845793890197	0.18846535928803382	0.1188998698837438	0.06543251609225256	0.5017905121500051	371	TMA4	0.008088480947614466	0.3262478197429459	0.029357776526401126	0.6363059227830384						
VUILD78LA	VUILD78	TMA4	fold_1	0.833627171186473	0.1317125827432297	0.6869731736254927	0.21137190231114428	0.7517537895427407	0.1668302420255738	0.011739851982069916	0.016151772484469695	0.012901156808292078	0.011060006738593402	0.02482327774204603	0.019664669808740945	0.837887253616048	0.1310624370334384	0.21290859694919562	0.15823145543204897	0.0001109641760638146	0.0021538758110680916	0.013088264127805985	0.03324916039399404	0.0636398227270616	0.13053111999274475	0.2201478590869363	0.5370789336843252	0.002806848280293019	0.04180689265150895	0.10565969966043517	0.16386373301740864	0.13577529569541463	0.07237259093255705	0.052821066789534556	0.42489387297284764	0.00028173715545477075	0.004604517774264907	0.03229900019893185	0.10166586581339046	0.1844747154723992	0.15011966214549505	0.08399012006830178	0.44256438137176174	356	TMA4	0.0009634075339583399	0.45724352423499925	0.05684614088190377	0.48494692734913863						
VUILD78MA	VUILD78	TMA4	fold_1	0.8132695162608473	0.13130677755343448	0.6516218485874264	0.19290330304612444	0.7335671573261124	0.1477474010555852	0.014012443475433957	0.017266317025733505	0.012987113934213755	0.009664679768636556	0.024748112955849163	0.016117963331480294	0.8174942025164861	0.12816298941698798	0.2269597111492763	0.13837667009078597	0.00016146620497860568	0.0012247134986156294	0.00974985044627333	0.03426987549319257	0.0750157874660605	0.15229889001583571	0.29585139685420775	0.4314280200208357	0.0008713644855172109	0.02299316515041503	0.09531510763379192	0.189660606969002	0.1820009652897731	0.12151497087339086	0.14871197527742966	0.23893184432067993	0.00019913252043374146	0.0011617714581099432	0.012214019542202647	0.07743858401766451	0.21858039416724775	0.21734684896384404	0.19399115532396663	0.27906809400653043	352	TMA3	0.22995569696291923	0.186428987266777	0.37482479111846817	0.20879052465183545						
VUILD91LA	VUILD91	TMA4	fold_3	0.874052861530527	0.12191582917697501	0.7782079450387521	0.21645235648702488	0.8223456549581573	0.16370957164158983	0.009286543417702917	0.013771865131034034	0.00791486951658428	0.00997761801205923	0.016411153903826928	0.0173572794166145	0.8806053290681845	0.12144628120731966	0.14330142841806734	0.15408366614095062	3.231816084998581e-05	0.0007977812999478013	0.005694674803645163	0.016299388105160066	0.03588727105248923	0.10325378288511991	0.1719831598523039	0.6660516238404837	0.0002155427381195474	0.011920352791096477	0.05275583780846246	0.12203637237495832	0.11760553661145035	0.0698671243788309	0.050209670552503895	0.5753895627445778	6.545071127099613e-05	0.0002893382485407787	0.006292988727606434	0.050360474564809764	0.14030552867149443	0.1306720327675538	0.07924968895731174	0.5927644973514118	310	TMA2	0.2108877607416444	0.54273092284012	0.000817338213789791	0.2455639782044458						
VUILD91MA	VUILD91	TMA4	fold_3	0.8376738509271258	0.13202450446474964	0.6803835082229053	0.2111435678382953	0.7535234823223343	0.16238502381136896	0.011112878413762848	0.0166006462879667	0.012927368694127079	0.010731174605679916	0.023587375669037798	0.01794779834549022	0.8428159453206062	0.12953157611979607	0.2187407672507637	0.15350706522460186	0.0001331529270661298	0.0016407980474732347	0.009504336344514109	0.023337997778770995	0.04985831395287703	0.13488085477601458	0.2762779306424193	0.5043666155308644	0.0008449660048756662	0.02326878397449992	0.08374163549000233	0.1629477387251842	0.17846248742350088	0.13167558341871974	0.08939308694205879	0.3296657180211582	0.00018451290685290861	0.0009947331579322435	0.01423946198770994	0.0754727275117436	0.18539418000961258	0.21280726438944275	0.150044201007702	0.3608629190290037	349	TMA4	0.059878829929875775	0.22428815406943983	0.013202167722688956	0.7026308482779955						
VUILD96LA	VUILD96	TMA1	fold_5	0.861182242558502	0.11722094002959872	0.720837169558435	0.18717108475105992	0.7859198700759782	0.1336056945002641	0.009716536703380166	0.014844800383231962	0.010786712638755087	0.00925271920927469	0.01946651909088671	0.01343449809464766	0.8660108903607396	0.1126548768845722	0.18713399416566842	0.1356576238350077	2.1521367822391216e-06	0.00014433985557436152	0.0035248741800064476	0.019856491691548243	0.04897902027537348	0.08360508167888776	0.2386548900635169	0.6052331501183102	1.8212911977922387e-05	0.00546210578303918	0.04899077258462924	0.1294507517230475	0.20195905447768198	0.1347794854110106	0.09461188858731079	0.3847277285213025	1.884986970580753e-06	3.1662897172016315e-05	0.0010887092216184436	0.025370032506345556	0.15209686654706184	0.2546676446050475	0.15972564845402518	0.40701755078175866	478	TMA1	0.837372890925273	0.01040439168819249	0.0001656275817566374	0.15205708980477778						
VUILD96MA	VUILD96	TMA1	fold_5	0.8545350710267361	0.10841171781146972	0.67032621244709	0.15734351801542568	0.7510103169251097	0.11644099167041326	0.009074392185772825	0.013931558844456385	0.013742134296057553	0.008387740712867863	0.023400274475802407	0.01215474619758482	0.8582136144904162	0.10425900169694996	0.23119015111875635	0.11659957560088936	1.878884162647613e-05	7.965456619608933e-05	0.0023404293587378213	0.0166745754840799	0.04886174989423418	0.08566146881616571	0.2900647759441218	0.5562985570948378	3.642834111557559e-05	0.00402073590190981	0.039175850260666535	0.13740155148032146	0.2910105288090916	0.19792355267659054	0.11556736877130741	0.2148639837589967	1.9717554411601085e-05	5.062780330993454e-05	0.0008170648992434549	0.018989486157384685	0.1688562594944793	0.35357137997047317	0.2123921578289398	0.24530330629175778	553	TMA1	0.9820629454791603	0.0003585625658335641	1.9920580112481417e-05	0.01755857137489358						
THD0008	THD0008		fold_2	0.8310783795420484	0.13946107239454475	0.7128960020962325	0.20863610671928925	0.76795658280957	0.16208558869980494	0.01384943699534573	0.019583587765724258	0.01054064605543933	0.010274666388384195	0.022287868994516926	0.01816687900215125	0.8369035389209276	0.13563632805141906	0.18553722549995108	0.15161888283002994	0.00012673357948357906	0.004459086999496656	0.021545413784147656	0.04191178364335732	0.06338741578571544	0.11769697342230363	0.15868130425627897	0.5921912885292164	0.002762153540930568	0.04946247408552009	0.11022633179619495	0.13236737353741845	0.08800798066359042	0.05792097824748728	0.05753064827914045	0.5017220598497175	6.901331673799739e-05	0.0016772563214235384	0.03275501108250068	0.11872575259036447	0.1500233638884958	0.0996470285268151	0.07864781168966457	0.5184547625839976	650	Run2					Run2	0.36125428943258375	0.6387457105674162			
THD0011	THD0011		fold_4	0.8700779127162955	0.13124666624986647	0.7826396161849614	0.2148131247671669	0.8198543198597087	0.17151574906233683	0.01035324859404069	0.016791006256614435	0.008393321459416923	0.011031070902244765	0.018083130019721786	0.020626372964304324	0.876303417446914	0.13013834388872822	0.14250565523858827	0.1611583949968942	0.0002900677004622281	0.0036465832009309937	0.017095750872390292	0.029267141209610315	0.04456171946551189	0.08203282712812399	0.10111374260321403	0.721992167819756	0.003188361478063418	0.04711754819144137	0.08901675094745654	0.08658766670614705	0.04846522251972241	0.030819764871479423	0.033663642694167065	0.6611410425915224	0.000408908380340581	0.0044720289806779966	0.0396863091069184	0.09453492474790035	0.09138216695558592	0.05270491066246023	0.042305896145799465	0.6745048550203168	395	Run2					Run2	0.21122659711990432	0.7887734028800957			
TILD117LA	TILD117		fold_5	0.8471264292446109	0.12452940490848445	0.7082169601517205	0.20510649053012592	0.7719721749648873	0.15816050288018849	0.010630801660227047	0.015104890138685904	0.012024135565449314	0.010659950720051048	0.02211786093608762	0.01790139697402275	0.8516219710895517	0.12318628005504294	0.19809648392694018	0.15262924120184673	1.437080109958345e-05	0.0012193130736355686	0.008913036719495287	0.02536535194444949	0.0554448442757784	0.12461553732887855	0.21596264547814248	0.5684649003785204	0.0011345167685874508	0.026669691995504907	0.09040050734433196	0.16591602299319633	0.13681402754131602	0.07661781749005814	0.05112190298437413	0.45132551288263073	5.984319313530186e-05	0.0022859471161778932	0.01792081214920944	0.07909032389315013	0.1853199466404139	0.15868557934505068	0.08781424488259529	0.4688233027802671	429	Run1					Run2	0.6650826894429036	0.33491731055709634			
TILD117MA1	TILD117		fold_5	0.8213467315398221	0.13105060272556704	0.6252573934185474	0.19440593875140913	0.7121235325848384	0.1526301977406704	0.0114874301761382	0.01758524900623717	0.01656607723646555	0.010818947985251254	0.0284932927103458	0.017613586863568374	0.8253594076189643	0.12807054955370098	0.2662247687577808	0.1469943644449618	3.9050016440209444e-05	0.0019745784865747417	0.011276923367546064	0.029728243099900617	0.05779229885797668	0.14030156401100013	0.32476235547632	0.43412498668424127	0.0017825083923023429	0.028989332027008523	0.1014619831217021	0.23019018824228726	0.21035481846455417	0.11083772352907449	0.06112683215051241	0.2552566140725584	0.00010166356269612424	0.0015785777055786273	0.016791018109802745	0.09328428438042538	0.26044384217232297	0.23362997723517037	0.11667459726113559	0.2774960395728679	487	Run1					Run2	0.6888701487350135	0.31112985126498643			
TILD175MA	TILD175		fold_2	0.8417306435941505	0.12963180920128825	0.7012384594454579	0.19360283601864092	0.7704857853424767	0.14869511882695638	0.01199541416187261	0.017616468728756458	0.011706219861823453	0.009778002858997204	0.02148627691111634	0.016330233078490484	0.84673530757761	0.12616173813297363	0.19847046493664405	0.14005102571748598	0.0004111192627596666	0.002680201840019472	0.01206319109600704	0.030312542876650157	0.053300422507439424	0.1084712038758292	0.23801164657071006	0.5547496719705847	0.0018321884468653065	0.027455228764463217	0.07997001516436822	0.14513201697658243	0.15610765141626043	0.11220917664817795	0.08784118524183199	0.38945253734145013	0.0006338438599821675	0.0017710431143379572	0.013817358489339833	0.06887726145149511	0.17015179037928577	0.18758296518061923	0.13573381660851197	0.42143192091642767	386	Run1					Run2	0.5663589814550949	0.43364101854490517			
VUHD069	VUHD069		fold_3	0.8584572871017133	0.13245567044876144	0.7774841357905069	0.20910238682239102	0.8132062935740015	0.16021248573802147	0.011937446614856292	0.018366898603246036	0.007069616468866481	0.00966443323137247	0.01727423670997466	0.017392034674005366	0.8644005276732425	0.1286770094437377	0.13364310511426744	0.15124828739772356	0.00013698047729222913	0.0047391256179422124	0.01804233391237278	0.02677405917993571	0.039061103250702486	0.08792688738204703	0.12940290443921948	0.6939166057404877	0.00247260834121767	0.03509147360030318	0.0658615416254284	0.10325760118176312	0.06890103470950186	0.03958166324166235	0.04737964247434757	0.6374544348257756	8.51396538247547e-05	0.0017982315767845506	0.02389098094877096	0.07395866580618189	0.11658986959956082	0.07519732112674295	0.060685300103140646	0.6477944911849932	309	Run1					Run1	0.5728979510372783	0.4271020489627217			
VUHD095	VUHD095		fold_1	0.8630446583653132	0.13710587594416226	0.7792544502270089	0.21838520918467164	0.8141747541638676	0.1693694246810844	0.011234955556763088	0.01796143366501384	0.007622392886024659	0.010323040855931772	0.01776932507701362	0.019074762608000385	0.868994327918051	0.1349726300066831	0.13944868036712016	0.1572285336190827	8.627115187285694e-05	0.0036969296162198467	0.016923664599947662	0.031743316580486014	0.0464515956070724	0.08349777833463237	0.10876139582091379	0.7088390482888548	0.0020736898825483197	0.03969117850428539	0.08207503068579618	0.09269848773690458	0.060284552309856465	0.038095172069257346	0.03977976235949371	0.6453021264518577	0.00012861295151240002	0.0023714580676827027	0.02878567664860406	0.08793879955785369	0.10469697123616427	0.06689302924304301	0.05387462066755112	0.6553108316275885	141	Run2					Run1	0.18646019922420443	0.8135398007757956			
VUHD113	VUHD113		fold_5	0.9078465946795522	0.10731032491728053	0.8688035190077996	0.17871452947611172	0.8816791422479754	0.1374013734984026	0.007734240016584989	0.013462178451179755	0.0037023909818196254	0.008231639203452622	0.010603171255671041	0.015078060434252501	0.9140193861616639	0.10559874162739256	0.0752675172894955	0.12872937491208444	4.7739954477248206e-05	0.002247229297311523	0.008990062926477211	0.014520978334084802	0.022658396537866745	0.04045145693245068	0.052226308327852584	0.8588578276894789	0.000958779251800897	0.020416919454718317	0.03969635888037136	0.04144253160446805	0.02749378121053061	0.022369291688287336	0.032561897128251575	0.8150604407815716	1.5710974277504156e-05	0.0011794090622570831	0.015368826865524222	0.04217219050566824	0.0462960653581992	0.032880012599075865	0.03882258826423276	0.8232651963707648	361	Run1					Run1	0.9696110447561113	0.03038895524388873			
VUHD116A	VUHD116		fold_1	0.8972290929556948	0.10199759369312253	0.8311506608635395	0.18200256099317172	0.8586015775017679	0.13598470125621326	0.007957871010332157	0.01229071564832241	0.005708184728476545	0.00920651979022567	0.012719871924186677	0.01459248401340443	0.9020644660517145	0.1003269505509627	0.10060615423360557	0.13802802786365162	1.2020098843384888e-05	0.000626446504155028	0.005558338431311261	0.016019969973808112	0.02627497031058187	0.044341540425777044	0.1075472402723682	0.7996194739831549	0.000212002993518724	0.013329293062611236	0.0435108889650542	0.07913653766029065	0.060278600873710494	0.03341540259129143	0.043374196930802744	0.7267430769227202	9.737311831283555e-06	0.00013834155907583066	0.005782198136232531	0.041519807948533036	0.09251398777632977	0.0673627513616151	0.0559566946913442	0.736716481215038	225	Run1					Run1	0.9139387439613218	0.08606125603867815			
VUHD116B	VUHD116		fold_1	0.8635762535618314	0.11613078053646035	0.7399267640268646	0.18524047575600608	0.796558735913474	0.13645561908921866	0.009865839104919324	0.015076453426842542	0.00995184105034177	0.009199809651080902	0.018712314046351135	0.014221977242744798	0.8682681661809372	0.11183264569765161	0.16992403000162545	0.1366690133514008	1.278772521698553e-05	0.0005306713153679283	0.006256327271200591	0.022811088471527723	0.04423396061930505	0.07534179215119009	0.2157682270159793	0.635045145430212	0.00011849410143354117	0.011233171808623862	0.056388952268609495	0.13814670853950017	0.16287496686274885	0.08016293749723782	0.057166304964398014	0.493908463957448	2.7147673490567206e-05	9.83457486904865e-05	0.0031486259796090865	0.04188756089165717	0.16664877793241256	0.1839306803117569	0.09534765177254498	0.5089112096898379	311	Run1					Run1	0.7797694036090033	0.22023059639099676			
VUILD102LA	VUILD102		fold_4	0.8677182289961738	0.10649983631567936	0.7459506565220212	0.1874164002101295	0.8017806060257563	0.13764740028370376	0.008980156117037752	0.012210527370976401	0.009446200256935617	0.009340815918529297	0.0180659967875926	0.014356048905097184	0.8716931012950125	0.10557816097054058	0.16479364578156921	0.138063548083309	2.4526716744061917e-05	0.00017288144315541403	0.002478660513556201	0.012963920842728125	0.03567959303461232	0.08736436889998841	0.24552473870369573	0.6157913098455196	7.224802896665258e-05	0.00634578135111974	0.042296146954153124	0.12004101344992814	0.16822756855791324	0.12320402064881704	0.08163894918131599	0.4581742718277858	2.511996835846612e-05	4.0571668496749766e-05	0.0017191203383201059	0.03160661274415095	0.1373961547463293	0.20741068497187462	0.14117604645663032	0.4806256891058393	428	Run1					Run1	0.9049269420971445	0.09507305790285552			
VUILD102MA	VUILD102		fold_4	0.8636233179046902	0.09815741952600789	0.7114338281082387	0.16486978960950407	0.7817631011255881	0.12045511208147852	0.008403792550995728	0.011269062371624073	0.011275860788955325	0.00848056499419532	0.019939612176543962	0.012511541377127454	0.8666828767572202	0.09718457518068725	0.19435215046841706	0.12054342781922922	5.249734437937708e-05	0.00012340930716936346	0.0012671982333296596	0.008199264385065639	0.030266495221649436	0.08969878774740932	0.3135574975153285	0.5568348502456685	9.793251898647387e-05	0.0032324971682331158	0.03140304694211939	0.11281094451270024	0.21493145444995537	0.21045285388693127	0.14108472848884357	0.28598654203223034	7.04911540886771e-05	6.844957268515418e-05	0.0008312190834634772	0.019454625826938667	0.12019685517994409	0.28653654159843517	0.24866673390515995	0.32417508367928455	528	Run1					Run1	0.8950679880596975	0.10493201194030258			
VUILD104MA1	VUILD104		fold_2	0.8234936294439911	0.13030162396751382	0.6614285723313877	0.20692788566710904	0.7310036153428989	0.1608218512618276	0.01198464948916661	0.016470235550650445	0.013675916268384457	0.010859453197883768	0.026571498610647316	0.018580939763394828	0.8278268044946749	0.12830536313794205	0.23132326700062567	0.1537280580270106	2.3609576980065668e-05	0.001528089915245338	0.010614855883397696	0.03001896786499482	0.06450204797122858	0.15730852239872084	0.2585473690903039	0.47745653729912846	0.0009993562920794649	0.030534541821614747	0.11089432585836062	0.195309040762146	0.1572554867561058	0.0911415111312979	0.06111005368328783	0.35275568369510735	2.8180870136745075e-05	0.0014069984434356528	0.022005301078726818	0.10702436284071026	0.22171016371683927	0.1769694971263257	0.10170999624841942	0.3691454996754059	349	Run2					Run1	0.2107756287985808	0.7892243712014192			
VUILD104MA2	VUILD104		fold_2	0.8320385688748451	0.12738964225647872	0.6878737095316245	0.19730440920644457	0.7545649095215636	0.15195071783666136	0.012192380963748032	0.016541537870658016	0.011520836599149034	0.009928930110325649	0.023233460512370355	0.0170114004513905	0.8365636950164993	0.12444684157658613	0.20418193244748123	0.14354832370262505	0.0001509561642863557	0.0020719133313546164	0.010194704185562828	0.025549738796409337	0.05622939664172281	0.13542657364625366	0.27508495632788443	0.4952917609065257	0.0015628376333004673	0.024034814035115454	0.07655800820267816	0.15648812203398715	0.17684740923585526	0.12636083285638866	0.08325084144715668	0.35489713455551786	0.00025098457044578907	0.0021213002783715424	0.0156202166630675	0.06884273953624523	0.18364454013585768	0.21415614397602706	0.13742010105509095	0.37794397378489397	438	Run1					Run1	0.5113520139160717	0.4886479860839284			
VUILD105MA2	VUILD105		fold_4	0.8122882629838304	0.1366853582520882	0.6717539522272281	0.20045803345071378	0.7323928262189358	0.16027951037990998	0.014387206671521522	0.019214120081290816	0.011350409740582532	0.009954321465185349	0.026354526942856702	0.01970743957227969	0.8169322090113018	0.13335447663890454	0.2102357941867226	0.14604517270967504	0.0008236398841105216	0.0047322872859960384	0.018074506560777182	0.03657522488136539	0.0657021953382897	0.1521224869990569	0.24960234092433642	0.4723673181260676	0.004155221630921651	0.04332715850579964	0.09836350982168422	0.15005376029039388	0.15487471156256477	0.11056215209622192	0.07493250162616337	0.36373098446625024	0.00141456374487504	0.006275941172202766	0.03332571927182068	0.10207456300199678	0.18191118053689317	0.17728403807302945	0.11727963811235649	0.38043435608682535	306	Run2					Run1	0.00490624708902776	0.9950937529109722			
VUILD106MA	VUILD106		fold_3	0.7759462389331367	0.1314400173259389	0.5836052279345638	0.1778166017148439	0.6686880851305935	0.1434251064401859	0.015851023247365207	0.01781877549779913	0.015114686795161337	0.008716305922519794	0.03254585517710419	0.016744486135361128	0.7794024469102218	0.1280658255426038	0.2741891647537089	0.1253144395832473	9.483148974045944e-05	0.001282568866253741	0.010998197907974672	0.03802809676504796	0.0942641966501309	0.25135024229440295	0.31425878782419125	0.28972307820225773	0.0007408429446781435	0.025365477897854	0.12477688699253892	0.2699227968369626	0.23397352872217583	0.11333406723021777	0.05588399933295795	0.17600240004261447	0.00013391982407407775	0.001211621030211555	0.01671433270785388	0.13233512772532918	0.32171963281003074	0.23589775215694675	0.1019756580880492	0.19001195565750437	1186	Run2					Run1	0.192120567329769	0.807879432670231			
VUILD107MA	VUILD107		fold_2	0.8366937749884102	0.1182015054216849	0.6379758070998387	0.1513117240363794	0.730558836501807	0.10978458392387512	0.010745694619239627	0.016478305892541664	0.015033085035351721	0.007834964463470222	0.024953024964875708	0.01121355206428156	0.8411415373723025	0.11115835894257234	0.25371105693308843	0.10655758361018365	0.00018529222015913388	0.0006119316806757374	0.005637563727279043	0.02522695501671278	0.05480058581200397	0.09770164929183653	0.3359786631321053	0.4798573591192273	0.0003404022195818177	0.008165203880381095	0.05202668571206315	0.14559309506320242	0.3173736406786318	0.23243852491568073	0.09682667359443657	0.14723577393602216	0.00025481385563656497	0.0004685182915072437	0.0012864481994005754	0.025021037749448884	0.1685757575148457	0.4120218228697906	0.2242809221218892	0.168090679397481	531	Run1					Run1	0.9369200127894413	0.06307998721055869			
VUILD110LA	VUILD110		fold_1	0.7741173954812717	0.14695364579264786	0.6070576791871886	0.20954272917598982	0.6822896275398567	0.16627712343629963	0.017433721341923853	0.020569590747744875	0.014759625932250251	0.01072294754019334	0.031705542122675956	0.019811088661645986	0.7777441057605763	0.1438391223987693	0.25752403591244405	0.1541568932732767	0.00014271323100543268	0.0034013406896744834	0.02212152901206221	0.05548331182187591	0.10847054696061523	0.21363666350508123	0.20583555315550428	0.390908341624181	0.0027601388189086875	0.06033135602552196	0.1792434851747441	0.2058737011418205	0.12164242488938859	0.06235692021240028	0.04899768184558066	0.3187942918916349	0.00017274606372084478	0.0022280937833398565	0.04247774412680256	0.19389418113359877	0.23133961145431237	0.12715596873457563	0.07400333878719882	0.32872831591645085	1083	Run2					Run2	0.11914669985221449	0.8808533001477855			
VUILD115MA	VUILD115		fold_4	0.7851425470946152	0.14648918165316926	0.6269523774545462	0.19379920459082647	0.7026415737075346	0.15368915680857237	0.017510133851494906	0.021593375479857055	0.01214659293738942	0.008880661764890656	0.028141761013920432	0.017677642045132894	0.7902788381356045	0.14062613356128262	0.23378257276267858	0.13413830540479718	0.0006822373140085994	0.004437268539646541	0.019839350488701345	0.04507716534624746	0.08732019423266309	0.19390332589642734	0.27104997704574446	0.37769048113656084	0.0025115310308335063	0.03562311263985335	0.10689931490464558	0.19605340905502908	0.19778543627734177	0.12822444099240257	0.08957757796281278	0.24332517713708104	0.0008469646200369927	0.00204935779914487	0.02153587028659395	0.11284110566365659	0.24267923241107306	0.21658365628165108	0.13874820715543468	0.2647156057824085	948	Run2					Run2	0.02100312648457825	0.9789968735154218			
VUILD48LA2	VUILD48		fold_3	0.8441059311074643	0.13048672260595795	0.7113826042151563	0.2174265571375085	0.766938946812599	0.1681464771365741	0.010836446996026879	0.016137073795187324	0.011614302393378791	0.011216776287244054	0.023049101882621912	0.019171241518875247	0.8483837618242561	0.12903288901785867	0.19474364758583843	0.1626719311110856	2.2775832703226574e-05	0.0019249974443627004	0.011193195782076828	0.02854161866506264	0.05332827463703015	0.12872196750043913	0.2002276535194543	0.5760395166188708	0.0016671851612131432	0.0317094031146771	0.10058701176528596	0.16799137368033237	0.11020724878994664	0.053720280256486064	0.043152999029710336	0.49096449820234805	0.000114408950857998	0.0019883454706993878	0.0210244087753873	0.1022845793890197	0.18846535928803382	0.1188998698837438	0.06543251609225256	0.5017905121500051	371	Run2					Run1	0.22026998140422538	0.7797300185957746			
VUILD78LA	VUILD78		fold_1	0.833627171186473	0.1317125827432297	0.6869731736254927	0.21137190231114428	0.7517537895427407	0.1668302420255738	0.011739851982069916	0.016151772484469695	0.012901156808292078	0.011060006738593402	0.02482327774204603	0.019664669808740945	0.837887253616048	0.1310624370334384	0.21290859694919562	0.15823145543204897	0.0001109641760638146	0.0021538758110680916	0.013088264127805985	0.03324916039399404	0.0636398227270616	0.13053111999274475	0.2201478590869363	0.5370789336843252	0.002806848280293019	0.04180689265150895	0.10565969966043517	0.16386373301740864	0.13577529569541463	0.07237259093255705	0.052821066789534556	0.42489387297284764	0.00028173715545477075	0.004604517774264907	0.03229900019893185	0.10166586581339046	0.1844747154723992	0.15011966214549505	0.08399012006830178	0.44256438137176174	356	Run2					Run2	0.4446982352071749	0.5553017647928251			
VUILD78MA	VUILD78		fold_1	0.8132695162608473	0.13130677755343448	0.6516218485874264	0.19290330304612444	0.7335671573261124	0.1477474010555852	0.014012443475433957	0.017266317025733505	0.012987113934213755	0.009664679768636556	0.024748112955849163	0.016117963331480294	0.8174942025164861	0.12816298941698798	0.2269597111492763	0.13837667009078597	0.00016146620497860568	0.0012247134986156294	0.00974985044627333	0.03426987549319257	0.0750157874660605	0.15229889001583571	0.29585139685420775	0.4314280200208357	0.0008713644855172109	0.02299316515041503	0.09531510763379192	0.189660606969002	0.1820009652897731	0.12151497087339086	0.14871197527742966	0.23893184432067993	0.00019913252043374146	0.0011617714581099432	0.012214019542202647	0.07743858401766451	0.21858039416724775	0.21734684896384404	0.19399115532396663	0.27906809400653043	352	Run2					Run2	0.30058345049470936	0.6994165495052906			
VUILD91LA	VUILD91		fold_3	0.874052861530527	0.12191582917697501	0.7782079450387521	0.21645235648702488	0.8223456549581573	0.16370957164158983	0.009286543417702917	0.013771865131034034	0.00791486951658428	0.00997761801205923	0.016411153903826928	0.0173572794166145	0.8806053290681845	0.12144628120731966	0.14330142841806734	0.15408366614095062	3.231816084998581e-05	0.0007977812999478013	0.005694674803645163	0.016299388105160066	0.03588727105248923	0.10325378288511991	0.1719831598523039	0.6660516238404837	0.0002155427381195474	0.011920352791096477	0.05275583780846246	0.12203637237495832	0.11760553661145035	0.0698671243788309	0.050209670552503895	0.5753895627445778	6.545071127099613e-05	0.0002893382485407787	0.006292988727606434	0.050360474564809764	0.14030552867149443	0.1306720327675538	0.07924968895731174	0.5927644973514118	310	Run1					Run2	0.8409146072480782	0.15908539275192174			
VUILD91MA	VUILD91		fold_3	0.8376738509271258	0.13202450446474964	0.6803835082229053	0.2111435678382953	0.7535234823223343	0.16238502381136896	0.011112878413762848	0.0166006462879667	0.012927368694127079	0.010731174605679916	0.023587375669037798	0.01794779834549022	0.8428159453206062	0.12953157611979607	0.2187407672507637	0.15350706522460186	0.0001331529270661298	0.0016407980474732347	0.009504336344514109	0.023337997778770995	0.04985831395287703	0.13488085477601458	0.2762779306424193	0.5043666155308644	0.0008449660048756662	0.02326878397449992	0.08374163549000233	0.1629477387251842	0.17846248742350088	0.13167558341871974	0.08939308694205879	0.3296657180211582	0.00018451290685290861	0.0009947331579322435	0.01423946198770994	0.0754727275117436	0.18539418000961258	0.21280726438944275	0.150044201007702	0.3608629190290037	349	Run2					Run2	0.37830641980796675	0.6216935801920332			
VUILD96LA	VUILD96		fold_5	0.861182242558502	0.11722094002959872	0.720837169558435	0.18717108475105992	0.7859198700759782	0.1336056945002641	0.009716536703380166	0.014844800383231962	0.010786712638755087	0.00925271920927469	0.01946651909088671	0.01343449809464766	0.8660108903607396	0.1126548768845722	0.18713399416566842	0.1356576238350077	2.1521367822391216e-06	0.00014433985557436152	0.0035248741800064476	0.019856491691548243	0.04897902027537348	0.08360508167888776	0.2386548900635169	0.6052331501183102	1.8212911977922387e-05	0.00546210578303918	0.04899077258462924	0.1294507517230475	0.20195905447768198	0.1347794854110106	0.09461188858731079	0.3847277285213025	1.884986970580753e-06	3.1662897172016315e-05	0.0010887092216184436	0.025370032506345556	0.15209686654706184	0.2546676446050475	0.15972564845402518	0.40701755078175866	478	Run1					Run1	0.7589115231790715	0.24108847682092854			
VUILD96MA	VUILD96		fold_5	0.8545350710267361	0.10841171781146972	0.67032621244709	0.15734351801542568	0.7510103169251097	0.11644099167041326	0.009074392185772825	0.013931558844456385	0.013742134296057553	0.008387740712867863	0.023400274475802407	0.01215474619758482	0.8582136144904162	0.10425900169694996	0.23119015111875635	0.11659957560088936	1.878884162647613e-05	7.965456619608933e-05	0.0023404293587378213	0.0166745754840799	0.04886174989423418	0.08566146881616571	0.2900647759441218	0.5562985570948378	3.642834111557559e-05	0.00402073590190981	0.039175850260666535	0.13740155148032146	0.2910105288090916	0.19792355267659054	0.11556736877130741	0.2148639837589967	1.9717554411601085e-05	5.062780330993454e-05	0.0008170648992434549	0.018989486157384685	0.1688562594944793	0.35357137997047317	0.2123921578289398	0.24530330629175778	553	Run1					Run1	0.9201983070127485	0.07980169298725144			
THD0008	THD0008		fold_2	0.8310783795420484	0.13946107239454475	0.7128960020962325	0.20863610671928925	0.76795658280957	0.16208558869980494	0.01384943699534573	0.019583587765724258	0.01054064605543933	0.010274666388384195	0.022287868994516926	0.01816687900215125	0.8369035389209276	0.13563632805141906	0.18553722549995108	0.15161888283002994	0.00012673357948357906	0.004459086999496656	0.021545413784147656	0.04191178364335732	0.06338741578571544	0.11769697342230363	0.15868130425627897	0.5921912885292164	0.002762153540930568	0.04946247408552009	0.11022633179619495	0.13236737353741845	0.08800798066359042	0.05792097824748728	0.05753064827914045	0.5017220598497175	6.901331673799739e-05	0.0016772563214235384	0.03275501108250068	0.11872575259036447	0.1500233638884958	0.0996470285268151	0.07864781168966457	0.5184547625839976	650	control								control	0.7144446333644384	0.2855553666355616
THD0011	THD0011		fold_4	0.8700779127162955	0.13124666624986647	0.7826396161849614	0.2148131247671669	0.8198543198597087	0.17151574906233683	0.01035324859404069	0.016791006256614435	0.008393321459416923	0.011031070902244765	0.018083130019721786	0.020626372964304324	0.876303417446914	0.13013834388872822	0.14250565523858827	0.1611583949968942	0.0002900677004622281	0.0036465832009309937	0.017095750872390292	0.029267141209610315	0.04456171946551189	0.08203282712812399	0.10111374260321403	0.721992167819756	0.003188361478063418	0.04711754819144137	0.08901675094745654	0.08658766670614705	0.04846522251972241	0.030819764871479423	0.033663642694167065	0.6611410425915224	0.000408908380340581	0.0044720289806779966	0.0396863091069184	0.09453492474790035	0.09138216695558592	0.05270491066246023	0.042305896145799465	0.6745048550203168	395	control								control	0.8793849436463166	0.12061505635368347
TILD117LA	TILD117		fold_5	0.8471264292446109	0.12452940490848445	0.7082169601517205	0.20510649053012592	0.7719721749648873	0.15816050288018849	0.010630801660227047	0.015104890138685904	0.012024135565449314	0.010659950720051048	0.02211786093608762	0.01790139697402275	0.8516219710895517	0.12318628005504294	0.19809648392694018	0.15262924120184673	1.437080109958345e-05	0.0012193130736355686	0.008913036719495287	0.02536535194444949	0.0554448442757784	0.12461553732887855	0.21596264547814248	0.5684649003785204	0.0011345167685874508	0.026669691995504907	0.09040050734433196	0.16591602299319633	0.13681402754131602	0.07661781749005814	0.05112190298437413	0.45132551288263073	5.984319313530186e-05	0.0022859471161778932	0.01792081214920944	0.07909032389315013	0.1853199466404139	0.15868557934505068	0.08781424488259529	0.4688233027802671	429	pulmonary_fibrosis								pulmonary_fibrosis	0.1251571969267683	0.8748428030732317
TILD117MA1	TILD117		fold_5	0.8213467315398221	0.13105060272556704	0.6252573934185474	0.19440593875140913	0.7121235325848384	0.1526301977406704	0.0114874301761382	0.01758524900623717	0.01656607723646555	0.010818947985251254	0.0284932927103458	0.017613586863568374	0.8253594076189643	0.12807054955370098	0.2662247687577808	0.1469943644449618	3.9050016440209444e-05	0.0019745784865747417	0.011276923367546064	0.029728243099900617	0.05779229885797668	0.14030156401100013	0.32476235547632	0.43412498668424127	0.0017825083923023429	0.028989332027008523	0.1014619831217021	0.23019018824228726	0.21035481846455417	0.11083772352907449	0.06112683215051241	0.2552566140725584	0.00010166356269612424	0.0015785777055786273	0.016791018109802745	0.09328428438042538	0.26044384217232297	0.23362997723517037	0.11667459726113559	0.2774960395728679	487	pulmonary_fibrosis								pulmonary_fibrosis	0.004168249301944038	0.995831750698056
TILD175MA	TILD175		fold_2	0.8417306435941505	0.12963180920128825	0.7012384594454579	0.19360283601864092	0.7704857853424767	0.14869511882695638	0.01199541416187261	0.017616468728756458	0.011706219861823453	0.009778002858997204	0.02148627691111634	0.016330233078490484	0.84673530757761	0.12616173813297363	0.19847046493664405	0.14005102571748598	0.0004111192627596666	0.002680201840019472	0.01206319109600704	0.030312542876650157	0.053300422507439424	0.1084712038758292	0.23801164657071006	0.5547496719705847	0.0018321884468653065	0.027455228764463217	0.07997001516436822	0.14513201697658243	0.15610765141626043	0.11220917664817795	0.08784118524183199	0.38945253734145013	0.0006338438599821675	0.0017710431143379572	0.013817358489339833	0.06887726145149511	0.17015179037928577	0.18758296518061923	0.13573381660851197	0.42143192091642767	386	pulmonary_fibrosis								pulmonary_fibrosis	0.15389999474041194	0.8461000052595881
VUHD069	VUHD069		fold_3	0.8584572871017133	0.13245567044876144	0.7774841357905069	0.20910238682239102	0.8132062935740015	0.16021248573802147	0.011937446614856292	0.018366898603246036	0.007069616468866481	0.00966443323137247	0.01727423670997466	0.017392034674005366	0.8644005276732425	0.1286770094437377	0.13364310511426744	0.15124828739772356	0.00013698047729222913	0.0047391256179422124	0.01804233391237278	0.02677405917993571	0.039061103250702486	0.08792688738204703	0.12940290443921948	0.6939166057404877	0.00247260834121767	0.03509147360030318	0.0658615416254284	0.10325760118176312	0.06890103470950186	0.03958166324166235	0.04737964247434757	0.6374544348257756	8.51396538247547e-05	0.0017982315767845506	0.02389098094877096	0.07395866580618189	0.11658986959956082	0.07519732112674295	0.060685300103140646	0.6477944911849932	309	control								control	0.9921982752260654	0.007801724773934634
VUHD095	VUHD095		fold_1	0.8630446583653132	0.13710587594416226	0.7792544502270089	0.21838520918467164	0.8141747541638676	0.1693694246810844	0.011234955556763088	0.01796143366501384	0.007622392886024659	0.010323040855931772	0.01776932507701362	0.019074762608000385	0.868994327918051	0.1349726300066831	0.13944868036712016	0.1572285336190827	8.627115187285694e-05	0.0036969296162198467	0.016923664599947662	0.031743316580486014	0.0464515956070724	0.08349777833463237	0.10876139582091379	0.7088390482888548	0.0020736898825483197	0.03969117850428539	0.08207503068579618	0.09269848773690458	0.060284552309856465	0.038095172069257346	0.03977976235949371	0.6453021264518577	0.00012861295151240002	0.0023714580676827027	0.02878567664860406	0.08793879955785369	0.10469697123616427	0.06689302924304301	0.05387462066755112	0.6553108316275885	141	control								control	0.9788645494079173	0.02113545059208263
VUHD113	VUHD113		fold_5	0.9078465946795522	0.10731032491728053	0.8688035190077996	0.17871452947611172	0.8816791422479754	0.1374013734984026	0.007734240016584989	0.013462178451179755	0.0037023909818196254	0.008231639203452622	0.010603171255671041	0.015078060434252501	0.9140193861616639	0.10559874162739256	0.0752675172894955	0.12872937491208444	4.7739954477248206e-05	0.002247229297311523	0.008990062926477211	0.014520978334084802	0.022658396537866745	0.04045145693245068	0.052226308327852584	0.8588578276894789	0.000958779251800897	0.020416919454718317	0.03969635888037136	0.04144253160446805	0.02749378121053061	0.022369291688287336	0.032561897128251575	0.8150604407815716	1.5710974277504156e-05	0.0011794090622570831	0.015368826865524222	0.04217219050566824	0.0462960653581992	0.032880012599075865	0.03882258826423276	0.8232651963707648	361	control								control	0.9998125485128541	0.00018745148714593507
VUHD116A	VUHD116		fold_1	0.8972290929556948	0.10199759369312253	0.8311506608635395	0.18200256099317172	0.8586015775017679	0.13598470125621326	0.007957871010332157	0.01229071564832241	0.005708184728476545	0.00920651979022567	0.012719871924186677	0.01459248401340443	0.9020644660517145	0.1003269505509627	0.10060615423360557	0.13802802786365162	1.2020098843384888e-05	0.000626446504155028	0.005558338431311261	0.016019969973808112	0.02627497031058187	0.044341540425777044	0.1075472402723682	0.7996194739831549	0.000212002993518724	0.013329293062611236	0.0435108889650542	0.07913653766029065	0.060278600873710494	0.03341540259129143	0.043374196930802744	0.7267430769227202	9.737311831283555e-06	0.00013834155907583066	0.005782198136232531	0.041519807948533036	0.09251398777632977	0.0673627513616151	0.0559566946913442	0.736716481215038	225	control								control	0.7788040231427114	0.22119597685728862
VUHD116B	VUHD116		fold_1	0.8635762535618314	0.11613078053646035	0.7399267640268646	0.18524047575600608	0.796558735913474	0.13645561908921866	0.009865839104919324	0.015076453426842542	0.00995184105034177	0.009199809651080902	0.018712314046351135	0.014221977242744798	0.8682681661809372	0.11183264569765161	0.16992403000162545	0.1366690133514008	1.278772521698553e-05	0.0005306713153679283	0.006256327271200591	0.022811088471527723	0.04423396061930505	0.07534179215119009	0.2157682270159793	0.635045145430212	0.00011849410143354117	0.011233171808623862	0.056388952268609495	0.13814670853950017	0.16287496686274885	0.08016293749723782	0.057166304964398014	0.493908463957448	2.7147673490567206e-05	9.83457486904865e-05	0.0031486259796090865	0.04188756089165717	0.16664877793241256	0.1839306803117569	0.09534765177254498	0.5089112096898379	311	pulmonary_fibrosis								control	0.050866764502532136	0.9491332354974679
VUILD102LA	VUILD102		fold_4	0.8677182289961738	0.10649983631567936	0.7459506565220212	0.1874164002101295	0.8017806060257563	0.13764740028370376	0.008980156117037752	0.012210527370976401	0.009446200256935617	0.009340815918529297	0.0180659967875926	0.014356048905097184	0.8716931012950125	0.10557816097054058	0.16479364578156921	0.138063548083309	2.4526716744061917e-05	0.00017288144315541403	0.002478660513556201	0.012963920842728125	0.03567959303461232	0.08736436889998841	0.24552473870369573	0.6157913098455196	7.224802896665258e-05	0.00634578135111974	0.042296146954153124	0.12004101344992814	0.16822756855791324	0.12320402064881704	0.08163894918131599	0.4581742718277858	2.511996835846612e-05	4.0571668496749766e-05	0.0017191203383201059	0.03160661274415095	0.1373961547463293	0.20741068497187462	0.14117604645663032	0.4806256891058393	428	pulmonary_fibrosis								pulmonary_fibrosis	0.24984738004882334	0.7501526199511767
VUILD102MA	VUILD102		fold_4	0.8636233179046902	0.09815741952600789	0.7114338281082387	0.16486978960950407	0.7817631011255881	0.12045511208147852	0.008403792550995728	0.011269062371624073	0.011275860788955325	0.00848056499419532	0.019939612176543962	0.012511541377127454	0.8666828767572202	0.09718457518068725	0.19435215046841706	0.12054342781922922	5.249734437937708e-05	0.00012340930716936346	0.0012671982333296596	0.008199264385065639	0.030266495221649436	0.08969878774740932	0.3135574975153285	0.5568348502456685	9.793251898647387e-05	0.0032324971682331158	0.03140304694211939	0.11281094451270024	0.21493145444995537	0.21045285388693127	0.14108472848884357	0.28598654203223034	7.04911540886771e-05	6.844957268515418e-05	0.0008312190834634772	0.019454625826938667	0.12019685517994409	0.28653654159843517	0.24866673390515995	0.32417508367928455	528	pulmonary_fibrosis								pulmonary_fibrosis	0.04677441940632654	0.9532255805936735
VUILD104MA1	VUILD104		fold_2	0.8234936294439911	0.13030162396751382	0.6614285723313877	0.20692788566710904	0.7310036153428989	0.1608218512618276	0.01198464948916661	0.016470235550650445	0.013675916268384457	0.010859453197883768	0.026571498610647316	0.018580939763394828	0.8278268044946749	0.12830536313794205	0.23132326700062567	0.1537280580270106	2.3609576980065668e-05	0.001528089915245338	0.010614855883397696	0.03001896786499482	0.06450204797122858	0.15730852239872084	0.2585473690903039	0.47745653729912846	0.0009993562920794649	0.030534541821614747	0.11089432585836062	0.195309040762146	0.1572554867561058	0.0911415111312979	0.06111005368328783	0.35275568369510735	2.8180870136745075e-05	0.0014069984434356528	0.022005301078726818	0.10702436284071026	0.22171016371683927	0.1769694971263257	0.10170999624841942	0.3691454996754059	349	pulmonary_fibrosis								pulmonary_fibrosis	0.013020370344295595	0.9869796296557044
VUILD104MA2	VUILD104		fold_2	0.8320385688748451	0.12738964225647872	0.6878737095316245	0.19730440920644457	0.7545649095215636	0.15195071783666136	0.012192380963748032	0.016541537870658016	0.011520836599149034	0.009928930110325649	0.023233460512370355	0.0170114004513905	0.8365636950164993	0.12444684157658613	0.20418193244748123	0.14354832370262505	0.0001509561642863557	0.0020719133313546164	0.010194704185562828	0.025549738796409337	0.05622939664172281	0.13542657364625366	0.27508495632788443	0.4952917609065257	0.0015628376333004673	0.024034814035115454	0.07655800820267816	0.15648812203398715	0.17684740923585526	0.12636083285638866	0.08325084144715668	0.35489713455551786	0.00025098457044578907	0.0021213002783715424	0.0156202166630675	0.06884273953624523	0.18364454013585768	0.21415614397602706	0.13742010105509095	0.37794397378489397	438	pulmonary_fibrosis								pulmonary_fibrosis	0.03746058103318339	0.9625394189668166
VUILD105MA2	VUILD105		fold_4	0.8122882629838304	0.1366853582520882	0.6717539522272281	0.20045803345071378	0.7323928262189358	0.16027951037990998	0.014387206671521522	0.019214120081290816	0.011350409740582532	0.009954321465185349	0.026354526942856702	0.01970743957227969	0.8169322090113018	0.13335447663890454	0.2102357941867226	0.14604517270967504	0.0008236398841105216	0.0047322872859960384	0.018074506560777182	0.03657522488136539	0.0657021953382897	0.1521224869990569	0.24960234092433642	0.4723673181260676	0.004155221630921651	0.04332715850579964	0.09836350982168422	0.15005376029039388	0.15487471156256477	0.11056215209622192	0.07493250162616337	0.36373098446625024	0.00141456374487504	0.006275941172202766	0.03332571927182068	0.10207456300199678	0.18191118053689317	0.17728403807302945	0.11727963811235649	0.38043435608682535	306	pulmonary_fibrosis								pulmonary_fibrosis	0.003103828757958116	0.9968961712420419
VUILD106MA	VUILD106		fold_3	0.7759462389331367	0.1314400173259389	0.5836052279345638	0.1778166017148439	0.6686880851305935	0.1434251064401859	0.015851023247365207	0.01781877549779913	0.015114686795161337	0.008716305922519794	0.03254585517710419	0.016744486135361128	0.7794024469102218	0.1280658255426038	0.2741891647537089	0.1253144395832473	9.483148974045944e-05	0.001282568866253741	0.010998197907974672	0.03802809676504796	0.0942641966501309	0.25135024229440295	0.31425878782419125	0.28972307820225773	0.0007408429446781435	0.025365477897854	0.12477688699253892	0.2699227968369626	0.23397352872217583	0.11333406723021777	0.05588399933295795	0.17600240004261447	0.00013391982407407775	0.001211621030211555	0.01671433270785388	0.13233512772532918	0.32171963281003074	0.23589775215694675	0.1019756580880492	0.19001195565750437	1186	pulmonary_fibrosis								pulmonary_fibrosis	0.0006406324633703164	0.9993593675366297
VUILD107MA	VUILD107		fold_2	0.8366937749884102	0.1182015054216849	0.6379758070998387	0.1513117240363794	0.730558836501807	0.10978458392387512	0.010745694619239627	0.016478305892541664	0.015033085035351721	0.007834964463470222	0.024953024964875708	0.01121355206428156	0.8411415373723025	0.11115835894257234	0.25371105693308843	0.10655758361018365	0.00018529222015913388	0.0006119316806757374	0.005637563727279043	0.02522695501671278	0.05480058581200397	0.09770164929183653	0.3359786631321053	0.4798573591192273	0.0003404022195818177	0.008165203880381095	0.05202668571206315	0.14559309506320242	0.3173736406786318	0.23243852491568073	0.09682667359443657	0.14723577393602216	0.00025481385563656497	0.0004685182915072437	0.0012864481994005754	0.025021037749448884	0.1685757575148457	0.4120218228697906	0.2242809221218892	0.168090679397481	531	pulmonary_fibrosis								pulmonary_fibrosis	0.01441073261550685	0.9855892673844932
VUILD110LA	VUILD110		fold_1	0.7741173954812717	0.14695364579264786	0.6070576791871886	0.20954272917598982	0.6822896275398567	0.16627712343629963	0.017433721341923853	0.020569590747744875	0.014759625932250251	0.01072294754019334	0.031705542122675956	0.019811088661645986	0.7777441057605763	0.1438391223987693	0.25752403591244405	0.1541568932732767	0.00014271323100543268	0.0034013406896744834	0.02212152901206221	0.05548331182187591	0.10847054696061523	0.21363666350508123	0.20583555315550428	0.390908341624181	0.0027601388189086875	0.06033135602552196	0.1792434851747441	0.2058737011418205	0.12164242488938859	0.06235692021240028	0.04899768184558066	0.3187942918916349	0.00017274606372084478	0.0022280937833398565	0.04247774412680256	0.19389418113359877	0.23133961145431237	0.12715596873457563	0.07400333878719882	0.32872831591645085	1083	pulmonary_fibrosis								pulmonary_fibrosis	0.31375181065311586	0.6862481893468841
VUILD115MA	VUILD115		fold_4	0.7851425470946152	0.14648918165316926	0.6269523774545462	0.19379920459082647	0.7026415737075346	0.15368915680857237	0.017510133851494906	0.021593375479857055	0.01214659293738942	0.008880661764890656	0.028141761013920432	0.017677642045132894	0.7902788381356045	0.14062613356128262	0.23378257276267858	0.13413830540479718	0.0006822373140085994	0.004437268539646541	0.019839350488701345	0.04507716534624746	0.08732019423266309	0.19390332589642734	0.27104997704574446	0.37769048113656084	0.0025115310308335063	0.03562311263985335	0.10689931490464558	0.19605340905502908	0.19778543627734177	0.12822444099240257	0.08957757796281278	0.24332517713708104	0.0008469646200369927	0.00204935779914487	0.02153587028659395	0.11284110566365659	0.24267923241107306	0.21658365628165108	0.13874820715543468	0.2647156057824085	948	pulmonary_fibrosis								pulmonary_fibrosis	0.008870282178178202	0.9911297178218218
VUILD48LA2	VUILD48		fold_3	0.8441059311074643	0.13048672260595795	0.7113826042151563	0.2174265571375085	0.766938946812599	0.1681464771365741	0.010836446996026879	0.016137073795187324	0.011614302393378791	0.011216776287244054	0.023049101882621912	0.019171241518875247	0.8483837618242561	0.12903288901785867	0.19474364758583843	0.1626719311110856	2.2775832703226574e-05	0.0019249974443627004	0.011193195782076828	0.02854161866506264	0.05332827463703015	0.12872196750043913	0.2002276535194543	0.5760395166188708	0.0016671851612131432	0.0317094031146771	0.10058701176528596	0.16799137368033237	0.11020724878994664	0.053720280256486064	0.043152999029710336	0.49096449820234805	0.000114408950857998	0.0019883454706993878	0.0210244087753873	0.1022845793890197	0.18846535928803382	0.1188998698837438	0.06543251609225256	0.5017905121500051	371	pulmonary_fibrosis								pulmonary_fibrosis	0.4676004201567967	0.5323995798432033
VUILD78LA	VUILD78		fold_1	0.833627171186473	0.1317125827432297	0.6869731736254927	0.21137190231114428	0.7517537895427407	0.1668302420255738	0.011739851982069916	0.016151772484469695	0.012901156808292078	0.011060006738593402	0.02482327774204603	0.019664669808740945	0.837887253616048	0.1310624370334384	0.21290859694919562	0.15823145543204897	0.0001109641760638146	0.0021538758110680916	0.013088264127805985	0.03324916039399404	0.0636398227270616	0.13053111999274475	0.2201478590869363	0.5370789336843252	0.002806848280293019	0.04180689265150895	0.10565969966043517	0.16386373301740864	0.13577529569541463	0.07237259093255705	0.052821066789534556	0.42489387297284764	0.00028173715545477075	0.004604517774264907	0.03229900019893185	0.10166586581339046	0.1844747154723992	0.15011966214549505	0.08399012006830178	0.44256438137176174	356	pulmonary_fibrosis								pulmonary_fibrosis	0.14821261403255226	0.8517873859674477
VUILD78MA	VUILD78		fold_1	0.8132695162608473	0.13130677755343448	0.6516218485874264	0.19290330304612444	0.7335671573261124	0.1477474010555852	0.014012443475433957	0.017266317025733505	0.012987113934213755	0.009664679768636556	0.024748112955849163	0.016117963331480294	0.8174942025164861	0.12816298941698798	0.2269597111492763	0.13837667009078597	0.00016146620497860568	0.0012247134986156294	0.00974985044627333	0.03426987549319257	0.0750157874660605	0.15229889001583571	0.29585139685420775	0.4314280200208357	0.0008713644855172109	0.02299316515041503	0.09531510763379192	0.189660606969002	0.1820009652897731	0.12151497087339086	0.14871197527742966	0.23893184432067993	0.00019913252043374146	0.0011617714581099432	0.012214019542202647	0.07743858401766451	0.21858039416724775	0.21734684896384404	0.19399115532396663	0.27906809400653043	352	pulmonary_fibrosis								pulmonary_fibrosis	0.0026779347726794134	0.9973220652273206
VUILD91LA	VUILD91		fold_3	0.874052861530527	0.12191582917697501	0.7782079450387521	0.21645235648702488	0.8223456549581573	0.16370957164158983	0.009286543417702917	0.013771865131034034	0.00791486951658428	0.00997761801205923	0.016411153903826928	0.0173572794166145	0.8806053290681845	0.12144628120731966	0.14330142841806734	0.15408366614095062	3.231816084998581e-05	0.0007977812999478013	0.005694674803645163	0.016299388105160066	0.03588727105248923	0.10325378288511991	0.1719831598523039	0.6660516238404837	0.0002155427381195474	0.011920352791096477	0.05275583780846246	0.12203637237495832	0.11760553661145035	0.0698671243788309	0.050209670552503895	0.5753895627445778	6.545071127099613e-05	0.0002893382485407787	0.006292988727606434	0.050360474564809764	0.14030552867149443	0.1306720327675538	0.07924968895731174	0.5927644973514118	310	control								pulmonary_fibrosis	0.8778231914058399	0.12217680859416014
VUILD91MA	VUILD91		fold_3	0.8376738509271258	0.13202450446474964	0.6803835082229053	0.2111435678382953	0.7535234823223343	0.16238502381136896	0.011112878413762848	0.0166006462879667	0.012927368694127079	0.010731174605679916	0.023587375669037798	0.01794779834549022	0.8428159453206062	0.12953157611979607	0.2187407672507637	0.15350706522460186	0.0001331529270661298	0.0016407980474732347	0.009504336344514109	0.023337997778770995	0.04985831395287703	0.13488085477601458	0.2762779306424193	0.5043666155308644	0.0008449660048756662	0.02326878397449992	0.08374163549000233	0.1629477387251842	0.17846248742350088	0.13167558341871974	0.08939308694205879	0.3296657180211582	0.00018451290685290861	0.0009947331579322435	0.01423946198770994	0.0754727275117436	0.18539418000961258	0.21280726438944275	0.150044201007702	0.3608629190290037	349	pulmonary_fibrosis								pulmonary_fibrosis	0.03037952613743966	0.9696204738625603
VUILD96LA	VUILD96		fold_5	0.861182242558502	0.11722094002959872	0.720837169558435	0.18717108475105992	0.7859198700759782	0.1336056945002641	0.009716536703380166	0.014844800383231962	0.010786712638755087	0.00925271920927469	0.01946651909088671	0.01343449809464766	0.8660108903607396	0.1126548768845722	0.18713399416566842	0.1356576238350077	2.1521367822391216e-06	0.00014433985557436152	0.0035248741800064476	0.019856491691548243	0.04897902027537348	0.08360508167888776	0.2386548900635169	0.6052331501183102	1.8212911977922387e-05	0.00546210578303918	0.04899077258462924	0.1294507517230475	0.20195905447768198	0.1347794854110106	0.09461188858731079	0.3847277285213025	1.884986970580753e-06	3.1662897172016315e-05	0.0010887092216184436	0.025370032506345556	0.15209686654706184	0.2546676446050475	0.15972564845402518	0.40701755078175866	478	pulmonary_fibrosis								pulmonary_fibrosis	0.16093694768292865	0.8390630523170713
VUILD96MA	VUILD96		fold_5	0.8545350710267361	0.10841171781146972	0.67032621244709	0.15734351801542568	0.7510103169251097	0.11644099167041326	0.009074392185772825	0.013931558844456385	0.013742134296057553	0.008387740712867863	0.023400274475802407	0.01215474619758482	0.8582136144904162	0.10425900169694996	0.23119015111875635	0.11659957560088936	1.878884162647613e-05	7.965456619608933e-05	0.0023404293587378213	0.0166745754840799	0.04886174989423418	0.08566146881616571	0.2900647759441218	0.5562985570948378	3.642834111557559e-05	0.00402073590190981	0.039175850260666535	0.13740155148032146	0.2910105288090916	0.19792355267659054	0.11556736877130741	0.2148639837589967	1.9717554411601085e-05	5.062780330993454e-05	0.0008170648992434549	0.018989486157384685	0.1688562594944793	0.35357137997047317	0.2123921578289398	0.24530330629175778	553	pulmonary_fibrosis								pulmonary_fibrosis	0.0231858735793673	0.9768141264206327
