sample_id	donor_id	disease	n_regions	regions_with_neighbor	fraction_regions_with_8_neighbor	median_nearest_nonempty_region_distance_um	mean_nearest_nonempty_region_distance_um	moran_I_log1p_cell_count_8_neighbor
THD0008	THD0008	control	650	638	0.9815384615384616	150.0	153.27390290702732	0.37361718401314775
THD0011	THD0011	control	395	392	0.9924050632911392	150.0	151.7684256643642	0.2978114224772153
TILD117LA	TILD117	pulmonary_fibrosis	429	427	0.9953379953379954	150.0	151.54018124031037	0.37828240952655634
TILD117MA1	TILD117	pulmonary_fibrosis	487	484	0.9938398357289527	150.0	151.74033312316413	0.3373333472512555
TILD175MA	TILD175	pulmonary_fibrosis	386	383	0.9922279792746114	150.0	151.48773074795835	0.32132371000837323
VUHD069	VUHD069	control	309	307	0.9935275080906149	150.0	151.5350862428002	0.3836982447159203
VUHD095	VUHD095	control	141	137	0.9716312056737588	150.0	157.83590033269886	0.29029478262986874
VUHD113	VUHD113	control	361	358	0.9916897506925207	150.0	152.6179624985093	0.15781092131730803
VUHD116A	VUHD116	control	225	225	1.0	150.0	150.0	0.13190032881563726
VUHD116B	VUHD116	control	311	311	1.0	150.0	150.0	0.2904762243846027
VUILD102LA	VUILD102	pulmonary_fibrosis	428	425	0.9929906542056075	150.0	152.1845836934698	0.22647993063769306
VUILD102MA	VUILD102	pulmonary_fibrosis	528	527	0.9981060606060606	150.0	150.5194395240756	0.22846806463183994
VUILD104MA1	VUILD104	pulmonary_fibrosis	349	349	1.0	150.0	150.1780287517363	0.3378621707162653
VUILD104MA2	VUILD104	pulmonary_fibrosis	438	436	0.9954337899543378	150.0	151.11049338599975	0.354518603143767
VUILD105MA2	VUILD105	pulmonary_fibrosis	306	304	0.9934640522875817	150.0	151.87667996311086	0.3448801207488654
VUILD106MA	VUILD106	pulmonary_fibrosis	1186	1182	0.9966273187183811	150.0	150.86977921192505	0.409257757628115
VUILD107MA	VUILD107	pulmonary_fibrosis	531	531	1.0	150.0	150.11700948089634	0.3478975479239336
VUILD110LA	VUILD110	pulmonary_fibrosis	1083	1077	0.9944598337950139	150.0	151.81804261759365	0.3068464445954681
VUILD115MA	VUILD115	pulmonary_fibrosis	948	940	0.9915611814345991	150.0	152.66750974451503	0.32777818206022863
VUILD48LA2	VUILD48	pulmonary_fibrosis	371	370	0.9973045822102425	150.0	150.49975794238537	0.20186602400919446
VUILD78LA	VUILD78	pulmonary_fibrosis	356	352	0.9887640449438202	150.0	153.74978719239255	0.3813222064677587
VUILD78MA	VUILD78	pulmonary_fibrosis	352	350	0.9943181818181818	150.0	151.63143201338616	0.22562555203318357
VUILD91LA	VUILD91	pulmonary_fibrosis	310	310	1.0	150.0	150.2004259172773	0.19353376761534136
VUILD91MA	VUILD91	pulmonary_fibrosis	349	347	0.994269340974212	150.0	151.5688889139855	0.23298542170751765
VUILD96LA	VUILD96	pulmonary_fibrosis	478	478	1.0	150.0	150.12998333547273	0.23522943189325932
VUILD96MA	VUILD96	pulmonary_fibrosis	553	552	0.9981916817359855	150.0	151.03845220381905	0.3108674227526972
