target	effect	loss	donor_id	n_regions	paired_gain	improved	independent_weight
epithelial_injury	DeltaR2_morph	SSE_GAIN	THD0008	313	-14.493871475664484	False	1
epithelial_injury	DeltaR2_morph	SSE_GAIN	THD0011	124	-20.935939315883065	False	1
epithelial_injury	DeltaR2_morph	SSE_GAIN	TILD117	326	24.777929667718382	True	1
epithelial_injury	DeltaR2_morph	SSE_GAIN	TILD175	145	39.75803676880201	True	1
epithelial_injury	DeltaR2_morph	SSE_GAIN	VUHD069	74	2.184274717247148	True	1
epithelial_injury	DeltaR2_morph	SSE_GAIN	VUHD095	57	-2.0391962077483674	False	1
epithelial_injury	DeltaR2_morph	SSE_GAIN	VUHD113	6	0.16207223860085457	True	1
epithelial_injury	DeltaR2_morph	SSE_GAIN	VUHD116	171	-27.495270957320535	False	1
epithelial_injury	DeltaR2_morph	SSE_GAIN	VUILD102	133	8.54748885820042	True	1
epithelial_injury	DeltaR2_morph	SSE_GAIN	VUILD104	150	10.937749517680238	True	1
epithelial_injury	DeltaR2_morph	SSE_GAIN	VUILD105	28	4.179006587261804	True	1
epithelial_injury	DeltaR2_morph	SSE_GAIN	VUILD106	155	23.64177607844968	True	1
epithelial_injury	DeltaR2_morph	SSE_GAIN	VUILD107	93	14.215566855385475	True	1
epithelial_injury	DeltaR2_morph	SSE_GAIN	VUILD110	319	-30.546714988854205	False	1
epithelial_injury	DeltaR2_morph	SSE_GAIN	VUILD115	190	-47.3940439882099	False	1
epithelial_injury	DeltaR2_morph	SSE_GAIN	VUILD48	80	4.139689783885686	True	1
epithelial_injury	DeltaR2_morph	SSE_GAIN	VUILD78	384	0.10215671701936913	True	1
epithelial_injury	DeltaR2_morph	SSE_GAIN	VUILD91	84	30.38204436078071	True	1
epithelial_injury	DeltaR2_morph	SSE_GAIN	VUILD96	387	46.63663161431069	True	1
epithelial_injury	DeltaR2_morph	MAE_GAIN	THD0008	313	-0.04444125354457629	False	1
epithelial_injury	DeltaR2_morph	MAE_GAIN	THD0011	124	-0.18608146602417897	False	1
epithelial_injury	DeltaR2_morph	MAE_GAIN	TILD117	326	0.04589091001752715	True	1
epithelial_injury	DeltaR2_morph	MAE_GAIN	TILD175	145	0.12531696255997704	True	1
epithelial_injury	DeltaR2_morph	MAE_GAIN	VUHD069	74	0.04119438392326891	True	1
epithelial_injury	DeltaR2_morph	MAE_GAIN	VUHD095	57	-0.052158836157117056	False	1
epithelial_injury	DeltaR2_morph	MAE_GAIN	VUHD113	6	0.041414125701843524	True	1
epithelial_injury	DeltaR2_morph	MAE_GAIN	VUHD116	171	-0.20141475752529278	False	1
epithelial_injury	DeltaR2_morph	MAE_GAIN	VUILD102	133	0.07709083265894595	True	1
epithelial_injury	DeltaR2_morph	MAE_GAIN	VUILD104	150	0.08279985213004476	True	1
epithelial_injury	DeltaR2_morph	MAE_GAIN	VUILD105	28	0.11148281805254079	True	1
epithelial_injury	DeltaR2_morph	MAE_GAIN	VUILD106	155	0.07793979058592548	True	1
epithelial_injury	DeltaR2_morph	MAE_GAIN	VUILD107	93	0.1223129898064742	True	1
epithelial_injury	DeltaR2_morph	MAE_GAIN	VUILD110	319	-0.053975093854517486	False	1
epithelial_injury	DeltaR2_morph	MAE_GAIN	VUILD115	190	-0.13270501622617414	False	1
epithelial_injury	DeltaR2_morph	MAE_GAIN	VUILD48	80	0.049085464702558645	True	1
epithelial_injury	DeltaR2_morph	MAE_GAIN	VUILD78	384	0.00975288431138499	True	1
epithelial_injury	DeltaR2_morph	MAE_GAIN	VUILD91	84	0.18093194276528424	True	1
epithelial_injury	DeltaR2_morph	MAE_GAIN	VUILD96	387	0.12396816260839522	True	1
epithelial_injury	Residual_R2	SSE_GAIN	THD0008	313	1.994568592547374	True	1
epithelial_injury	Residual_R2	SSE_GAIN	THD0011	124	-1.3395563442150316	False	1
epithelial_injury	Residual_R2	SSE_GAIN	TILD117	326	-2.8316169456354316	False	1
epithelial_injury	Residual_R2	SSE_GAIN	TILD175	145	-4.1807196047906245	False	1
epithelial_injury	Residual_R2	SSE_GAIN	VUHD069	74	0.49593176489994395	True	1
epithelial_injury	Residual_R2	SSE_GAIN	VUHD095	57	-3.2216141462900056	False	1
epithelial_injury	Residual_R2	SSE_GAIN	VUHD113	6	0.036560705385504266	True	1
epithelial_injury	Residual_R2	SSE_GAIN	VUHD116	171	0.40748826727051224	True	1
epithelial_injury	Residual_R2	SSE_GAIN	VUILD102	133	6.201560296039467	True	1
epithelial_injury	Residual_R2	SSE_GAIN	VUILD104	150	1.8241810696577119	True	1
epithelial_injury	Residual_R2	SSE_GAIN	VUILD105	28	3.1268389722955057	True	1
epithelial_injury	Residual_R2	SSE_GAIN	VUILD106	155	-0.9626358739661782	False	1
epithelial_injury	Residual_R2	SSE_GAIN	VUILD107	93	-0.8669430675879468	False	1
epithelial_injury	Residual_R2	SSE_GAIN	VUILD110	319	-72.72105051110861	False	1
epithelial_injury	Residual_R2	SSE_GAIN	VUILD115	190	-88.2510568053578	False	1
epithelial_injury	Residual_R2	SSE_GAIN	VUILD48	80	1.284936121263934	True	1
epithelial_injury	Residual_R2	SSE_GAIN	VUILD78	384	-18.118271392771277	False	1
epithelial_injury	Residual_R2	SSE_GAIN	VUILD91	84	3.185074173695824	True	1
epithelial_injury	Residual_R2	SSE_GAIN	VUILD96	387	1.3597577867770099	True	1
epithelial_injury	Residual_R2	MAE_GAIN	THD0008	313	0.010130693702120497	True	1
epithelial_injury	Residual_R2	MAE_GAIN	THD0011	124	-0.020641815675745856	False	1
epithelial_injury	Residual_R2	MAE_GAIN	TILD117	326	-0.005744323900600867	False	1
epithelial_injury	Residual_R2	MAE_GAIN	TILD175	145	-0.01803060799479894	False	1
epithelial_injury	Residual_R2	MAE_GAIN	VUHD069	74	0.010007467389040015	True	1
epithelial_injury	Residual_R2	MAE_GAIN	VUHD095	57	-0.06798953804246152	False	1
epithelial_injury	Residual_R2	MAE_GAIN	VUHD113	6	0.00723349749486063	True	1
epithelial_injury	Residual_R2	MAE_GAIN	VUHD116	171	0.008728087729497486	True	1
epithelial_injury	Residual_R2	MAE_GAIN	VUILD102	133	0.0476703116232845	True	1
epithelial_injury	Residual_R2	MAE_GAIN	VUILD104	150	0.009666072929938652	True	1
epithelial_injury	Residual_R2	MAE_GAIN	VUILD105	28	0.08062198798018955	True	1
epithelial_injury	Residual_R2	MAE_GAIN	VUILD106	155	-0.007273119728718802	False	1
epithelial_injury	Residual_R2	MAE_GAIN	VUILD107	93	-0.0038970464095074986	False	1
epithelial_injury	Residual_R2	MAE_GAIN	VUILD110	319	-0.13056744810664067	False	1
epithelial_injury	Residual_R2	MAE_GAIN	VUILD115	190	-0.24965462862797583	False	1
epithelial_injury	Residual_R2	MAE_GAIN	VUILD48	80	0.017291838456999664	True	1
epithelial_injury	Residual_R2	MAE_GAIN	VUILD78	384	-0.025038117091363887	False	1
epithelial_injury	Residual_R2	MAE_GAIN	VUILD91	84	0.01410412734483435	True	1
epithelial_injury	Residual_R2	MAE_GAIN	VUILD96	387	0.001987483868537643	True	1
fibroblast_activation	DeltaR2_morph	SSE_GAIN	THD0008	275	31.908356709744893	True	1
fibroblast_activation	DeltaR2_morph	SSE_GAIN	THD0011	64	-13.343906875657453	False	1
fibroblast_activation	DeltaR2_morph	SSE_GAIN	TILD117	511	68.76633556052055	True	1
fibroblast_activation	DeltaR2_morph	SSE_GAIN	TILD175	143	13.23650828197075	True	1
fibroblast_activation	DeltaR2_morph	SSE_GAIN	VUHD069	25	0.5176974273785042	True	1
fibroblast_activation	DeltaR2_morph	SSE_GAIN	VUHD095	10	-3.2643066639815395	False	1
fibroblast_activation	DeltaR2_morph	SSE_GAIN	VUHD113	1	-0.16591070248460105	False	1
fibroblast_activation	DeltaR2_morph	SSE_GAIN	VUHD116	110	-38.97158449197104	False	1
fibroblast_activation	DeltaR2_morph	SSE_GAIN	VUILD102	291	-10.77642057687202	False	1
fibroblast_activation	DeltaR2_morph	SSE_GAIN	VUILD104	340	68.28220510030688	True	1
fibroblast_activation	DeltaR2_morph	SSE_GAIN	VUILD105	96	15.25973065098475	True	1
fibroblast_activation	DeltaR2_morph	SSE_GAIN	VUILD106	854	1791.3619006528859	True	1
fibroblast_activation	DeltaR2_morph	SSE_GAIN	VUILD107	336	39.60217977947811	True	1
fibroblast_activation	DeltaR2_morph	SSE_GAIN	VUILD110	264	20.818260180539852	True	1
fibroblast_activation	DeltaR2_morph	SSE_GAIN	VUILD115	660	96.75889437196835	True	1
fibroblast_activation	DeltaR2_morph	SSE_GAIN	VUILD48	126	11.041048851394137	True	1
fibroblast_activation	DeltaR2_morph	SSE_GAIN	VUILD78	215	0.6790045154072004	True	1
fibroblast_activation	DeltaR2_morph	SSE_GAIN	VUILD91	265	-53.11361807148098	False	1
fibroblast_activation	DeltaR2_morph	SSE_GAIN	VUILD96	283	-28.016110475586515	False	1
fibroblast_activation	DeltaR2_morph	MAE_GAIN	THD0008	275	0.12964645462615187	True	1
fibroblast_activation	DeltaR2_morph	MAE_GAIN	THD0011	64	-0.1368538931464749	False	1
fibroblast_activation	DeltaR2_morph	MAE_GAIN	TILD117	511	0.10968051782127658	True	1
fibroblast_activation	DeltaR2_morph	MAE_GAIN	TILD175	143	0.07910505681474433	True	1
fibroblast_activation	DeltaR2_morph	MAE_GAIN	VUHD069	25	0.0040491753596701985	True	1
fibroblast_activation	DeltaR2_morph	MAE_GAIN	VUHD095	10	-0.19843904193995976	False	1
fibroblast_activation	DeltaR2_morph	MAE_GAIN	VUHD113	1	-0.31111167142749174	False	1
fibroblast_activation	DeltaR2_morph	MAE_GAIN	VUHD116	110	-0.34722351118273803	False	1
fibroblast_activation	DeltaR2_morph	MAE_GAIN	VUILD102	291	-0.04438347638058504	False	1
fibroblast_activation	DeltaR2_morph	MAE_GAIN	VUILD104	340	0.16244382317605066	True	1
fibroblast_activation	DeltaR2_morph	MAE_GAIN	VUILD105	96	0.1098416328923082	True	1
fibroblast_activation	DeltaR2_morph	MAE_GAIN	VUILD106	854	0.1712394459683914	True	1
fibroblast_activation	DeltaR2_morph	MAE_GAIN	VUILD107	336	0.0997764754490909	True	1
fibroblast_activation	DeltaR2_morph	MAE_GAIN	VUILD110	264	0.04714169575273042	True	1
fibroblast_activation	DeltaR2_morph	MAE_GAIN	VUILD115	660	0.10226022654662303	True	1
fibroblast_activation	DeltaR2_morph	MAE_GAIN	VUILD48	126	0.0916846306534681	True	1
fibroblast_activation	DeltaR2_morph	MAE_GAIN	VUILD78	215	-0.013416661848436928	False	1
fibroblast_activation	DeltaR2_morph	MAE_GAIN	VUILD91	265	-0.19484928536807655	False	1
fibroblast_activation	DeltaR2_morph	MAE_GAIN	VUILD96	283	-0.07613506762243899	False	1
fibroblast_activation	Residual_R2	SSE_GAIN	THD0008	275	-34.91727663876631	False	1
fibroblast_activation	Residual_R2	SSE_GAIN	THD0011	64	2.2047841602124265	True	1
fibroblast_activation	Residual_R2	SSE_GAIN	TILD117	511	-4.173526829643862	False	1
fibroblast_activation	Residual_R2	SSE_GAIN	TILD175	143	1.4970865005309193	True	1
fibroblast_activation	Residual_R2	SSE_GAIN	VUHD069	25	-2.120093667222802	False	1
fibroblast_activation	Residual_R2	SSE_GAIN	VUHD095	10	0.3515124052607401	True	1
fibroblast_activation	Residual_R2	SSE_GAIN	VUHD113	1	0.0038459371318696426	True	1
fibroblast_activation	Residual_R2	SSE_GAIN	VUHD116	110	0.12253707805241021	True	1
fibroblast_activation	Residual_R2	SSE_GAIN	VUILD102	291	-3.6032983146350475	False	1
fibroblast_activation	Residual_R2	SSE_GAIN	VUILD104	340	31.981260889658643	True	1
fibroblast_activation	Residual_R2	SSE_GAIN	VUILD105	96	2.105691477444765	True	1
fibroblast_activation	Residual_R2	SSE_GAIN	VUILD106	854	98.35368982985096	True	1
fibroblast_activation	Residual_R2	SSE_GAIN	VUILD107	336	-7.537636501556392	False	1
fibroblast_activation	Residual_R2	SSE_GAIN	VUILD110	264	0.8582971533211463	True	1
fibroblast_activation	Residual_R2	SSE_GAIN	VUILD115	660	14.960917551914463	True	1
fibroblast_activation	Residual_R2	SSE_GAIN	VUILD48	126	17.485457809946812	True	1
fibroblast_activation	Residual_R2	SSE_GAIN	VUILD78	215	-0.01098588776875431	False	1
fibroblast_activation	Residual_R2	SSE_GAIN	VUILD91	265	2.7197563881400697	True	1
fibroblast_activation	Residual_R2	SSE_GAIN	VUILD96	283	-0.511876760962366	False	1
fibroblast_activation	Residual_R2	MAE_GAIN	THD0008	275	-0.10287022930486178	False	1
fibroblast_activation	Residual_R2	MAE_GAIN	THD0011	64	0.024195105324143484	True	1
fibroblast_activation	Residual_R2	MAE_GAIN	TILD117	511	-0.0059962407574369325	False	1
fibroblast_activation	Residual_R2	MAE_GAIN	TILD175	143	0.003247295416114848	True	1
fibroblast_activation	Residual_R2	MAE_GAIN	VUHD069	25	-0.056618654865485674	False	1
fibroblast_activation	Residual_R2	MAE_GAIN	VUHD095	10	0.018775616121228023	True	1
fibroblast_activation	Residual_R2	MAE_GAIN	VUHD113	1	0.0189222441498903	True	1
fibroblast_activation	Residual_R2	MAE_GAIN	VUHD116	110	-0.007367920155573637	False	1
fibroblast_activation	Residual_R2	MAE_GAIN	VUILD102	291	-0.01172820164890176	False	1
fibroblast_activation	Residual_R2	MAE_GAIN	VUILD104	340	0.07153684999285093	True	1
fibroblast_activation	Residual_R2	MAE_GAIN	VUILD105	96	0.01625738013254152	True	1
fibroblast_activation	Residual_R2	MAE_GAIN	VUILD106	854	0.05122823071605004	True	1
fibroblast_activation	Residual_R2	MAE_GAIN	VUILD107	336	-0.022486182970505253	False	1
fibroblast_activation	Residual_R2	MAE_GAIN	VUILD110	264	0.004885224423097911	True	1
fibroblast_activation	Residual_R2	MAE_GAIN	VUILD115	660	0.018697653617243404	True	1
fibroblast_activation	Residual_R2	MAE_GAIN	VUILD48	126	0.13342464621912142	True	1
fibroblast_activation	Residual_R2	MAE_GAIN	VUILD78	215	-0.003644477894676368	False	1
fibroblast_activation	Residual_R2	MAE_GAIN	VUILD91	265	0.01035229232263779	True	1
fibroblast_activation	Residual_R2	MAE_GAIN	VUILD96	283	-0.000739713660235064	False	1
macrophage_inflammatory	DeltaR2_morph	SSE_GAIN	THD0008	278	-0.0019580227554527596	False	1
macrophage_inflammatory	DeltaR2_morph	SSE_GAIN	THD0011	71	0.7918592386869605	True	1
macrophage_inflammatory	DeltaR2_morph	SSE_GAIN	TILD117	183	-16.45128469333507	False	1
macrophage_inflammatory	DeltaR2_morph	SSE_GAIN	TILD175	33	0.008881571088501516	True	1
macrophage_inflammatory	DeltaR2_morph	SSE_GAIN	VUHD069	44	-0.844745747212972	False	1
macrophage_inflammatory	DeltaR2_morph	SSE_GAIN	VUHD095	44	0.19053666310192607	True	1
macrophage_inflammatory	DeltaR2_morph	SSE_GAIN	VUHD113	16	0.05121058369536147	True	1
macrophage_inflammatory	DeltaR2_morph	SSE_GAIN	VUHD116	91	-1.2437222542538962	False	1
macrophage_inflammatory	DeltaR2_morph	SSE_GAIN	VUILD102	251	-12.712990255801358	False	1
macrophage_inflammatory	DeltaR2_morph	SSE_GAIN	VUILD104	102	0.04223261484288798	True	1
macrophage_inflammatory	DeltaR2_morph	SSE_GAIN	VUILD105	1	-0.4777365144589356	False	1
macrophage_inflammatory	DeltaR2_morph	SSE_GAIN	VUILD106	121	-8.005551890348723	False	1
macrophage_inflammatory	DeltaR2_morph	SSE_GAIN	VUILD107	126	0.009652453475332834	True	1
macrophage_inflammatory	DeltaR2_morph	SSE_GAIN	VUILD110	424	-49.71234646700027	False	1
macrophage_inflammatory	DeltaR2_morph	SSE_GAIN	VUILD115	275	-50.715716642490094	False	1
macrophage_inflammatory	DeltaR2_morph	SSE_GAIN	VUILD48	134	-1.2432934503548285	False	1
macrophage_inflammatory	DeltaR2_morph	SSE_GAIN	VUILD78	188	-0.6971251340801388	False	1
macrophage_inflammatory	DeltaR2_morph	SSE_GAIN	VUILD91	92	13.411531423511617	True	1
macrophage_inflammatory	DeltaR2_morph	SSE_GAIN	VUILD96	187	7.306337531979466	True	1
macrophage_inflammatory	DeltaR2_morph	MAE_GAIN	THD0008	278	1.1292644969296273e-05	True	1
macrophage_inflammatory	DeltaR2_morph	MAE_GAIN	THD0011	71	0.02345283315636648	True	1
macrophage_inflammatory	DeltaR2_morph	MAE_GAIN	TILD117	183	-0.09800851958372941	False	1
macrophage_inflammatory	DeltaR2_morph	MAE_GAIN	TILD175	33	0.0001742701659540602	True	1
macrophage_inflammatory	DeltaR2_morph	MAE_GAIN	VUHD069	44	-0.03895248983320723	False	1
macrophage_inflammatory	DeltaR2_morph	MAE_GAIN	VUHD095	44	0.020127844420622154	True	1
macrophage_inflammatory	DeltaR2_morph	MAE_GAIN	VUHD113	16	0.0006965147831186069	True	1
macrophage_inflammatory	DeltaR2_morph	MAE_GAIN	VUHD116	91	-0.0321593732671803	False	1
macrophage_inflammatory	DeltaR2_morph	MAE_GAIN	VUILD102	251	-0.04623873423665542	False	1
macrophage_inflammatory	DeltaR2_morph	MAE_GAIN	VUILD104	102	0.0004543717649289625	True	1
macrophage_inflammatory	DeltaR2_morph	MAE_GAIN	VUILD105	1	-0.29657277101095547	False	1
macrophage_inflammatory	DeltaR2_morph	MAE_GAIN	VUILD106	121	-0.07989840261382702	False	1
macrophage_inflammatory	DeltaR2_morph	MAE_GAIN	VUILD107	126	3.654644014122743e-05	True	1
macrophage_inflammatory	DeltaR2_morph	MAE_GAIN	VUILD110	424	-0.14771616258718606	False	1
macrophage_inflammatory	DeltaR2_morph	MAE_GAIN	VUILD115	275	-0.2529383129103918	False	1
macrophage_inflammatory	DeltaR2_morph	MAE_GAIN	VUILD48	134	-0.006693026356190623	False	1
macrophage_inflammatory	DeltaR2_morph	MAE_GAIN	VUILD78	188	-0.009719459278981879	False	1
macrophage_inflammatory	DeltaR2_morph	MAE_GAIN	VUILD91	92	0.16788193771462007	True	1
macrophage_inflammatory	DeltaR2_morph	MAE_GAIN	VUILD96	187	0.05002686149133179	True	1
macrophage_inflammatory	Residual_R2	SSE_GAIN	THD0008	278	4.302089853103347	True	1
macrophage_inflammatory	Residual_R2	SSE_GAIN	THD0011	71	-2.2138368885250097	False	1
macrophage_inflammatory	Residual_R2	SSE_GAIN	TILD117	183	2.7823288836557936	True	1
macrophage_inflammatory	Residual_R2	SSE_GAIN	TILD175	33	0.6694421971886761	True	1
macrophage_inflammatory	Residual_R2	SSE_GAIN	VUHD069	44	-0.016121414880999385	False	1
macrophage_inflammatory	Residual_R2	SSE_GAIN	VUHD095	44	-0.49727334099459286	False	1
macrophage_inflammatory	Residual_R2	SSE_GAIN	VUHD113	16	-0.07622721125852372	False	1
macrophage_inflammatory	Residual_R2	SSE_GAIN	VUHD116	91	-0.9460854090799407	False	1
macrophage_inflammatory	Residual_R2	SSE_GAIN	VUILD102	251	-10.569686252678665	False	1
macrophage_inflammatory	Residual_R2	SSE_GAIN	VUILD104	102	-0.5755474394229765	False	1
macrophage_inflammatory	Residual_R2	SSE_GAIN	VUILD105	1	-0.2532040446049757	False	1
macrophage_inflammatory	Residual_R2	SSE_GAIN	VUILD106	121	-0.05821835074572945	False	1
macrophage_inflammatory	Residual_R2	SSE_GAIN	VUILD107	126	-0.3934128669130317	False	1
macrophage_inflammatory	Residual_R2	SSE_GAIN	VUILD110	424	-5.5693352619544925	False	1
macrophage_inflammatory	Residual_R2	SSE_GAIN	VUILD115	275	-32.98150259126603	False	1
macrophage_inflammatory	Residual_R2	SSE_GAIN	VUILD48	134	1.108659509554955	True	1
macrophage_inflammatory	Residual_R2	SSE_GAIN	VUILD78	188	-5.236436545973675	False	1
macrophage_inflammatory	Residual_R2	SSE_GAIN	VUILD91	92	1.9666200508669682	True	1
macrophage_inflammatory	Residual_R2	SSE_GAIN	VUILD96	187	-2.7566756103765293	False	1
macrophage_inflammatory	Residual_R2	MAE_GAIN	THD0008	278	0.01817884047195406	True	1
macrophage_inflammatory	Residual_R2	MAE_GAIN	THD0011	71	-0.03847173272252161	False	1
macrophage_inflammatory	Residual_R2	MAE_GAIN	TILD117	183	0.011154084020398969	True	1
macrophage_inflammatory	Residual_R2	MAE_GAIN	TILD175	33	0.014023353260701588	True	1
macrophage_inflammatory	Residual_R2	MAE_GAIN	VUHD069	44	-0.010927176578804015	False	1
macrophage_inflammatory	Residual_R2	MAE_GAIN	VUHD095	44	-0.02329125923923428	False	1
macrophage_inflammatory	Residual_R2	MAE_GAIN	VUHD113	16	-0.0037599846305089724	False	1
macrophage_inflammatory	Residual_R2	MAE_GAIN	VUHD116	91	-0.024963004070165745	False	1
macrophage_inflammatory	Residual_R2	MAE_GAIN	VUILD102	251	-0.04692506827700943	False	1
macrophage_inflammatory	Residual_R2	MAE_GAIN	VUILD104	102	-0.010571614021692377	False	1
macrophage_inflammatory	Residual_R2	MAE_GAIN	VUILD105	1	-0.1705291329486769	False	1
macrophage_inflammatory	Residual_R2	MAE_GAIN	VUILD106	121	-0.005354384213884622	False	1
macrophage_inflammatory	Residual_R2	MAE_GAIN	VUILD107	126	-0.002647392171109375	False	1
macrophage_inflammatory	Residual_R2	MAE_GAIN	VUILD110	424	-0.01973648183594734	False	1
macrophage_inflammatory	Residual_R2	MAE_GAIN	VUILD115	275	-0.17101806677637768	False	1
macrophage_inflammatory	Residual_R2	MAE_GAIN	VUILD48	134	0.025254395851772582	True	1
macrophage_inflammatory	Residual_R2	MAE_GAIN	VUILD78	188	-0.03344785296985403	False	1
macrophage_inflammatory	Residual_R2	MAE_GAIN	VUILD91	92	0.018957419343158366	True	1
macrophage_inflammatory	Residual_R2	MAE_GAIN	VUILD96	187	-0.01949814493856683	False	1
