target	effect	loss	n_donors	independent_weight_per_donor	mean	median	unit	summary_selected_by_significance
epithelial_injury	DeltaR2_morph	SSE_GAIN	19	1	3.513651938508521	4.139689783885686	sum squared error units per donor	False
epithelial_injury	DeltaR2_morph	MAE_GAIN	19	1	0.02202129981538496	0.04589091001752715	mean absolute error units	False
epithelial_injury	Residual_R2	SSE_GAIN	19	1	-9.0829772074679	0.036560705385504266	sum squared error units per donor	False
epithelial_injury	Residual_R2	MAE_GAIN	19	1	-0.016915530371500575	0.001987483868537643	mean absolute error units	False
fibroblast_activation	DeltaR2_morph	SSE_GAIN	19	1	105.82001390655506	11.041048851394137	sum squared error units per donor	False
fibroblast_activation	DeltaR2_morph	MAE_GAIN	19	1	-0.011344393360826117	0.04714169575273042	mean absolute error units	False
fibroblast_activation	Residual_R2	SSE_GAIN	19	1	6.30369171478472	0.3515124052607401	sum squared error units per donor	False
fibroblast_activation	Residual_R2	MAE_GAIN	19	1	0.008424785114591748	0.004885224423097911	mean absolute error units	False
macrophage_inflammatory	DeltaR2_morph	SSE_GAIN	19	1	-6.331275210089985	-0.4777365144589356	sum squared error units per donor	False
macrophage_inflammatory	DeltaR2_morph	MAE_GAIN	19	1	-0.039264988373486985	-0.006693026356190623	mean absolute error units	False
macrophage_inflammatory	Residual_R2	SSE_GAIN	19	1	-2.7007590912792336	-0.3934128669130317	sum squared error units per donor	False
macrophage_inflammatory	Residual_R2	MAE_GAIN	19	1	-0.025977536970861453	-0.010927176578804015	mean absolute error units	False
