target	effect	loss	original_estimate	uncertainty	n_donors	method	estimate	CI_low	CI_high	p_value	FDR	p_value_status	valid	direction	zero_excluded	classification	FDR_classification	CI_width	relative_precision_original
epithelial_injury	DeltaR2_morph	PRIMARY_R2	0.047438574910406185	OOF conditional donor-block sampling; models fixed	19	REFERENCE_BOOTSTRAP	0.047438574910406185	-0.1092351367830776	0.203666797170199	0.5187406296851574	0.5187406296851574	Original bootstrap sign-tail approximation retained verbatim	True	POSITIVE	False	UNCERTAIN	UNCERTAIN	0.3129019339532766	6.5959387385525785
epithelial_injury	DeltaR2_morph	PRIMARY_R2	0.047438574910406185	Refitted delete1 donor sensitivity with t_18 approximation	19	JACKKNIFE_NORMAL_CI	0.06857465834621215	-0.22300773121927095	0.3601570479116952	0.6272131473257158	0.6272131473257158	Approximate t_18 pivot for pseudovalue mean; refitted delete1 sensitivity	True	POSITIVE	False	UNCERTAIN	UNCERTAIN	0.5831647791309662	12.2930501228662
epithelial_injury	DeltaR2_morph	PRIMARY_R2	0.047438574910406185	OOF conditional donor-block sampling; models fixed	19	BALANCED_DONOR_BOOTSTRAP	0.047438574910406185	-0.10450653674428338	0.21302657517292864	0.5247475252474753	0.5247475252474753	Bootstrap sign-tail approximation; not null-centered test	True	POSITIVE	False	UNCERTAIN	UNCERTAIN	0.317533111917212	6.693563466375495
epithelial_injury	DeltaR2_morph	PRIMARY_R2	0.047438574910406185	OOF conditional donor-block sampling; models fixed	19	BCA_INFERENCE_SENSITIVITY	0.047438574910406185	-0.11525046942976697	0.2008657185892324			No calibrated BCa p-value constructed	True	POSITIVE	False	UNCERTAIN	NOT_DEFINED	0.3161161880189994	6.663694864696615
epithelial_injury	DeltaR2_morph	SSE_GAIN	0.047438574910406185	Donor-equal paired-loss sensitivity; different quantity from R2	19	EXACT_SIGN_TEST	4.139689783885686			0.1670684814453125	0.5012054443359375	Exact two-sided sign test	True	POSITIVE	False	UNCERTAIN	UNCERTAIN		
epithelial_injury	DeltaR2_morph	SSE_GAIN	0.047438574910406185	Donor-equal paired-loss sensitivity; different quantity from R2	19	WILCOXON_SENSITIVITY	4.139689783885686			0.3954620361328125	0.3954620361328125	Exact conditional signed-rank randomization; symmetry assumption	True	POSITIVE	False	UNCERTAIN	UNCERTAIN		
epithelial_injury	DeltaR2_morph	MAE_GAIN	0.047438574910406185	Donor-equal paired-loss sensitivity; different quantity from R2	19	EXACT_SIGN_TEST	0.04589091001752715			0.1670684814453125	0.5012054443359375	Exact two-sided sign test	True	POSITIVE	False	UNCERTAIN	UNCERTAIN		
epithelial_injury	DeltaR2_morph	MAE_GAIN	0.047438574910406185	Donor-equal paired-loss sensitivity; different quantity from R2	19	WILCOXON_SENSITIVITY	0.04589091001752715			0.37359619140625	0.560394287109375	Exact conditional signed-rank randomization; symmetry assumption	True	POSITIVE	False	UNCERTAIN	UNCERTAIN		
epithelial_injury	Residual_R2	PRIMARY_R2	-0.16298871242102575	OOF conditional donor-block sampling; models fixed	19	REFERENCE_BOOTSTRAP	-0.16298871242102575	-0.3763084020332292	0.0038535157265251	0.0619690154922538	0.0929535232383808	Original bootstrap sign-tail approximation retained verbatim	True	NEGATIVE	False	UNCERTAIN	UNCERTAIN	0.3801619177597543	2.332443223293498
epithelial_injury	Residual_R2	PRIMARY_R2	-0.16298871242102575	Refitted delete1 donor sensitivity with t_18 approximation	19	JACKKNIFE_NORMAL_CI	-1.0312313440647674	-1.7987489136981942	-0.2637137744313406	0.01127217340823509	0.03381652022470527	Approximate t_18 pivot for pseudovalue mean; refitted delete1 sensitivity	True	NEGATIVE	True	NEGATIVE_SUPPORT	NEGATIVE_SUPPORT	1.5350351392668538	9.41804568221641
epithelial_injury	Residual_R2	PRIMARY_R2	-0.16298871242102575	OOF conditional donor-block sampling; models fixed	19	BALANCED_DONOR_BOOTSTRAP	-0.16298871242102575	-0.38305068376327095	-0.0019293893103220026	0.045795420457954206	0.06869313068693131	Bootstrap sign-tail approximation; not null-centered test	True	NEGATIVE	True	NEGATIVE_SUPPORT	UNCERTAIN	0.38112129445294896	2.3383293774875162
epithelial_injury	Residual_R2	PRIMARY_R2	-0.16298871242102575	OOF conditional donor-block sampling; models fixed	19	BCA_INFERENCE_SENSITIVITY	-0.16298871242102575	-0.43298844894275845	-0.01149455613420525			No calibrated BCa p-value constructed	True	NEGATIVE	True	NEGATIVE_SUPPORT	NOT_DEFINED	0.4214938928085532	2.5860311830660243
epithelial_injury	Residual_R2	SSE_GAIN	-0.16298871242102575	Donor-equal paired-loss sensitivity; different quantity from R2	19	EXACT_SIGN_TEST	0.036560705385504266			1.0	1.0	Exact two-sided sign test	True	POSITIVE	False	UNCERTAIN	UNCERTAIN		
epithelial_injury	Residual_R2	SSE_GAIN	-0.16298871242102575	Donor-equal paired-loss sensitivity; different quantity from R2	19	WILCOXON_SENSITIVITY	0.036560705385504266			0.5677604675292969	0.5677604675292969	Exact conditional signed-rank randomization; symmetry assumption	True	POSITIVE	False	UNCERTAIN	UNCERTAIN		
epithelial_injury	Residual_R2	MAE_GAIN	-0.16298871242102575	Donor-equal paired-loss sensitivity; different quantity from R2	19	EXACT_SIGN_TEST	0.001987483868537643			1.0	1.0	Exact two-sided sign test	True	POSITIVE	False	UNCERTAIN	UNCERTAIN		
epithelial_injury	Residual_R2	MAE_GAIN	-0.16298871242102575	Donor-equal paired-loss sensitivity; different quantity from R2	19	WILCOXON_SENSITIVITY	0.001987483868537643			0.7982521057128906	0.7982521057128906	Exact conditional signed-rank randomization; symmetry assumption	True	POSITIVE	False	UNCERTAIN	UNCERTAIN		
fibroblast_activation	DeltaR2_morph	PRIMARY_R2	0.8815651656915485	OOF conditional donor-block sampling; models fixed	19	REFERENCE_BOOTSTRAP	0.8815651656915485	0.0060804709936154	2.2208982822890277	0.0449775112443778	0.0674662668665667	Original bootstrap sign-tail approximation retained verbatim	True	POSITIVE	True	POSITIVE_SUPPORT	UNCERTAIN	2.214817811295412	2.5123699273643445
fibroblast_activation	DeltaR2_morph	PRIMARY_R2	0.8815651656915485	Refitted delete1 donor sensitivity with t_18 approximation	19	JACKKNIFE_NORMAL_CI	2.009663323905356	-0.6325486020341304	4.651875249844842	0.12745797323786198	0.3823739197135859	Approximate t_18 pivot for pseudovalue mean; refitted delete1 sensitivity	True	POSITIVE	False	UNCERTAIN	UNCERTAIN	5.284423851878973	5.99436554158033
fibroblast_activation	DeltaR2_morph	PRIMARY_R2	0.8815651656915485	OOF conditional donor-block sampling; models fixed	19	BALANCED_DONOR_BOOTSTRAP	0.8815651656915485	-0.001927836682887282	2.2258718219038256	0.053594640535946404	0.08039196080391961	Bootstrap sign-tail approximation; not null-centered test	True	POSITIVE	False	UNCERTAIN	UNCERTAIN	2.227799658586713	2.5270958350981387
fibroblast_activation	DeltaR2_morph	PRIMARY_R2	0.8815651656915485	OOF conditional donor-block sampling; models fixed	19	BCA_INFERENCE_SENSITIVITY	0.8815651656915485	0.058410930277280414	2.9486303857725713			No calibrated BCa p-value constructed	True	POSITIVE	True	POSITIVE_SUPPORT	NOT_DEFINED	2.890219455495291	3.2785091425748916
fibroblast_activation	DeltaR2_morph	SSE_GAIN	0.8815651656915485	Donor-equal paired-loss sensitivity; different quantity from R2	19	EXACT_SIGN_TEST	11.041048851394137			0.359283447265625	0.5389251708984375	Exact two-sided sign test	True	POSITIVE	False	UNCERTAIN	UNCERTAIN		
fibroblast_activation	DeltaR2_morph	SSE_GAIN	0.8815651656915485	Donor-equal paired-loss sensitivity; different quantity from R2	19	WILCOXON_SENSITIVITY	11.041048851394137			0.1336212158203125	0.21703147888183594	Exact conditional signed-rank randomization; symmetry assumption	True	POSITIVE	False	UNCERTAIN	UNCERTAIN		
fibroblast_activation	DeltaR2_morph	MAE_GAIN	0.8815651656915485	Donor-equal paired-loss sensitivity; different quantity from R2	19	EXACT_SIGN_TEST	0.04714169575273042			0.6476058959960938	0.9714088439941406	Exact two-sided sign test	True	POSITIVE	False	UNCERTAIN	UNCERTAIN		
fibroblast_activation	DeltaR2_morph	MAE_GAIN	0.8815651656915485	Donor-equal paired-loss sensitivity; different quantity from R2	19	WILCOXON_SENSITIVITY	0.04714169575273042			0.9529838562011719	0.9529838562011719	Exact conditional signed-rank randomization; symmetry assumption	True	POSITIVE	False	UNCERTAIN	UNCERTAIN		
fibroblast_activation	Residual_R2	PRIMARY_R2	0.036369330299538094	OOF conditional donor-block sampling; models fixed	19	REFERENCE_BOOTSTRAP	0.036369330299538094	-0.1390663331268575	0.0684732546422427	0.4697651174412793	0.4697651174412793	Original bootstrap sign-tail approximation retained verbatim	True	POSITIVE	False	UNCERTAIN	UNCERTAIN	0.2075395877691002	5.70644512999834
fibroblast_activation	Residual_R2	PRIMARY_R2	0.036369330299538094	Refitted delete1 donor sensitivity with t_18 approximation	19	JACKKNIFE_NORMAL_CI	0.13064986244853	-0.16147153961602045	0.42277126451308045	0.35984810764572983	0.35984810764572983	Approximate t_18 pivot for pseudovalue mean; refitted delete1 sensitivity	True	POSITIVE	False	UNCERTAIN	UNCERTAIN	0.5842428041291009	16.06416173510132
fibroblast_activation	Residual_R2	PRIMARY_R2	0.036369330299538094	OOF conditional donor-block sampling; models fixed	19	BALANCED_DONOR_BOOTSTRAP	0.036369330299538094	-0.1346752871380158	0.06347144797006514	0.44635536446355367	0.44635536446355367	Bootstrap sign-tail approximation; not null-centered test	True	POSITIVE	False	UNCERTAIN	UNCERTAIN	0.19814673510808095	5.448182121478259
fibroblast_activation	Residual_R2	PRIMARY_R2	0.036369330299538094	OOF conditional donor-block sampling; models fixed	19	BCA_INFERENCE_SENSITIVITY	0.036369330299538094					No calibrated BCa p-value constructed	False	POSITIVE	False	UNCERTAIN	NOT_DEFINED		
fibroblast_activation	Residual_R2	SSE_GAIN	0.036369330299538094	Donor-equal paired-loss sensitivity; different quantity from R2	19	EXACT_SIGN_TEST	0.3515124052607401			0.359283447265625	0.5389251708984375	Exact two-sided sign test	True	POSITIVE	False	UNCERTAIN	UNCERTAIN		
fibroblast_activation	Residual_R2	SSE_GAIN	0.036369330299538094	Donor-equal paired-loss sensitivity; different quantity from R2	19	WILCOXON_SENSITIVITY	0.3515124052607401			0.3954620361328125	0.5677604675292969	Exact conditional signed-rank randomization; symmetry assumption	True	POSITIVE	False	UNCERTAIN	UNCERTAIN		
fibroblast_activation	Residual_R2	MAE_GAIN	0.036369330299538094	Donor-equal paired-loss sensitivity; different quantity from R2	19	EXACT_SIGN_TEST	0.004885224423097911			0.6476058959960938	0.9714088439941406	Exact two-sided sign test	True	POSITIVE	False	UNCERTAIN	UNCERTAIN		
fibroblast_activation	Residual_R2	MAE_GAIN	0.036369330299538094	Donor-equal paired-loss sensitivity; different quantity from R2	19	WILCOXON_SENSITIVITY	0.004885224423097911			0.3320655822753906	0.49809837341308594	Exact conditional signed-rank randomization; symmetry assumption	True	POSITIVE	False	UNCERTAIN	UNCERTAIN		
macrophage_inflammatory	DeltaR2_morph	PRIMARY_R2	-0.23656643034940486	OOF conditional donor-block sampling; models fixed	19	REFERENCE_BOOTSTRAP	-0.23656643034940486	-0.4603472971083421	-0.0066136364055845	0.0439780109945027	0.0674662668665667	Original bootstrap sign-tail approximation retained verbatim	True	NEGATIVE	True	NEGATIVE_SUPPORT	UNCERTAIN	0.4537336607027576	1.9179968181985931
macrophage_inflammatory	DeltaR2_morph	PRIMARY_R2	-0.23656643034940486	Refitted delete1 donor sensitivity with t_18 approximation	19	JACKKNIFE_NORMAL_CI	-0.3357078169640957	-1.0736015814939734	0.40218594756578196	0.3518235700520903	0.5277353550781354	Approximate t_18 pivot for pseudovalue mean; refitted delete1 sensitivity	True	NEGATIVE	False	UNCERTAIN	UNCERTAIN	1.4757875290597555	6.238364111425449
macrophage_inflammatory	DeltaR2_morph	PRIMARY_R2	-0.23656643034940486	OOF conditional donor-block sampling; models fixed	19	BALANCED_DONOR_BOOTSTRAP	-0.23656643034940486	-0.461489639283348	0.0022642826652187805	0.052394760523947606	0.08039196080391961	Bootstrap sign-tail approximation; not null-centered test	True	NEGATIVE	False	UNCERTAIN	UNCERTAIN	0.4637539219485668	1.9603538898719046
macrophage_inflammatory	DeltaR2_morph	PRIMARY_R2	-0.23656643034940486	OOF conditional donor-block sampling; models fixed	19	BCA_INFERENCE_SENSITIVITY	-0.23656643034940486	-0.5036059172832485	-0.025533061161015926			No calibrated BCa p-value constructed	True	NEGATIVE	True	NEGATIVE_SUPPORT	NOT_DEFINED	0.4780728561222326	2.02088206435768
macrophage_inflammatory	DeltaR2_morph	SSE_GAIN	-0.23656643034940486	Donor-equal paired-loss sensitivity; different quantity from R2	19	EXACT_SIGN_TEST	-0.4777365144589356			0.6476058959960938	0.6476058959960938	Exact two-sided sign test	True	NEGATIVE	False	UNCERTAIN	UNCERTAIN		
macrophage_inflammatory	DeltaR2_morph	SSE_GAIN	-0.23656643034940486	Donor-equal paired-loss sensitivity; different quantity from R2	19	WILCOXON_SENSITIVITY	-0.4777365144589356			0.14468765258789062	0.21703147888183594	Exact conditional signed-rank randomization; symmetry assumption	True	NEGATIVE	False	UNCERTAIN	UNCERTAIN		
macrophage_inflammatory	DeltaR2_morph	MAE_GAIN	-0.23656643034940486	Donor-equal paired-loss sensitivity; different quantity from R2	19	EXACT_SIGN_TEST	-0.006693026356190623			1.0	1.0	Exact two-sided sign test	True	NEGATIVE	False	UNCERTAIN	UNCERTAIN		
macrophage_inflammatory	DeltaR2_morph	MAE_GAIN	-0.23656643034940486	Donor-equal paired-loss sensitivity; different quantity from R2	19	WILCOXON_SENSITIVITY	-0.006693026356190623			0.1956329345703125	0.560394287109375	Exact conditional signed-rank randomization; symmetry assumption	True	NEGATIVE	False	UNCERTAIN	UNCERTAIN		
macrophage_inflammatory	Residual_R2	PRIMARY_R2	-0.11945350859145852	OOF conditional donor-block sampling; models fixed	19	REFERENCE_BOOTSTRAP	-0.11945350859145852	-0.4428047023995438	-0.015653619881067	0.0229885057471264	0.0689655172413793	Original bootstrap sign-tail approximation retained verbatim	True	NEGATIVE	True	NEGATIVE_SUPPORT	UNCERTAIN	0.4271510825184768	3.575877239230963
macrophage_inflammatory	Residual_R2	PRIMARY_R2	-0.11945350859145852	Refitted delete1 donor sensitivity with t_18 approximation	19	JACKKNIFE_NORMAL_CI	-0.37079448564835743	-0.762894898394826	0.021305927098111188	0.06238737126543307	0.0935810568981496	Approximate t_18 pivot for pseudovalue mean; refitted delete1 sensitivity	True	NEGATIVE	False	UNCERTAIN	UNCERTAIN	0.7842008254929372	6.564904076404929
macrophage_inflammatory	Residual_R2	PRIMARY_R2	-0.11945350859145852	OOF conditional donor-block sampling; models fixed	19	BALANCED_DONOR_BOOTSTRAP	-0.11945350859145852	-0.4363835568522579	-0.012604883209450454	0.020397960203979604	0.06119388061193881	Bootstrap sign-tail approximation; not null-centered test	True	NEGATIVE	True	NEGATIVE_SUPPORT	UNCERTAIN	0.4237786736428074	3.547645260819987
macrophage_inflammatory	Residual_R2	PRIMARY_R2	-0.11945350859145852	OOF conditional donor-block sampling; models fixed	19	BCA_INFERENCE_SENSITIVITY	-0.11945350859145852	-0.3688290909011617	-0.005272875990083243			No calibrated BCa p-value constructed	True	NEGATIVE	True	NEGATIVE_SUPPORT	NOT_DEFINED	0.3635562149110785	3.043495492078618
macrophage_inflammatory	Residual_R2	SSE_GAIN	-0.11945350859145852	Donor-equal paired-loss sensitivity; different quantity from R2	19	EXACT_SIGN_TEST	-0.3934128669130317			0.063568115234375	0.190704345703125	Exact two-sided sign test	True	NEGATIVE	False	UNCERTAIN	UNCERTAIN		
macrophage_inflammatory	Residual_R2	SSE_GAIN	-0.11945350859145852	Donor-equal paired-loss sensitivity; different quantity from R2	19	WILCOXON_SENSITIVITY	-0.3934128669130317			0.14468765258789062	0.4340629577636719	Exact conditional signed-rank randomization; symmetry assumption	True	NEGATIVE	False	UNCERTAIN	UNCERTAIN		
macrophage_inflammatory	Residual_R2	MAE_GAIN	-0.11945350859145852	Donor-equal paired-loss sensitivity; different quantity from R2	19	EXACT_SIGN_TEST	-0.010927176578804015			0.063568115234375	0.190704345703125	Exact two-sided sign test	True	NEGATIVE	False	UNCERTAIN	UNCERTAIN		
macrophage_inflammatory	Residual_R2	MAE_GAIN	-0.11945350859145852	Donor-equal paired-loss sensitivity; different quantity from R2	19	WILCOXON_SENSITIVITY	-0.010927176578804015			0.040130615234375	0.120391845703125	Exact conditional signed-rank randomization; symmetry assumption	True	NEGATIVE	False	NEGATIVE_SUPPORT	UNCERTAIN		
