region_id	shape	dtype	min	max	mean	SD	fraction_zero	fraction_255	fraction_white	fraction_black	fraction_nonfinite	channel_count	empty_crop	alpha_channel	read_error	coordinate_rounding	HED_finite_fraction	zero_optical_density	conversion_range_min	conversion_range_max	r_finite_fraction	r_variance	r_histogram_support	g_finite_fraction	g_variance	g_histogram_support	b_finite_fraction	b_variance	b_histogram_support
VUHD095_150_8_3	(706, 706, 3)	uint8	0	0	0.0	0.0	1.0	0.0	0.0	1.0	0.0	3	False	False	NONE	frozen Phikon bounds; D5 global stride bins retained	1.0	False	0.0	0.0	1.0	0.0	1	1.0	0.0	1	1.0	0.0	1
VUHD095_150_9_1	(706, 706, 3)	uint8	0	0	0.0	0.0	1.0	0.0	0.0	1.0	0.0	3	False	False	NONE	frozen Phikon bounds; D5 global stride bins retained	1.0	False	0.0	0.0	1.0	0.0	1	1.0	0.0	1	1.0	0.0	1
VUHD095_150_9_3	(706, 706, 3)	uint8	0	0	0.0	0.0	1.0	0.0	0.0	1.0	0.0	3	False	False	NONE	frozen Phikon bounds; D5 global stride bins retained	1.0	False	0.0	0.0	1.0	0.0	1	1.0	0.0	1	1.0	0.0	1
VUHD095_150_14_0	(706, 706, 3)	uint8	0	0	0.0	0.0	1.0	0.0	0.0	1.0	0.0	3	False	False	NONE	frozen Phikon bounds; D5 global stride bins retained	1.0	False	0.0	0.0	1.0	0.0	1	1.0	0.0	1	1.0	0.0	1
VUILD104MA1_150_5_3	(706, 706, 3)	uint8	0	0	0.0	0.0	1.0	0.0	0.0	1.0	0.0	3	False	False	NONE	frozen Phikon bounds; D5 global stride bins retained	1.0	False	0.0	0.0	1.0	0.0	1	1.0	0.0	1	1.0	0.0	1
VUILD104MA1_150_6_3	(706, 706, 3)	uint8	0	0	0.0	0.0	1.0	0.0	0.0	1.0	0.0	3	False	False	NONE	frozen Phikon bounds; D5 global stride bins retained	1.0	False	0.0	0.0	1.0	0.0	1	1.0	0.0	1	1.0	0.0	1
VUILD104MA1_150_7_2	(706, 706, 3)	uint8	0	0	0.0	0.0	1.0	0.0	0.0	1.0	0.0	3	False	False	NONE	frozen Phikon bounds; D5 global stride bins retained	1.0	False	0.0	0.0	1.0	0.0	1	1.0	0.0	1	1.0	0.0	1
VUILD104MA1_150_7_3	(706, 706, 3)	uint8	0	0	0.0	0.0	1.0	0.0	0.0	1.0	0.0	3	False	False	NONE	frozen Phikon bounds; D5 global stride bins retained	1.0	False	0.0	0.0	1.0	0.0	1	1.0	0.0	1	1.0	0.0	1
VUILD104MA1_150_8_2	(706, 706, 3)	uint8	0	0	0.0	0.0	1.0	0.0	0.0	1.0	0.0	3	False	False	NONE	frozen Phikon bounds; D5 global stride bins retained	1.0	False	0.0	0.0	1.0	0.0	1	1.0	0.0	1	1.0	0.0	1
VUILD104MA1_150_8_3	(706, 706, 3)	uint8	0	0	0.0	0.0	1.0	0.0	0.0	1.0	0.0	3	False	False	NONE	frozen Phikon bounds; D5 global stride bins retained	1.0	False	0.0	0.0	1.0	0.0	1	1.0	0.0	1	1.0	0.0	1
VUILD104MA1_150_9_2	(706, 706, 3)	uint8	0	0	0.0	0.0	1.0	0.0	0.0	1.0	0.0	3	False	False	NONE	frozen Phikon bounds; D5 global stride bins retained	1.0	False	0.0	0.0	1.0	0.0	1	1.0	0.0	1	1.0	0.0	1
VUILD104MA1_150_9_3	(706, 706, 3)	uint8	0	0	0.0	0.0	1.0	0.0	0.0	1.0	0.0	3	False	False	NONE	frozen Phikon bounds; D5 global stride bins retained	1.0	False	0.0	0.0	1.0	0.0	1	1.0	0.0	1	1.0	0.0	1
VUILD104MA1_150_10_2	(706, 706, 3)	uint8	0	0	0.0	0.0	1.0	0.0	0.0	1.0	0.0	3	False	False	NONE	frozen Phikon bounds; D5 global stride bins retained	1.0	False	0.0	0.0	1.0	0.0	1	1.0	0.0	1	1.0	0.0	1
VUILD104MA1_150_10_3	(706, 706, 3)	uint8	0	0	0.0	0.0	1.0	0.0	0.0	1.0	0.0	3	False	False	NONE	frozen Phikon bounds; D5 global stride bins retained	1.0	False	0.0	0.0	1.0	0.0	1	1.0	0.0	1	1.0	0.0	1
VUILD104MA1_150_11_2	(706, 706, 3)	uint8	0	0	0.0	0.0	1.0	0.0	0.0	1.0	0.0	3	False	False	NONE	frozen Phikon bounds; D5 global stride bins retained	1.0	False	0.0	0.0	1.0	0.0	1	1.0	0.0	1	1.0	0.0	1
VUILD104MA1_150_11_3	(706, 706, 3)	uint8	0	0	0.0	0.0	1.0	0.0	0.0	1.0	0.0	3	False	False	NONE	frozen Phikon bounds; D5 global stride bins retained	1.0	False	0.0	0.0	1.0	0.0	1	1.0	0.0	1	1.0	0.0	1
VUILD104MA1_150_12_3	(706, 705, 3)	uint8	0	0	0.0	0.0	1.0	0.0	0.0	1.0	0.0	3	False	False	NONE	frozen Phikon bounds; D5 global stride bins retained	1.0	False	0.0	0.0	1.0	0.0	1	1.0	0.0	1	1.0	0.0	1
VUILD104MA1_150_13_3	(706, 706, 3)	uint8	0	0	0.0	0.0	1.0	0.0	0.0	1.0	0.0	3	False	False	NONE	frozen Phikon bounds; D5 global stride bins retained	1.0	False	0.0	0.0	1.0	0.0	1	1.0	0.0	1	1.0	0.0	1
VUILD48LA2_150_4_2	(706, 705, 3)	uint8	0	0	0.0	0.0	1.0	0.0	0.0	1.0	0.0	3	False	False	NONE	frozen Phikon bounds; D5 global stride bins retained	1.0	False	0.0	0.0	1.0	0.0	1	1.0	0.0	1	1.0	0.0	1
VUILD48LA2_150_6_3	(706, 706, 3)	uint8	0	0	0.0	0.0	1.0	0.0	0.0	1.0	0.0	3	False	False	NONE	frozen Phikon bounds; D5 global stride bins retained	1.0	False	0.0	0.0	1.0	0.0	1	1.0	0.0	1	1.0	0.0	1
VUILD48LA2_150_7_2	(706, 706, 3)	uint8	0	0	0.0	0.0	1.0	0.0	0.0	1.0	0.0	3	False	False	NONE	frozen Phikon bounds; D5 global stride bins retained	1.0	False	0.0	0.0	1.0	0.0	1	1.0	0.0	1	1.0	0.0	1
VUILD48LA2_150_7_3	(706, 706, 3)	uint8	0	0	0.0	0.0	1.0	0.0	0.0	1.0	0.0	3	False	False	NONE	frozen Phikon bounds; D5 global stride bins retained	1.0	False	0.0	0.0	1.0	0.0	1	1.0	0.0	1	1.0	0.0	1
VUILD48LA2_150_8_2	(706, 706, 3)	uint8	0	0	0.0	0.0	1.0	0.0	0.0	1.0	0.0	3	False	False	NONE	frozen Phikon bounds; D5 global stride bins retained	1.0	False	0.0	0.0	1.0	0.0	1	1.0	0.0	1	1.0	0.0	1
VUILD48LA2_150_8_3	(706, 706, 3)	uint8	0	0	0.0	0.0	1.0	0.0	0.0	1.0	0.0	3	False	False	NONE	frozen Phikon bounds; D5 global stride bins retained	1.0	False	0.0	0.0	1.0	0.0	1	1.0	0.0	1	1.0	0.0	1
VUILD48LA2_150_9_2	(706, 706, 3)	uint8	0	0	0.0	0.0	1.0	0.0	0.0	1.0	0.0	3	False	False	NONE	frozen Phikon bounds; D5 global stride bins retained	1.0	False	0.0	0.0	1.0	0.0	1	1.0	0.0	1	1.0	0.0	1
VUILD48LA2_150_9_3	(706, 706, 3)	uint8	0	0	0.0	0.0	1.0	0.0	0.0	1.0	0.0	3	False	False	NONE	frozen Phikon bounds; D5 global stride bins retained	1.0	False	0.0	0.0	1.0	0.0	1	1.0	0.0	1	1.0	0.0	1
VUILD48LA2_150_10_2	(706, 706, 3)	uint8	0	0	0.0	0.0	1.0	0.0	0.0	1.0	0.0	3	False	False	NONE	frozen Phikon bounds; D5 global stride bins retained	1.0	False	0.0	0.0	1.0	0.0	1	1.0	0.0	1	1.0	0.0	1
VUILD48LA2_150_10_3	(706, 706, 3)	uint8	0	0	0.0	0.0	1.0	0.0	0.0	1.0	0.0	3	False	False	NONE	frozen Phikon bounds; D5 global stride bins retained	1.0	False	0.0	0.0	1.0	0.0	1	1.0	0.0	1	1.0	0.0	1
VUILD48LA2_150_11_2	(706, 706, 3)	uint8	0	0	0.0	0.0	1.0	0.0	0.0	1.0	0.0	3	False	False	NONE	frozen Phikon bounds; D5 global stride bins retained	1.0	False	0.0	0.0	1.0	0.0	1	1.0	0.0	1	1.0	0.0	1
VUILD48LA2_150_11_3	(706, 706, 3)	uint8	0	0	0.0	0.0	1.0	0.0	0.0	1.0	0.0	3	False	False	NONE	frozen Phikon bounds; D5 global stride bins retained	1.0	False	0.0	0.0	1.0	0.0	1	1.0	0.0	1	1.0	0.0	1
VUILD48LA2_150_12_2	(706, 705, 3)	uint8	0	0	0.0	0.0	1.0	0.0	0.0	1.0	0.0	3	False	False	NONE	frozen Phikon bounds; D5 global stride bins retained	1.0	False	0.0	0.0	1.0	0.0	1	1.0	0.0	1	1.0	0.0	1
VUILD48LA2_150_12_3	(706, 705, 3)	uint8	0	0	0.0	0.0	1.0	0.0	0.0	1.0	0.0	3	False	False	NONE	frozen Phikon bounds; D5 global stride bins retained	1.0	False	0.0	0.0	1.0	0.0	1	1.0	0.0	1	1.0	0.0	1
VUILD48LA2_150_13_2	(706, 706, 3)	uint8	0	0	0.0	0.0	1.0	0.0	0.0	1.0	0.0	3	False	False	NONE	frozen Phikon bounds; D5 global stride bins retained	1.0	False	0.0	0.0	1.0	0.0	1	1.0	0.0	1	1.0	0.0	1
VUILD48LA2_150_13_3	(706, 706, 3)	uint8	0	0	0.0	0.0	1.0	0.0	0.0	1.0	0.0	3	False	False	NONE	frozen Phikon bounds; D5 global stride bins retained	1.0	False	0.0	0.0	1.0	0.0	1	1.0	0.0	1	1.0	0.0	1
VUILD48LA2_150_14_2	(706, 706, 3)	uint8	0	0	0.0	0.0	1.0	0.0	0.0	1.0	0.0	3	False	False	NONE	frozen Phikon bounds; D5 global stride bins retained	1.0	False	0.0	0.0	1.0	0.0	1	1.0	0.0	1	1.0	0.0	1
VUILD48LA2_150_14_3	(706, 706, 3)	uint8	0	0	0.0	0.0	1.0	0.0	0.0	1.0	0.0	3	False	False	NONE	frozen Phikon bounds; D5 global stride bins retained	1.0	False	0.0	0.0	1.0	0.0	1	1.0	0.0	1	1.0	0.0	1
VUILD48LA2_150_15_3	(706, 706, 3)	uint8	0	0	0.0	0.0	1.0	0.0	0.0	1.0	0.0	3	False	False	NONE	frozen Phikon bounds; D5 global stride bins retained	1.0	False	0.0	0.0	1.0	0.0	1	1.0	0.0	1	1.0	0.0	1
VUILD48LA2_150_16_1	(706, 706, 3)	uint8	0	0	0.0	0.0	1.0	0.0	0.0	1.0	0.0	3	False	False	NONE	frozen Phikon bounds; D5 global stride bins retained	1.0	False	0.0	0.0	1.0	0.0	1	1.0	0.0	1	1.0	0.0	1
VUILD48LA2_150_16_2	(706, 706, 3)	uint8	0	0	0.0	0.0	1.0	0.0	0.0	1.0	0.0	3	False	False	NONE	frozen Phikon bounds; D5 global stride bins retained	1.0	False	0.0	0.0	1.0	0.0	1	1.0	0.0	1	1.0	0.0	1
