region_id	rgb_r_mean	rgb_r_sd	rgb_g_mean	rgb_g_sd	rgb_b_mean	rgb_b_sd	hed_hematoxylin_mean	hed_hematoxylin_sd	hed_eosin_mean	hed_eosin_sd	hed_dab_mean	hed_dab_sd	brightness_mean	brightness_sd	saturation_mean	saturation_sd	rgb_r_hist_0	rgb_r_hist_1	rgb_r_hist_2	rgb_r_hist_3	rgb_r_hist_4	rgb_r_hist_5	rgb_r_hist_6	rgb_r_hist_7	rgb_g_hist_0	rgb_g_hist_1	rgb_g_hist_2	rgb_g_hist_3	rgb_g_hist_4	rgb_g_hist_5	rgb_g_hist_6	rgb_g_hist_7	rgb_b_hist_0	rgb_b_hist_1	rgb_b_hist_2	rgb_b_hist_3	rgb_b_hist_4	rgb_b_hist_5	rgb_b_hist_6	rgb_b_hist_7	original_nan_flag	recomputation_status
VUHD095_150_8_3	NA	NA	NA	NA	NA	NA	NA	NA	NA	NA	NA	NA	NA	NA	NA	NA	NA	NA	NA	NA	NA	NA	NA	NA	NA	NA	NA	NA	NA	NA	NA	NA	NA	NA	NA	NA	NA	NA	NA	NA	True	STILL_UNDEFINED_NO_VALID_COLOR_PIXELS
VUHD095_150_9_1	NA	NA	NA	NA	NA	NA	NA	NA	NA	NA	NA	NA	NA	NA	NA	NA	NA	NA	NA	NA	NA	NA	NA	NA	NA	NA	NA	NA	NA	NA	NA	NA	NA	NA	NA	NA	NA	NA	NA	NA	True	STILL_UNDEFINED_NO_VALID_COLOR_PIXELS
VUHD095_150_9_3	NA	NA	NA	NA	NA	NA	NA	NA	NA	NA	NA	NA	NA	NA	NA	NA	NA	NA	NA	NA	NA	NA	NA	NA	NA	NA	NA	NA	NA	NA	NA	NA	NA	NA	NA	NA	NA	NA	NA	NA	True	STILL_UNDEFINED_NO_VALID_COLOR_PIXELS
VUHD095_150_14_0	NA	NA	NA	NA	NA	NA	NA	NA	NA	NA	NA	NA	NA	NA	NA	NA	NA	NA	NA	NA	NA	NA	NA	NA	NA	NA	NA	NA	NA	NA	NA	NA	NA	NA	NA	NA	NA	NA	NA	NA	True	STILL_UNDEFINED_NO_VALID_COLOR_PIXELS
VUILD104MA1_150_5_3	NA	NA	NA	NA	NA	NA	NA	NA	NA	NA	NA	NA	NA	NA	NA	NA	NA	NA	NA	NA	NA	NA	NA	NA	NA	NA	NA	NA	NA	NA	NA	NA	NA	NA	NA	NA	NA	NA	NA	NA	True	STILL_UNDEFINED_NO_VALID_COLOR_PIXELS
VUILD104MA1_150_6_3	NA	NA	NA	NA	NA	NA	NA	NA	NA	NA	NA	NA	NA	NA	NA	NA	NA	NA	NA	NA	NA	NA	NA	NA	NA	NA	NA	NA	NA	NA	NA	NA	NA	NA	NA	NA	NA	NA	NA	NA	True	STILL_UNDEFINED_NO_VALID_COLOR_PIXELS
VUILD104MA1_150_7_2	NA	NA	NA	NA	NA	NA	NA	NA	NA	NA	NA	NA	NA	NA	NA	NA	NA	NA	NA	NA	NA	NA	NA	NA	NA	NA	NA	NA	NA	NA	NA	NA	NA	NA	NA	NA	NA	NA	NA	NA	True	STILL_UNDEFINED_NO_VALID_COLOR_PIXELS
VUILD104MA1_150_7_3	NA	NA	NA	NA	NA	NA	NA	NA	NA	NA	NA	NA	NA	NA	NA	NA	NA	NA	NA	NA	NA	NA	NA	NA	NA	NA	NA	NA	NA	NA	NA	NA	NA	NA	NA	NA	NA	NA	NA	NA	True	STILL_UNDEFINED_NO_VALID_COLOR_PIXELS
VUILD104MA1_150_8_2	NA	NA	NA	NA	NA	NA	NA	NA	NA	NA	NA	NA	NA	NA	NA	NA	NA	NA	NA	NA	NA	NA	NA	NA	NA	NA	NA	NA	NA	NA	NA	NA	NA	NA	NA	NA	NA	NA	NA	NA	True	STILL_UNDEFINED_NO_VALID_COLOR_PIXELS
VUILD104MA1_150_8_3	NA	NA	NA	NA	NA	NA	NA	NA	NA	NA	NA	NA	NA	NA	NA	NA	NA	NA	NA	NA	NA	NA	NA	NA	NA	NA	NA	NA	NA	NA	NA	NA	NA	NA	NA	NA	NA	NA	NA	NA	True	STILL_UNDEFINED_NO_VALID_COLOR_PIXELS
VUILD104MA1_150_9_2	NA	NA	NA	NA	NA	NA	NA	NA	NA	NA	NA	NA	NA	NA	NA	NA	NA	NA	NA	NA	NA	NA	NA	NA	NA	NA	NA	NA	NA	NA	NA	NA	NA	NA	NA	NA	NA	NA	NA	NA	True	STILL_UNDEFINED_NO_VALID_COLOR_PIXELS
VUILD104MA1_150_9_3	NA	NA	NA	NA	NA	NA	NA	NA	NA	NA	NA	NA	NA	NA	NA	NA	NA	NA	NA	NA	NA	NA	NA	NA	NA	NA	NA	NA	NA	NA	NA	NA	NA	NA	NA	NA	NA	NA	NA	NA	True	STILL_UNDEFINED_NO_VALID_COLOR_PIXELS
VUILD104MA1_150_10_2	NA	NA	NA	NA	NA	NA	NA	NA	NA	NA	NA	NA	NA	NA	NA	NA	NA	NA	NA	NA	NA	NA	NA	NA	NA	NA	NA	NA	NA	NA	NA	NA	NA	NA	NA	NA	NA	NA	NA	NA	True	STILL_UNDEFINED_NO_VALID_COLOR_PIXELS
VUILD104MA1_150_10_3	NA	NA	NA	NA	NA	NA	NA	NA	NA	NA	NA	NA	NA	NA	NA	NA	NA	NA	NA	NA	NA	NA	NA	NA	NA	NA	NA	NA	NA	NA	NA	NA	NA	NA	NA	NA	NA	NA	NA	NA	True	STILL_UNDEFINED_NO_VALID_COLOR_PIXELS
VUILD104MA1_150_11_2	NA	NA	NA	NA	NA	NA	NA	NA	NA	NA	NA	NA	NA	NA	NA	NA	NA	NA	NA	NA	NA	NA	NA	NA	NA	NA	NA	NA	NA	NA	NA	NA	NA	NA	NA	NA	NA	NA	NA	NA	True	STILL_UNDEFINED_NO_VALID_COLOR_PIXELS
VUILD104MA1_150_11_3	NA	NA	NA	NA	NA	NA	NA	NA	NA	NA	NA	NA	NA	NA	NA	NA	NA	NA	NA	NA	NA	NA	NA	NA	NA	NA	NA	NA	NA	NA	NA	NA	NA	NA	NA	NA	NA	NA	NA	NA	True	STILL_UNDEFINED_NO_VALID_COLOR_PIXELS
VUILD104MA1_150_12_3	NA	NA	NA	NA	NA	NA	NA	NA	NA	NA	NA	NA	NA	NA	NA	NA	NA	NA	NA	NA	NA	NA	NA	NA	NA	NA	NA	NA	NA	NA	NA	NA	NA	NA	NA	NA	NA	NA	NA	NA	True	STILL_UNDEFINED_NO_VALID_COLOR_PIXELS
VUILD104MA1_150_13_3	NA	NA	NA	NA	NA	NA	NA	NA	NA	NA	NA	NA	NA	NA	NA	NA	NA	NA	NA	NA	NA	NA	NA	NA	NA	NA	NA	NA	NA	NA	NA	NA	NA	NA	NA	NA	NA	NA	NA	NA	True	STILL_UNDEFINED_NO_VALID_COLOR_PIXELS
VUILD48LA2_150_4_2	NA	NA	NA	NA	NA	NA	NA	NA	NA	NA	NA	NA	NA	NA	NA	NA	NA	NA	NA	NA	NA	NA	NA	NA	NA	NA	NA	NA	NA	NA	NA	NA	NA	NA	NA	NA	NA	NA	NA	NA	True	STILL_UNDEFINED_NO_VALID_COLOR_PIXELS
VUILD48LA2_150_6_3	NA	NA	NA	NA	NA	NA	NA	NA	NA	NA	NA	NA	NA	NA	NA	NA	NA	NA	NA	NA	NA	NA	NA	NA	NA	NA	NA	NA	NA	NA	NA	NA	NA	NA	NA	NA	NA	NA	NA	NA	True	STILL_UNDEFINED_NO_VALID_COLOR_PIXELS
VUILD48LA2_150_7_2	NA	NA	NA	NA	NA	NA	NA	NA	NA	NA	NA	NA	NA	NA	NA	NA	NA	NA	NA	NA	NA	NA	NA	NA	NA	NA	NA	NA	NA	NA	NA	NA	NA	NA	NA	NA	NA	NA	NA	NA	True	STILL_UNDEFINED_NO_VALID_COLOR_PIXELS
VUILD48LA2_150_7_3	NA	NA	NA	NA	NA	NA	NA	NA	NA	NA	NA	NA	NA	NA	NA	NA	NA	NA	NA	NA	NA	NA	NA	NA	NA	NA	NA	NA	NA	NA	NA	NA	NA	NA	NA	NA	NA	NA	NA	NA	True	STILL_UNDEFINED_NO_VALID_COLOR_PIXELS
VUILD48LA2_150_8_2	NA	NA	NA	NA	NA	NA	NA	NA	NA	NA	NA	NA	NA	NA	NA	NA	NA	NA	NA	NA	NA	NA	NA	NA	NA	NA	NA	NA	NA	NA	NA	NA	NA	NA	NA	NA	NA	NA	NA	NA	True	STILL_UNDEFINED_NO_VALID_COLOR_PIXELS
VUILD48LA2_150_8_3	NA	NA	NA	NA	NA	NA	NA	NA	NA	NA	NA	NA	NA	NA	NA	NA	NA	NA	NA	NA	NA	NA	NA	NA	NA	NA	NA	NA	NA	NA	NA	NA	NA	NA	NA	NA	NA	NA	NA	NA	True	STILL_UNDEFINED_NO_VALID_COLOR_PIXELS
VUILD48LA2_150_9_2	NA	NA	NA	NA	NA	NA	NA	NA	NA	NA	NA	NA	NA	NA	NA	NA	NA	NA	NA	NA	NA	NA	NA	NA	NA	NA	NA	NA	NA	NA	NA	NA	NA	NA	NA	NA	NA	NA	NA	NA	True	STILL_UNDEFINED_NO_VALID_COLOR_PIXELS
VUILD48LA2_150_9_3	NA	NA	NA	NA	NA	NA	NA	NA	NA	NA	NA	NA	NA	NA	NA	NA	NA	NA	NA	NA	NA	NA	NA	NA	NA	NA	NA	NA	NA	NA	NA	NA	NA	NA	NA	NA	NA	NA	NA	NA	True	STILL_UNDEFINED_NO_VALID_COLOR_PIXELS
VUILD48LA2_150_10_2	NA	NA	NA	NA	NA	NA	NA	NA	NA	NA	NA	NA	NA	NA	NA	NA	NA	NA	NA	NA	NA	NA	NA	NA	NA	NA	NA	NA	NA	NA	NA	NA	NA	NA	NA	NA	NA	NA	NA	NA	True	STILL_UNDEFINED_NO_VALID_COLOR_PIXELS
VUILD48LA2_150_10_3	NA	NA	NA	NA	NA	NA	NA	NA	NA	NA	NA	NA	NA	NA	NA	NA	NA	NA	NA	NA	NA	NA	NA	NA	NA	NA	NA	NA	NA	NA	NA	NA	NA	NA	NA	NA	NA	NA	NA	NA	True	STILL_UNDEFINED_NO_VALID_COLOR_PIXELS
VUILD48LA2_150_11_2	NA	NA	NA	NA	NA	NA	NA	NA	NA	NA	NA	NA	NA	NA	NA	NA	NA	NA	NA	NA	NA	NA	NA	NA	NA	NA	NA	NA	NA	NA	NA	NA	NA	NA	NA	NA	NA	NA	NA	NA	True	STILL_UNDEFINED_NO_VALID_COLOR_PIXELS
VUILD48LA2_150_11_3	NA	NA	NA	NA	NA	NA	NA	NA	NA	NA	NA	NA	NA	NA	NA	NA	NA	NA	NA	NA	NA	NA	NA	NA	NA	NA	NA	NA	NA	NA	NA	NA	NA	NA	NA	NA	NA	NA	NA	NA	True	STILL_UNDEFINED_NO_VALID_COLOR_PIXELS
VUILD48LA2_150_12_2	NA	NA	NA	NA	NA	NA	NA	NA	NA	NA	NA	NA	NA	NA	NA	NA	NA	NA	NA	NA	NA	NA	NA	NA	NA	NA	NA	NA	NA	NA	NA	NA	NA	NA	NA	NA	NA	NA	NA	NA	True	STILL_UNDEFINED_NO_VALID_COLOR_PIXELS
VUILD48LA2_150_12_3	NA	NA	NA	NA	NA	NA	NA	NA	NA	NA	NA	NA	NA	NA	NA	NA	NA	NA	NA	NA	NA	NA	NA	NA	NA	NA	NA	NA	NA	NA	NA	NA	NA	NA	NA	NA	NA	NA	NA	NA	True	STILL_UNDEFINED_NO_VALID_COLOR_PIXELS
VUILD48LA2_150_13_2	NA	NA	NA	NA	NA	NA	NA	NA	NA	NA	NA	NA	NA	NA	NA	NA	NA	NA	NA	NA	NA	NA	NA	NA	NA	NA	NA	NA	NA	NA	NA	NA	NA	NA	NA	NA	NA	NA	NA	NA	True	STILL_UNDEFINED_NO_VALID_COLOR_PIXELS
VUILD48LA2_150_13_3	NA	NA	NA	NA	NA	NA	NA	NA	NA	NA	NA	NA	NA	NA	NA	NA	NA	NA	NA	NA	NA	NA	NA	NA	NA	NA	NA	NA	NA	NA	NA	NA	NA	NA	NA	NA	NA	NA	NA	NA	True	STILL_UNDEFINED_NO_VALID_COLOR_PIXELS
VUILD48LA2_150_14_2	NA	NA	NA	NA	NA	NA	NA	NA	NA	NA	NA	NA	NA	NA	NA	NA	NA	NA	NA	NA	NA	NA	NA	NA	NA	NA	NA	NA	NA	NA	NA	NA	NA	NA	NA	NA	NA	NA	NA	NA	True	STILL_UNDEFINED_NO_VALID_COLOR_PIXELS
VUILD48LA2_150_14_3	NA	NA	NA	NA	NA	NA	NA	NA	NA	NA	NA	NA	NA	NA	NA	NA	NA	NA	NA	NA	NA	NA	NA	NA	NA	NA	NA	NA	NA	NA	NA	NA	NA	NA	NA	NA	NA	NA	NA	NA	True	STILL_UNDEFINED_NO_VALID_COLOR_PIXELS
VUILD48LA2_150_15_3	NA	NA	NA	NA	NA	NA	NA	NA	NA	NA	NA	NA	NA	NA	NA	NA	NA	NA	NA	NA	NA	NA	NA	NA	NA	NA	NA	NA	NA	NA	NA	NA	NA	NA	NA	NA	NA	NA	NA	NA	True	STILL_UNDEFINED_NO_VALID_COLOR_PIXELS
VUILD48LA2_150_16_1	NA	NA	NA	NA	NA	NA	NA	NA	NA	NA	NA	NA	NA	NA	NA	NA	NA	NA	NA	NA	NA	NA	NA	NA	NA	NA	NA	NA	NA	NA	NA	NA	NA	NA	NA	NA	NA	NA	NA	NA	True	STILL_UNDEFINED_NO_VALID_COLOR_PIXELS
VUILD48LA2_150_16_2	NA	NA	NA	NA	NA	NA	NA	NA	NA	NA	NA	NA	NA	NA	NA	NA	NA	NA	NA	NA	NA	NA	NA	NA	NA	NA	NA	NA	NA	NA	NA	NA	NA	NA	NA	NA	NA	NA	NA	NA	True	STILL_UNDEFINED_NO_VALID_COLOR_PIXELS
