region_id	crop_valid	rgb_valid	hed_valid	hist_valid	first_failure_step	exception	root_cause_class	root_cause_detail	n_sampled_pixels	n_valid_pixels	repair_class
VUHD095_150_8_3	True	True	True	False	aggregate_feature division: counts=0; explicit NaN output	NONE	EMPTY_CROP	EMPTY_VALID_PIXEL_SET_AFTER_FROZEN_BLACK_FILTER; geometric crop nonempty	7832	0	UNRESOLVED
VUHD095_150_9_1	True	True	True	False	aggregate_feature division: counts=0; explicit NaN output	NONE	EMPTY_CROP	EMPTY_VALID_PIXEL_SET_AFTER_FROZEN_BLACK_FILTER; geometric crop nonempty	7744	0	UNRESOLVED
VUHD095_150_9_3	True	True	True	False	aggregate_feature division: counts=0; explicit NaN output	NONE	EMPTY_CROP	EMPTY_VALID_PIXEL_SET_AFTER_FROZEN_BLACK_FILTER; geometric crop nonempty	7744	0	UNRESOLVED
VUHD095_150_14_0	True	True	True	False	aggregate_feature division: counts=0; explicit NaN output	NONE	EMPTY_CROP	EMPTY_VALID_PIXEL_SET_AFTER_FROZEN_BLACK_FILTER; geometric crop nonempty	7832	0	UNRESOLVED
VUILD104MA1_150_5_3	True	True	True	False	aggregate_feature division: counts=0; explicit NaN output	NONE	EMPTY_CROP	EMPTY_VALID_PIXEL_SET_AFTER_FROZEN_BLACK_FILTER; geometric crop nonempty	7744	0	UNRESOLVED
VUILD104MA1_150_6_3	True	True	True	False	aggregate_feature division: counts=0; explicit NaN output	NONE	EMPTY_CROP	EMPTY_VALID_PIXEL_SET_AFTER_FROZEN_BLACK_FILTER; geometric crop nonempty	7744	0	UNRESOLVED
VUILD104MA1_150_7_2	True	True	True	False	aggregate_feature division: counts=0; explicit NaN output	NONE	EMPTY_CROP	EMPTY_VALID_PIXEL_SET_AFTER_FROZEN_BLACK_FILTER; geometric crop nonempty	7744	0	UNRESOLVED
VUILD104MA1_150_7_3	True	True	True	False	aggregate_feature division: counts=0; explicit NaN output	NONE	EMPTY_CROP	EMPTY_VALID_PIXEL_SET_AFTER_FROZEN_BLACK_FILTER; geometric crop nonempty	7744	0	UNRESOLVED
VUILD104MA1_150_8_2	True	True	True	False	aggregate_feature division: counts=0; explicit NaN output	NONE	EMPTY_CROP	EMPTY_VALID_PIXEL_SET_AFTER_FROZEN_BLACK_FILTER; geometric crop nonempty	7832	0	UNRESOLVED
VUILD104MA1_150_8_3	True	True	True	False	aggregate_feature division: counts=0; explicit NaN output	NONE	EMPTY_CROP	EMPTY_VALID_PIXEL_SET_AFTER_FROZEN_BLACK_FILTER; geometric crop nonempty	7832	0	UNRESOLVED
VUILD104MA1_150_9_2	True	True	True	False	aggregate_feature division: counts=0; explicit NaN output	NONE	EMPTY_CROP	EMPTY_VALID_PIXEL_SET_AFTER_FROZEN_BLACK_FILTER; geometric crop nonempty	7744	0	UNRESOLVED
VUILD104MA1_150_9_3	True	True	True	False	aggregate_feature division: counts=0; explicit NaN output	NONE	EMPTY_CROP	EMPTY_VALID_PIXEL_SET_AFTER_FROZEN_BLACK_FILTER; geometric crop nonempty	7744	0	UNRESOLVED
VUILD104MA1_150_10_2	True	True	True	False	aggregate_feature division: counts=0; explicit NaN output	NONE	EMPTY_CROP	EMPTY_VALID_PIXEL_SET_AFTER_FROZEN_BLACK_FILTER; geometric crop nonempty	7744	0	UNRESOLVED
VUILD104MA1_150_10_3	True	True	True	False	aggregate_feature division: counts=0; explicit NaN output	NONE	EMPTY_CROP	EMPTY_VALID_PIXEL_SET_AFTER_FROZEN_BLACK_FILTER; geometric crop nonempty	7744	0	UNRESOLVED
VUILD104MA1_150_11_2	True	True	True	False	aggregate_feature division: counts=0; explicit NaN output	NONE	EMPTY_CROP	EMPTY_VALID_PIXEL_SET_AFTER_FROZEN_BLACK_FILTER; geometric crop nonempty	7744	0	UNRESOLVED
VUILD104MA1_150_11_3	True	True	True	False	aggregate_feature division: counts=0; explicit NaN output	NONE	EMPTY_CROP	EMPTY_VALID_PIXEL_SET_AFTER_FROZEN_BLACK_FILTER; geometric crop nonempty	7744	0	UNRESOLVED
VUILD104MA1_150_12_3	True	True	True	False	aggregate_feature division: counts=0; explicit NaN output	NONE	EMPTY_CROP	EMPTY_VALID_PIXEL_SET_AFTER_FROZEN_BLACK_FILTER; geometric crop nonempty	7832	0	UNRESOLVED
VUILD104MA1_150_13_3	True	True	True	False	aggregate_feature division: counts=0; explicit NaN output	NONE	EMPTY_CROP	EMPTY_VALID_PIXEL_SET_AFTER_FROZEN_BLACK_FILTER; geometric crop nonempty	7744	0	UNRESOLVED
VUILD48LA2_150_4_2	True	True	True	False	aggregate_feature division: counts=0; explicit NaN output	NONE	EMPTY_CROP	EMPTY_VALID_PIXEL_SET_AFTER_FROZEN_BLACK_FILTER; geometric crop nonempty	7832	0	UNRESOLVED
VUILD48LA2_150_6_3	True	True	True	False	aggregate_feature division: counts=0; explicit NaN output	NONE	EMPTY_CROP	EMPTY_VALID_PIXEL_SET_AFTER_FROZEN_BLACK_FILTER; geometric crop nonempty	7744	0	UNRESOLVED
VUILD48LA2_150_7_2	True	True	True	False	aggregate_feature division: counts=0; explicit NaN output	NONE	EMPTY_CROP	EMPTY_VALID_PIXEL_SET_AFTER_FROZEN_BLACK_FILTER; geometric crop nonempty	7744	0	UNRESOLVED
VUILD48LA2_150_7_3	True	True	True	False	aggregate_feature division: counts=0; explicit NaN output	NONE	EMPTY_CROP	EMPTY_VALID_PIXEL_SET_AFTER_FROZEN_BLACK_FILTER; geometric crop nonempty	7744	0	UNRESOLVED
VUILD48LA2_150_8_2	True	True	True	False	aggregate_feature division: counts=0; explicit NaN output	NONE	EMPTY_CROP	EMPTY_VALID_PIXEL_SET_AFTER_FROZEN_BLACK_FILTER; geometric crop nonempty	7832	0	UNRESOLVED
VUILD48LA2_150_8_3	True	True	True	False	aggregate_feature division: counts=0; explicit NaN output	NONE	EMPTY_CROP	EMPTY_VALID_PIXEL_SET_AFTER_FROZEN_BLACK_FILTER; geometric crop nonempty	7832	0	UNRESOLVED
VUILD48LA2_150_9_2	True	True	True	False	aggregate_feature division: counts=0; explicit NaN output	NONE	EMPTY_CROP	EMPTY_VALID_PIXEL_SET_AFTER_FROZEN_BLACK_FILTER; geometric crop nonempty	7744	0	UNRESOLVED
VUILD48LA2_150_9_3	True	True	True	False	aggregate_feature division: counts=0; explicit NaN output	NONE	EMPTY_CROP	EMPTY_VALID_PIXEL_SET_AFTER_FROZEN_BLACK_FILTER; geometric crop nonempty	7744	0	UNRESOLVED
VUILD48LA2_150_10_2	True	True	True	False	aggregate_feature division: counts=0; explicit NaN output	NONE	EMPTY_CROP	EMPTY_VALID_PIXEL_SET_AFTER_FROZEN_BLACK_FILTER; geometric crop nonempty	7744	0	UNRESOLVED
VUILD48LA2_150_10_3	True	True	True	False	aggregate_feature division: counts=0; explicit NaN output	NONE	EMPTY_CROP	EMPTY_VALID_PIXEL_SET_AFTER_FROZEN_BLACK_FILTER; geometric crop nonempty	7744	0	UNRESOLVED
VUILD48LA2_150_11_2	True	True	True	False	aggregate_feature division: counts=0; explicit NaN output	NONE	EMPTY_CROP	EMPTY_VALID_PIXEL_SET_AFTER_FROZEN_BLACK_FILTER; geometric crop nonempty	7744	0	UNRESOLVED
VUILD48LA2_150_11_3	True	True	True	False	aggregate_feature division: counts=0; explicit NaN output	NONE	EMPTY_CROP	EMPTY_VALID_PIXEL_SET_AFTER_FROZEN_BLACK_FILTER; geometric crop nonempty	7744	0	UNRESOLVED
VUILD48LA2_150_12_2	True	True	True	False	aggregate_feature division: counts=0; explicit NaN output	NONE	EMPTY_CROP	EMPTY_VALID_PIXEL_SET_AFTER_FROZEN_BLACK_FILTER; geometric crop nonempty	7832	0	UNRESOLVED
VUILD48LA2_150_12_3	True	True	True	False	aggregate_feature division: counts=0; explicit NaN output	NONE	EMPTY_CROP	EMPTY_VALID_PIXEL_SET_AFTER_FROZEN_BLACK_FILTER; geometric crop nonempty	7832	0	UNRESOLVED
VUILD48LA2_150_13_2	True	True	True	False	aggregate_feature division: counts=0; explicit NaN output	NONE	EMPTY_CROP	EMPTY_VALID_PIXEL_SET_AFTER_FROZEN_BLACK_FILTER; geometric crop nonempty	7744	0	UNRESOLVED
VUILD48LA2_150_13_3	True	True	True	False	aggregate_feature division: counts=0; explicit NaN output	NONE	EMPTY_CROP	EMPTY_VALID_PIXEL_SET_AFTER_FROZEN_BLACK_FILTER; geometric crop nonempty	7744	0	UNRESOLVED
VUILD48LA2_150_14_2	True	True	True	False	aggregate_feature division: counts=0; explicit NaN output	NONE	EMPTY_CROP	EMPTY_VALID_PIXEL_SET_AFTER_FROZEN_BLACK_FILTER; geometric crop nonempty	7744	0	UNRESOLVED
VUILD48LA2_150_14_3	True	True	True	False	aggregate_feature division: counts=0; explicit NaN output	NONE	EMPTY_CROP	EMPTY_VALID_PIXEL_SET_AFTER_FROZEN_BLACK_FILTER; geometric crop nonempty	7744	0	UNRESOLVED
VUILD48LA2_150_15_3	True	True	True	False	aggregate_feature division: counts=0; explicit NaN output	NONE	EMPTY_CROP	EMPTY_VALID_PIXEL_SET_AFTER_FROZEN_BLACK_FILTER; geometric crop nonempty	7744	0	UNRESOLVED
VUILD48LA2_150_16_1	True	True	True	False	aggregate_feature division: counts=0; explicit NaN output	NONE	EMPTY_CROP	EMPTY_VALID_PIXEL_SET_AFTER_FROZEN_BLACK_FILTER; geometric crop nonempty	7744	0	UNRESOLVED
VUILD48LA2_150_16_2	True	True	True	False	aggregate_feature division: counts=0; explicit NaN output	NONE	EMPTY_CROP	EMPTY_VALID_PIXEL_SET_AFTER_FROZEN_BLACK_FILTER; geometric crop nonempty	7744	0	UNRESOLVED
