feature	max_absolute_error	median_absolute_error	max_relative_error
brightness_mean	1.1102230246251565e-16	0.0	1.2214296517569908e-16
brightness_sd	9.71445146547012e-17	4.163336342344337e-17	4.686227610220162e-15
hed_dab_mean	9.71445146547012e-17	4.85722573273506e-17	2.519966094171991e-14
hed_dab_sd	9.71445146547012e-17	5.204170427930421e-17	3.024810116325919e-14
hed_eosin_mean	9.71445146547012e-17	5.3369851940598956e-17	6.284647994892591e-13
hed_eosin_sd	9.8879238130678e-17	5.2475385148298415e-17	7.121620554663175e-14
hed_hematoxylin_mean	9.80118763926896e-17	4.0766001685454967e-17	2.425799998596093e-14
hed_hematoxylin_sd	9.8879238130678e-17	5.204170427930421e-17	3.872167942255725e-14
rgb_b_hist_0	8.836247705756861e-17	0.0	6.920549203153563e-13
rgb_b_hist_1	9.75781955236954e-17	2.0003530082357557e-17	7.276153692151615e-13
rgb_b_hist_2	9.974659986866641e-17	4.85722573273506e-17	6.920549203153563e-13
rgb_b_hist_3	9.8879238130678e-17	3.903127820947816e-17	6.716849298982648e-14
rgb_b_hist_4	9.75781955236954e-17	4.358492733391728e-17	6.716849298982648e-14
rgb_b_hist_5	9.71445146547012e-17	2.7755575615628914e-17	3.2057689836052424e-14
rgb_b_hist_6	9.71445146547012e-17	4.5102810375396984e-17	9.826501752214793e-15
rgb_b_hist_7	1.1102230246251565e-16	0.0	2.8740364788914294e-15
rgb_b_mean	1.1102230246251565e-16	0.0	1.216449857454278e-16
rgb_b_sd	9.71445146547012e-17	3.122502256758253e-17	3.344433712982077e-15
rgb_g_hist_0	9.75781955236954e-17	3.2959746043559335e-17	7.276153692151615e-13
rgb_g_hist_1	9.8879238130678e-17	4.85722573273506e-17	4.5443683538447076e-13
rgb_g_hist_2	9.8879238130678e-17	4.163336342344337e-17	1.4474810239308728e-13
rgb_g_hist_3	9.389190813724468e-17	4.705437428587089e-17	6.716849298982648e-14
rgb_g_hist_4	9.71445146547012e-17	2.7755575615628914e-17	4.1420570677058596e-14
rgb_g_hist_5	9.974659986866641e-17	4.9439619065339e-17	2.854660952067515e-14
rgb_g_hist_6	9.71445146547012e-17	4.163336342344337e-17	9.826501752214793e-15
rgb_g_hist_7	1.1102230246251565e-16	3.469446951953614e-18	8.816676703137009e-15
rgb_g_mean	1.1102230246251565e-16	0.0	1.2099343421089585e-16
rgb_g_sd	8.326672684688674e-17	2.7755575615628914e-17	2.0906281169189587e-15
rgb_r_hist_0	9.345822726825048e-17	0.0	6.920549203153563e-13
rgb_r_hist_1	9.75781955236954e-17	4.4072818311535755e-17	6.920549203153563e-13
rgb_r_hist_2	9.71445146547012e-17	4.85722573273506e-17	6.920549203153563e-13
rgb_r_hist_3	9.71445146547012e-17	3.859759734048396e-17	6.920549203153563e-13
rgb_r_hist_4	9.75781955236954e-17	4.163336342344337e-17	1.4474810239308728e-13
rgb_r_hist_5	9.345822726825048e-17	4.336808689942018e-17	4.5443683538447076e-13
rgb_r_hist_6	9.71445146547012e-17	4.163336342344337e-17	1.450228825916632e-14
rgb_r_hist_7	1.1102230246251565e-16	0.0	4.234707822498813e-16
rgb_r_mean	1.1102230246251565e-16	0.0	1.2287636808625766e-16
rgb_r_sd	9.71445146547012e-17	2.7755575615628914e-17	4.6204583472639216e-15
saturation_mean	9.8879238130678e-17	2.949029909160572e-17	6.9445567747053525e-15
saturation_sd	9.71445146547012e-17	3.122502256758253e-17	2.8519129085013292e-15
