region_id	sample_id	donor_id	full_crop_in_bounds	exclusion_reason	embedding_present	reason	should_have_embedding	source_file	source_log	timestamp_if_available	eligible_epithelial	eligible_fibroblast	eligible_macrophage	eligible_primary_targets
THD0011_150_3_23	THD0011	THD0011	NO	FROZEN_COORDINATE_SUPPORT_FAILURE	False	CROP_OUT_OF_BOUNDS	NO	results/phase1/image_region_crop_audit.tsv	logs/phase1d_embedding_extraction.log	NOT_RECORDED_PER_REGION	False	False	False	NONE
THD0011_150_8_23	THD0011	THD0011	NO	FROZEN_COORDINATE_SUPPORT_FAILURE	False	CROP_OUT_OF_BOUNDS	NO	results/phase1/image_region_crop_audit.tsv	logs/phase1d_embedding_extraction.log	NOT_RECORDED_PER_REGION	False	False	False	NONE
TILD117LA_150_13_23	TILD117LA	TILD117	NO	FROZEN_COORDINATE_SUPPORT_FAILURE	False	CROP_OUT_OF_BOUNDS	NO	results/phase1/image_region_crop_audit.tsv	logs/phase1d_embedding_extraction.log	NOT_RECORDED_PER_REGION	False	False	False	NONE
TILD117LA_150_15_23	TILD117LA	TILD117	NO	FROZEN_COORDINATE_SUPPORT_FAILURE	False	CROP_OUT_OF_BOUNDS	NO	results/phase1/image_region_crop_audit.tsv	logs/phase1d_embedding_extraction.log	NOT_RECORDED_PER_REGION	False	False	False	NONE
TILD117LA_150_16_23	TILD117LA	TILD117	NO	FROZEN_COORDINATE_SUPPORT_FAILURE	False	CROP_OUT_OF_BOUNDS	NO	results/phase1/image_region_crop_audit.tsv	logs/phase1d_embedding_extraction.log	NOT_RECORDED_PER_REGION	False	False	False	NONE
TILD117LA_150_17_23	TILD117LA	TILD117	NO	FROZEN_COORDINATE_SUPPORT_FAILURE	False	CROP_OUT_OF_BOUNDS	NO	results/phase1/image_region_crop_audit.tsv	logs/phase1d_embedding_extraction.log	NOT_RECORDED_PER_REGION	False	False	False	NONE
TILD175MA_150_9_23	TILD175MA	TILD175	NO	FROZEN_COORDINATE_SUPPORT_FAILURE	False	CROP_OUT_OF_BOUNDS	NO	results/phase1/image_region_crop_audit.tsv	logs/phase1d_embedding_extraction.log	NOT_RECORDED_PER_REGION	False	False	False	NONE
TILD175MA_150_11_23	TILD175MA	TILD175	NO	FROZEN_COORDINATE_SUPPORT_FAILURE	False	CROP_OUT_OF_BOUNDS	NO	results/phase1/image_region_crop_audit.tsv	logs/phase1d_embedding_extraction.log	NOT_RECORDED_PER_REGION	False	False	False	NONE
VUHD069_150_20_5	VUHD069	VUHD069	NO	FROZEN_COORDINATE_SUPPORT_FAILURE	False	CROP_OUT_OF_BOUNDS	NO	results/phase1/image_region_crop_audit.tsv	logs/phase1d_embedding_extraction.log	NOT_RECORDED_PER_REGION	False	False	False	NONE
VUHD069_150_20_9	VUHD069	VUHD069	NO	FROZEN_COORDINATE_SUPPORT_FAILURE	False	CROP_OUT_OF_BOUNDS	NO	results/phase1/image_region_crop_audit.tsv	logs/phase1d_embedding_extraction.log	NOT_RECORDED_PER_REGION	False	False	False	NONE
VUHD069_150_20_10	VUHD069	VUHD069	NO	FROZEN_COORDINATE_SUPPORT_FAILURE	False	CROP_OUT_OF_BOUNDS	NO	results/phase1/image_region_crop_audit.tsv	logs/phase1d_embedding_extraction.log	NOT_RECORDED_PER_REGION	False	False	False	NONE
VUHD069_150_20_11	VUHD069	VUHD069	NO	FROZEN_COORDINATE_SUPPORT_FAILURE	False	CROP_OUT_OF_BOUNDS	NO	results/phase1/image_region_crop_audit.tsv	logs/phase1d_embedding_extraction.log	NOT_RECORDED_PER_REGION	False	False	False	NONE
VUHD069_150_20_12	VUHD069	VUHD069	NO	FROZEN_COORDINATE_SUPPORT_FAILURE	False	CROP_OUT_OF_BOUNDS	NO	results/phase1/image_region_crop_audit.tsv	logs/phase1d_embedding_extraction.log	NOT_RECORDED_PER_REGION	False	False	False	NONE
VUHD069_150_20_13	VUHD069	VUHD069	NO	FROZEN_COORDINATE_SUPPORT_FAILURE	False	CROP_OUT_OF_BOUNDS	NO	results/phase1/image_region_crop_audit.tsv	logs/phase1d_embedding_extraction.log	NOT_RECORDED_PER_REGION	False	False	False	NONE
VUHD095_150_15_17	VUHD095	VUHD095	NO	FROZEN_COORDINATE_SUPPORT_FAILURE	False	CROP_OUT_OF_BOUNDS	NO	results/phase1/image_region_crop_audit.tsv	logs/phase1d_embedding_extraction.log	NOT_RECORDED_PER_REGION	False	False	False	NONE
VUHD116B_150_6_17	VUHD116B	VUHD116	NO	FROZEN_COORDINATE_SUPPORT_FAILURE	False	CROP_OUT_OF_BOUNDS	NO	results/phase1/image_region_crop_audit.tsv	logs/phase1d_embedding_extraction.log	NOT_RECORDED_PER_REGION	False	False	False	NONE
VUHD116B_150_7_17	VUHD116B	VUHD116	NO	FROZEN_COORDINATE_SUPPORT_FAILURE	False	CROP_OUT_OF_BOUNDS	NO	results/phase1/image_region_crop_audit.tsv	logs/phase1d_embedding_extraction.log	NOT_RECORDED_PER_REGION	False	False	False	NONE
VUHD116B_150_8_17	VUHD116B	VUHD116	NO	FROZEN_COORDINATE_SUPPORT_FAILURE	False	CROP_OUT_OF_BOUNDS	NO	results/phase1/image_region_crop_audit.tsv	logs/phase1d_embedding_extraction.log	NOT_RECORDED_PER_REGION	False	False	False	NONE
VUHD116B_150_10_17	VUHD116B	VUHD116	NO	FROZEN_COORDINATE_SUPPORT_FAILURE	False	CROP_OUT_OF_BOUNDS	NO	results/phase1/image_region_crop_audit.tsv	logs/phase1d_embedding_extraction.log	NOT_RECORDED_PER_REGION	False	False	False	NONE
VUHD116B_150_11_17	VUHD116B	VUHD116	NO	FROZEN_COORDINATE_SUPPORT_FAILURE	False	CROP_OUT_OF_BOUNDS	NO	results/phase1/image_region_crop_audit.tsv	logs/phase1d_embedding_extraction.log	NOT_RECORDED_PER_REGION	False	False	False	NONE
VUHD116B_150_12_17	VUHD116B	VUHD116	NO	FROZEN_COORDINATE_SUPPORT_FAILURE	False	CROP_OUT_OF_BOUNDS	NO	results/phase1/image_region_crop_audit.tsv	logs/phase1d_embedding_extraction.log	NOT_RECORDED_PER_REGION	False	False	False	NONE
VUHD116B_150_13_17	VUHD116B	VUHD116	NO	FROZEN_COORDINATE_SUPPORT_FAILURE	False	CROP_OUT_OF_BOUNDS	NO	results/phase1/image_region_crop_audit.tsv	logs/phase1d_embedding_extraction.log	NOT_RECORDED_PER_REGION	False	False	False	NONE
VUHD116B_150_14_17	VUHD116B	VUHD116	NO	FROZEN_COORDINATE_SUPPORT_FAILURE	False	CROP_OUT_OF_BOUNDS	NO	results/phase1/image_region_crop_audit.tsv	logs/phase1d_embedding_extraction.log	NOT_RECORDED_PER_REGION	False	False	False	NONE
VUHD116B_150_15_17	VUHD116B	VUHD116	NO	FROZEN_COORDINATE_SUPPORT_FAILURE	False	CROP_OUT_OF_BOUNDS	NO	results/phase1/image_region_crop_audit.tsv	logs/phase1d_embedding_extraction.log	NOT_RECORDED_PER_REGION	False	False	False	NONE
VUHD116B_150_16_17	VUHD116B	VUHD116	NO	FROZEN_COORDINATE_SUPPORT_FAILURE	False	CROP_OUT_OF_BOUNDS	NO	results/phase1/image_region_crop_audit.tsv	logs/phase1d_embedding_extraction.log	NOT_RECORDED_PER_REGION	False	False	False	NONE
VUHD116B_150_17_17	VUHD116B	VUHD116	NO	FROZEN_COORDINATE_SUPPORT_FAILURE	False	CROP_OUT_OF_BOUNDS	NO	results/phase1/image_region_crop_audit.tsv	logs/phase1d_embedding_extraction.log	NOT_RECORDED_PER_REGION	False	False	False	NONE
VUHD116B_150_18_17	VUHD116B	VUHD116	NO	FROZEN_COORDINATE_SUPPORT_FAILURE	False	CROP_OUT_OF_BOUNDS	NO	results/phase1/image_region_crop_audit.tsv	logs/phase1d_embedding_extraction.log	NOT_RECORDED_PER_REGION	False	False	False	NONE
VUILD105MA2_150_15_23	VUILD105MA2	VUILD105	NO	FROZEN_COORDINATE_SUPPORT_FAILURE	False	CROP_OUT_OF_BOUNDS	NO	results/phase1/image_region_crop_audit.tsv	logs/phase1d_embedding_extraction.log	NOT_RECORDED_PER_REGION	False	False	False	NONE
VUILD106MA_150_27_46	VUILD106MA	VUILD106	NO	FROZEN_COORDINATE_SUPPORT_FAILURE	False	CROP_OUT_OF_BOUNDS	NO	results/phase1/image_region_crop_audit.tsv	logs/phase1d_embedding_extraction.log	NOT_RECORDED_PER_REGION	False	False	False	NONE
VUILD110LA_150_17_40	VUILD110LA	VUILD110	NO	FROZEN_COORDINATE_SUPPORT_FAILURE	False	CROP_OUT_OF_BOUNDS	NO	results/phase1/image_region_crop_audit.tsv	logs/phase1d_embedding_extraction.log	NOT_RECORDED_PER_REGION	False	False	False	NONE
VUILD110LA_150_18_40	VUILD110LA	VUILD110	NO	FROZEN_COORDINATE_SUPPORT_FAILURE	False	CROP_OUT_OF_BOUNDS	NO	results/phase1/image_region_crop_audit.tsv	logs/phase1d_embedding_extraction.log	NOT_RECORDED_PER_REGION	False	False	False	NONE
VUILD110LA_150_19_40	VUILD110LA	VUILD110	NO	FROZEN_COORDINATE_SUPPORT_FAILURE	False	CROP_OUT_OF_BOUNDS	NO	results/phase1/image_region_crop_audit.tsv	logs/phase1d_embedding_extraction.log	NOT_RECORDED_PER_REGION	False	False	False	NONE
VUILD110LA_150_20_40	VUILD110LA	VUILD110	NO	FROZEN_COORDINATE_SUPPORT_FAILURE	False	CROP_OUT_OF_BOUNDS	NO	results/phase1/image_region_crop_audit.tsv	logs/phase1d_embedding_extraction.log	NOT_RECORDED_PER_REGION	False	False	False	NONE
VUILD110LA_150_21_40	VUILD110LA	VUILD110	NO	FROZEN_COORDINATE_SUPPORT_FAILURE	False	CROP_OUT_OF_BOUNDS	NO	results/phase1/image_region_crop_audit.tsv	logs/phase1d_embedding_extraction.log	NOT_RECORDED_PER_REGION	False	False	False	NONE
VUILD115MA_150_13_46	VUILD115MA	VUILD115	NO	FROZEN_COORDINATE_SUPPORT_FAILURE	False	CROP_OUT_OF_BOUNDS	NO	results/phase1/image_region_crop_audit.tsv	logs/phase1d_embedding_extraction.log	NOT_RECORDED_PER_REGION	False	False	False	NONE
VUILD115MA_150_14_46	VUILD115MA	VUILD115	NO	FROZEN_COORDINATE_SUPPORT_FAILURE	False	CROP_OUT_OF_BOUNDS	NO	results/phase1/image_region_crop_audit.tsv	logs/phase1d_embedding_extraction.log	NOT_RECORDED_PER_REGION	False	False	False	NONE
VUILD115MA_150_22_46	VUILD115MA	VUILD115	NO	FROZEN_COORDINATE_SUPPORT_FAILURE	False	CROP_OUT_OF_BOUNDS	NO	results/phase1/image_region_crop_audit.tsv	logs/phase1d_embedding_extraction.log	NOT_RECORDED_PER_REGION	False	False	False	NONE
VUILD115MA_150_36_31	VUILD115MA	VUILD115	NO	FROZEN_COORDINATE_SUPPORT_FAILURE	False	CROP_OUT_OF_BOUNDS	NO	results/phase1/image_region_crop_audit.tsv	logs/phase1d_embedding_extraction.log	NOT_RECORDED_PER_REGION	False	False	False	NONE
VUILD115MA_150_36_32	VUILD115MA	VUILD115	NO	FROZEN_COORDINATE_SUPPORT_FAILURE	False	CROP_OUT_OF_BOUNDS	NO	results/phase1/image_region_crop_audit.tsv	logs/phase1d_embedding_extraction.log	NOT_RECORDED_PER_REGION	False	False	False	NONE
VUILD48LA2_150_6_29	VUILD48LA2	VUILD48	NO	FROZEN_COORDINATE_SUPPORT_FAILURE	False	CROP_OUT_OF_BOUNDS	NO	results/phase1/image_region_crop_audit.tsv	logs/phase1d_embedding_extraction.log	NOT_RECORDED_PER_REGION	False	False	False	NONE
VUILD48LA2_150_11_29	VUILD48LA2	VUILD48	NO	FROZEN_COORDINATE_SUPPORT_FAILURE	False	CROP_OUT_OF_BOUNDS	NO	results/phase1/image_region_crop_audit.tsv	logs/phase1d_embedding_extraction.log	NOT_RECORDED_PER_REGION	False	False	False	NONE
VUILD48LA2_150_12_29	VUILD48LA2	VUILD48	NO	FROZEN_COORDINATE_SUPPORT_FAILURE	False	CROP_OUT_OF_BOUNDS	NO	results/phase1/image_region_crop_audit.tsv	logs/phase1d_embedding_extraction.log	NOT_RECORDED_PER_REGION	False	False	False	NONE
VUILD48LA2_150_14_29	VUILD48LA2	VUILD48	NO	FROZEN_COORDINATE_SUPPORT_FAILURE	False	CROP_OUT_OF_BOUNDS	NO	results/phase1/image_region_crop_audit.tsv	logs/phase1d_embedding_extraction.log	NOT_RECORDED_PER_REGION	False	False	False	NONE
VUILD48LA2_150_15_29	VUILD48LA2	VUILD48	NO	FROZEN_COORDINATE_SUPPORT_FAILURE	False	CROP_OUT_OF_BOUNDS	NO	results/phase1/image_region_crop_audit.tsv	logs/phase1d_embedding_extraction.log	NOT_RECORDED_PER_REGION	False	False	False	NONE
VUILD78LA_150_19_23	VUILD78LA	VUILD78	NO	FROZEN_COORDINATE_SUPPORT_FAILURE	False	CROP_OUT_OF_BOUNDS	NO	results/phase1/image_region_crop_audit.tsv	logs/phase1d_embedding_extraction.log	NOT_RECORDED_PER_REGION	False	False	False	NONE
VUILD78LA_150_22_23	VUILD78LA	VUILD78	NO	FROZEN_COORDINATE_SUPPORT_FAILURE	False	CROP_OUT_OF_BOUNDS	NO	results/phase1/image_region_crop_audit.tsv	logs/phase1d_embedding_extraction.log	NOT_RECORDED_PER_REGION	False	False	False	NONE
VUILD78MA_150_24_4	VUILD78MA	VUILD78	NO	FROZEN_COORDINATE_SUPPORT_FAILURE	False	CROP_OUT_OF_BOUNDS	NO	results/phase1/image_region_crop_audit.tsv	logs/phase1d_embedding_extraction.log	NOT_RECORDED_PER_REGION	False	False	False	NONE
VUILD78MA_150_24_5	VUILD78MA	VUILD78	NO	FROZEN_COORDINATE_SUPPORT_FAILURE	False	CROP_OUT_OF_BOUNDS	NO	results/phase1/image_region_crop_audit.tsv	logs/phase1d_embedding_extraction.log	NOT_RECORDED_PER_REGION	True	False	False	epithelial
VUILD78MA_150_24_6	VUILD78MA	VUILD78	NO	FROZEN_COORDINATE_SUPPORT_FAILURE	False	CROP_OUT_OF_BOUNDS	NO	results/phase1/image_region_crop_audit.tsv	logs/phase1d_embedding_extraction.log	NOT_RECORDED_PER_REGION	True	False	False	epithelial
VUILD78MA_150_24_7	VUILD78MA	VUILD78	NO	FROZEN_COORDINATE_SUPPORT_FAILURE	False	CROP_OUT_OF_BOUNDS	NO	results/phase1/image_region_crop_audit.tsv	logs/phase1d_embedding_extraction.log	NOT_RECORDED_PER_REGION	True	False	False	epithelial
VUILD78MA_150_24_8	VUILD78MA	VUILD78	NO	FROZEN_COORDINATE_SUPPORT_FAILURE	False	CROP_OUT_OF_BOUNDS	NO	results/phase1/image_region_crop_audit.tsv	logs/phase1d_embedding_extraction.log	NOT_RECORDED_PER_REGION	False	False	False	NONE
VUILD78MA_150_24_9	VUILD78MA	VUILD78	NO	FROZEN_COORDINATE_SUPPORT_FAILURE	False	CROP_OUT_OF_BOUNDS	NO	results/phase1/image_region_crop_audit.tsv	logs/phase1d_embedding_extraction.log	NOT_RECORDED_PER_REGION	False	False	False	NONE
VUILD78MA_150_24_10	VUILD78MA	VUILD78	NO	FROZEN_COORDINATE_SUPPORT_FAILURE	False	CROP_OUT_OF_BOUNDS	NO	results/phase1/image_region_crop_audit.tsv	logs/phase1d_embedding_extraction.log	NOT_RECORDED_PER_REGION	True	False	False	epithelial
VUILD78MA_150_24_11	VUILD78MA	VUILD78	NO	FROZEN_COORDINATE_SUPPORT_FAILURE	False	CROP_OUT_OF_BOUNDS	NO	results/phase1/image_region_crop_audit.tsv	logs/phase1d_embedding_extraction.log	NOT_RECORDED_PER_REGION	False	False	False	NONE
VUILD78MA_150_24_12	VUILD78MA	VUILD78	NO	FROZEN_COORDINATE_SUPPORT_FAILURE	False	CROP_OUT_OF_BOUNDS	NO	results/phase1/image_region_crop_audit.tsv	logs/phase1d_embedding_extraction.log	NOT_RECORDED_PER_REGION	True	False	False	epithelial
VUILD78MA_150_24_13	VUILD78MA	VUILD78	NO	FROZEN_COORDINATE_SUPPORT_FAILURE	False	CROP_OUT_OF_BOUNDS	NO	results/phase1/image_region_crop_audit.tsv	logs/phase1d_embedding_extraction.log	NOT_RECORDED_PER_REGION	False	False	False	NONE
VUILD78MA_150_24_14	VUILD78MA	VUILD78	NO	FROZEN_COORDINATE_SUPPORT_FAILURE	False	CROP_OUT_OF_BOUNDS	NO	results/phase1/image_region_crop_audit.tsv	logs/phase1d_embedding_extraction.log	NOT_RECORDED_PER_REGION	True	False	False	epithelial
VUILD78MA_150_24_15	VUILD78MA	VUILD78	NO	FROZEN_COORDINATE_SUPPORT_FAILURE	False	CROP_OUT_OF_BOUNDS	NO	results/phase1/image_region_crop_audit.tsv	logs/phase1d_embedding_extraction.log	NOT_RECORDED_PER_REGION	False	False	False	NONE
VUILD78MA_150_24_16	VUILD78MA	VUILD78	NO	FROZEN_COORDINATE_SUPPORT_FAILURE	False	CROP_OUT_OF_BOUNDS	NO	results/phase1/image_region_crop_audit.tsv	logs/phase1d_embedding_extraction.log	NOT_RECORDED_PER_REGION	False	False	False	NONE
VUILD78MA_150_24_17	VUILD78MA	VUILD78	NO	FROZEN_COORDINATE_SUPPORT_FAILURE	False	CROP_OUT_OF_BOUNDS	NO	results/phase1/image_region_crop_audit.tsv	logs/phase1d_embedding_extraction.log	NOT_RECORDED_PER_REGION	False	False	False	NONE
VUILD91LA_150_2_17	VUILD91LA	VUILD91	NO	FROZEN_COORDINATE_SUPPORT_FAILURE	False	CROP_OUT_OF_BOUNDS	NO	results/phase1/image_region_crop_audit.tsv	logs/phase1d_embedding_extraction.log	NOT_RECORDED_PER_REGION	False	False	False	NONE
VUILD91LA_150_8_17	VUILD91LA	VUILD91	NO	FROZEN_COORDINATE_SUPPORT_FAILURE	False	CROP_OUT_OF_BOUNDS	NO	results/phase1/image_region_crop_audit.tsv	logs/phase1d_embedding_extraction.log	NOT_RECORDED_PER_REGION	False	False	False	NONE
VUILD91LA_150_11_17	VUILD91LA	VUILD91	NO	FROZEN_COORDINATE_SUPPORT_FAILURE	False	CROP_OUT_OF_BOUNDS	NO	results/phase1/image_region_crop_audit.tsv	logs/phase1d_embedding_extraction.log	NOT_RECORDED_PER_REGION	False	False	False	NONE
VUILD91LA_150_13_17	VUILD91LA	VUILD91	NO	FROZEN_COORDINATE_SUPPORT_FAILURE	False	CROP_OUT_OF_BOUNDS	NO	results/phase1/image_region_crop_audit.tsv	logs/phase1d_embedding_extraction.log	NOT_RECORDED_PER_REGION	False	False	False	NONE
VUILD91LA_150_20_4	VUILD91LA	VUILD91	NO	FROZEN_COORDINATE_SUPPORT_FAILURE	False	CROP_OUT_OF_BOUNDS	NO	results/phase1/image_region_crop_audit.tsv	logs/phase1d_embedding_extraction.log	NOT_RECORDED_PER_REGION	False	False	False	NONE
VUILD91LA_150_20_5	VUILD91LA	VUILD91	NO	FROZEN_COORDINATE_SUPPORT_FAILURE	False	CROP_OUT_OF_BOUNDS	NO	results/phase1/image_region_crop_audit.tsv	logs/phase1d_embedding_extraction.log	NOT_RECORDED_PER_REGION	False	False	False	NONE
VUILD91LA_150_20_6	VUILD91LA	VUILD91	NO	FROZEN_COORDINATE_SUPPORT_FAILURE	False	CROP_OUT_OF_BOUNDS	NO	results/phase1/image_region_crop_audit.tsv	logs/phase1d_embedding_extraction.log	NOT_RECORDED_PER_REGION	False	False	False	NONE
VUILD91LA_150_20_7	VUILD91LA	VUILD91	NO	FROZEN_COORDINATE_SUPPORT_FAILURE	False	CROP_OUT_OF_BOUNDS	NO	results/phase1/image_region_crop_audit.tsv	logs/phase1d_embedding_extraction.log	NOT_RECORDED_PER_REGION	False	False	False	NONE
VUILD91LA_150_20_8	VUILD91LA	VUILD91	NO	FROZEN_COORDINATE_SUPPORT_FAILURE	False	CROP_OUT_OF_BOUNDS	NO	results/phase1/image_region_crop_audit.tsv	logs/phase1d_embedding_extraction.log	NOT_RECORDED_PER_REGION	False	False	False	NONE
VUILD91LA_150_20_9	VUILD91LA	VUILD91	NO	FROZEN_COORDINATE_SUPPORT_FAILURE	False	CROP_OUT_OF_BOUNDS	NO	results/phase1/image_region_crop_audit.tsv	logs/phase1d_embedding_extraction.log	NOT_RECORDED_PER_REGION	False	False	False	NONE
VUILD91LA_150_20_10	VUILD91LA	VUILD91	NO	FROZEN_COORDINATE_SUPPORT_FAILURE	False	CROP_OUT_OF_BOUNDS	NO	results/phase1/image_region_crop_audit.tsv	logs/phase1d_embedding_extraction.log	NOT_RECORDED_PER_REGION	False	False	False	NONE
VUILD91LA_150_20_11	VUILD91LA	VUILD91	NO	FROZEN_COORDINATE_SUPPORT_FAILURE	False	CROP_OUT_OF_BOUNDS	NO	results/phase1/image_region_crop_audit.tsv	logs/phase1d_embedding_extraction.log	NOT_RECORDED_PER_REGION	False	False	False	NONE
VUILD91LA_150_20_12	VUILD91LA	VUILD91	NO	FROZEN_COORDINATE_SUPPORT_FAILURE	False	CROP_OUT_OF_BOUNDS	NO	results/phase1/image_region_crop_audit.tsv	logs/phase1d_embedding_extraction.log	NOT_RECORDED_PER_REGION	False	False	False	NONE
VUILD91LA_150_20_13	VUILD91LA	VUILD91	NO	FROZEN_COORDINATE_SUPPORT_FAILURE	False	CROP_OUT_OF_BOUNDS	NO	results/phase1/image_region_crop_audit.tsv	logs/phase1d_embedding_extraction.log	NOT_RECORDED_PER_REGION	False	False	False	NONE
VUILD96LA_150_12_35	VUILD96LA	VUILD96	NO	FROZEN_COORDINATE_SUPPORT_FAILURE	False	CROP_OUT_OF_BOUNDS	NO	results/phase1/image_region_crop_audit.tsv	logs/phase1d_embedding_extraction.log	NOT_RECORDED_PER_REGION	False	False	False	NONE
VUILD96LA_150_13_35	VUILD96LA	VUILD96	NO	FROZEN_COORDINATE_SUPPORT_FAILURE	False	CROP_OUT_OF_BOUNDS	NO	results/phase1/image_region_crop_audit.tsv	logs/phase1d_embedding_extraction.log	NOT_RECORDED_PER_REGION	False	False	False	NONE
VUILD96LA_150_14_35	VUILD96LA	VUILD96	NO	FROZEN_COORDINATE_SUPPORT_FAILURE	False	CROP_OUT_OF_BOUNDS	NO	results/phase1/image_region_crop_audit.tsv	logs/phase1d_embedding_extraction.log	NOT_RECORDED_PER_REGION	False	False	False	NONE
