target	analysis_stratum	metric	model	estimate	CI_low	CI_high	bootstrap_replicates	bootstrap_unit	bootstrap_two_sided_sign_p
epithelial_injury	POOLED	R2	M0	-0.04385533351020032	-0.24389190271461955	0.00439104418067143	2000	donor	
epithelial_injury	POOLED	R2	M1	0.17238423336552322	-0.08082612942582966	0.33568317911934525	2000	donor	
epithelial_injury	POOLED	R2	M2	0.17993025180670819	-0.08972344786687438	0.3650713816857658	2000	donor	
epithelial_injury	POOLED	R2	M3	0.25068493335192576	-0.03705501656204911	0.45088209744731944	2000	donor	
epithelial_injury	POOLED	R2	M4	0.2677639374919135	-0.021041200667570245	0.47364905422902354	2000	donor	
epithelial_injury	POOLED	R2	color	0.03378586421780028	-0.21046238899514808	0.19550727969274992	2000	donor	
epithelial_injury	POOLED	R2	coordinate	-0.03758467448328351	-0.22583957676619795	0.011419137241915223	2000	donor	
epithelial_injury	POOLED	R2	grayscale	0.2268242399751672	-0.025539684912828542	0.40196760056251013	2000	donor	
epithelial_injury	POOLED	R2	macenko	0.16792480616621064	-0.16591828928322086	0.3974984398133405	2000	donor	
epithelial_injury	POOLED	R2	M3_grayscale	0.2047690853391072	-0.03883510936177893	0.3701344666754477	2000	donor	
epithelial_injury	POOLED	R2	M3_macenko	0.16693122843733332	-0.14853722700775862	0.3746254046454855	2000	donor	
epithelial_injury	POOLED	deltaR2_composition	paired_increment	0.21623956687572354	0.024459962401837156	0.41325991514974586	2000	donor	0.031984007996002
epithelial_injury	POOLED	deltaR2_neighborhood	paired_increment	0.007546018441184965	-0.027351843106000345	0.04365880902524539	2000	donor	0.6696651674162919
epithelial_injury	POOLED	deltaR2_morphology	paired_increment	0.08783368568520533	-0.0662187996324284	0.24803534385387907	2000	donor	0.239880059970015
epithelial_injury	PF_ONLY	R2	M0	-0.07797245649202922	-0.19978344038090431	-0.04207561510635533	2000	donor	
epithelial_injury	PF_ONLY	R2	M1	-0.051808273056264786	-0.19813823401148156	0.020021320366084536	2000	donor	
epithelial_injury	PF_ONLY	R2	M2	-0.04532971389447171	-0.20584307966351448	0.03138106854379817	2000	donor	
epithelial_injury	PF_ONLY	R2	M3	0.050268973873684564	-0.22185402785538014	0.23505528121915176	2000	donor	
epithelial_injury	PF_ONLY	R2	M4	0.07863378379043395	-0.19295324234403027	0.25786895143378274	2000	donor	
epithelial_injury	PF_ONLY	R2	color	-0.038758856701127664	-0.1467689282041247	-0.014379028291418567	2000	donor	
epithelial_injury	PF_ONLY	R2	coordinate	-0.0811955426389217	-0.2163192931124347	-0.028746079386073826	2000	donor	
epithelial_injury	PF_ONLY	R2	grayscale	0.04562310621348342	-0.18075897110255634	0.1921219259852761	2000	donor	
epithelial_injury	PF_ONLY	R2	macenko	-0.0995366042736665	-0.5357620079138924	0.15438561852866056	2000	donor	
epithelial_injury	PF_ONLY	R2	M3_grayscale	0.03885246379833007	-0.189473346230422	0.18483906927323762	2000	donor	
epithelial_injury	PF_ONLY	R2	M3_macenko	-0.13184771227744152	-0.5549604046577336	0.09904354787149763	2000	donor	
epithelial_injury	PF_ONLY	deltaR2_composition	paired_increment	0.026164183435764432	-0.07435736891069494	0.09892818342706935	2000	donor	0.512743628185907
epithelial_injury	PF_ONLY	deltaR2_neighborhood	paired_increment	0.006478559161793074	-0.041443698147104524	0.05273432032571277	2000	donor	0.6966516741629185
epithelial_injury	PF_ONLY	deltaR2_morphology	paired_increment	0.12396349768490567	-0.07452726705387652	0.3756504756353342	2000	donor	0.21689155422288856
epithelial_injury	DISEASE_ADJUSTED	R2	M0	0.24702993038569776	-0.00805492090130938	0.41994094258402165	2000	donor	
epithelial_injury	DISEASE_ADJUSTED	R2	M1	0.25593403861602937	0.0016870714036083675	0.42529782445081454	2000	donor	
epithelial_injury	DISEASE_ADJUSTED	R2	M2	0.24347732010007117	-0.014037542964173089	0.4200939463984141	2000	donor	
epithelial_injury	DISEASE_ADJUSTED	R2	M3	0.2700594070938859	-0.008551046759668194	0.4725531957532483	2000	donor	
epithelial_injury	DISEASE_ADJUSTED	R2	M4	0.29091589501047754	0.008769978759533488	0.49270209607808435	2000	donor	
epithelial_injury	DISEASE_ADJUSTED	R2	color	0.03378586421780028	-0.19046341591188443	0.18087451781362207	2000	donor	
epithelial_injury	DISEASE_ADJUSTED	R2	coordinate	-0.03758467448328351	-0.23438215227964435	0.013663242824761269	2000	donor	
epithelial_injury	DISEASE_ADJUSTED	R2	grayscale	0.2372259613920572	-0.037610938951686365	0.4331351013973145	2000	donor	
epithelial_injury	DISEASE_ADJUSTED	R2	macenko	0.18378941036285057	-0.19545250010908158	0.4376183599043014	2000	donor	
epithelial_injury	DISEASE_ADJUSTED	R2	M3_grayscale	0.2193198346114622	-0.04218335640471558	0.3999673251973947	2000	donor	
epithelial_injury	DISEASE_ADJUSTED	R2	M3_macenko	0.1871708468726182	-0.17256792248055527	0.4204504788960965	2000	donor	
epithelial_injury	DISEASE_ADJUSTED	deltaR2_composition	paired_increment	0.008904108230331609	-0.03581866468983536	0.05522659104910511	2000	donor	0.6696651674162919
epithelial_injury	DISEASE_ADJUSTED	deltaR2_neighborhood	paired_increment	-0.012456718515958198	-0.04847104130055801	0.021137974166047294	2000	donor	0.5167416291854073
epithelial_injury	DISEASE_ADJUSTED	deltaR2_morphology	paired_increment	0.04743857491040637	-0.10923513678307765	0.203666797170199	2000	donor	0.5187406296851574
fibroblast_activation	POOLED	R2	M0	-0.1576464351744722	-0.39641076178615414	-0.05078594973493387	2000	donor	
fibroblast_activation	POOLED	R2	M1	0.179429907822669	0.02852245904353309	0.31733266346673544	2000	donor	
fibroblast_activation	POOLED	R2	M2	-0.2326160328227631	-1.2451109596851433	0.4121014309492928	2000	donor	
fibroblast_activation	POOLED	R2	M3	0.36771764544749896	0.2423738144572587	0.449371339658301	2000	donor	
fibroblast_activation	POOLED	R2	M4	0.4376745630398683	0.34078211935108244	0.5020323169050837	2000	donor	
fibroblast_activation	POOLED	R2	color	-0.05604026400664974	-0.23249355552612894	0.08704436908726453	2000	donor	
fibroblast_activation	POOLED	R2	coordinate	-0.23375504479190412	-0.5166207477740538	-0.086817251460149	2000	donor	
fibroblast_activation	POOLED	R2	grayscale	0.3769140580133138	0.25754034475314386	0.4439753520564413	2000	donor	
fibroblast_activation	POOLED	R2	macenko	0.32790630998791426	0.18282630846820505	0.4098079177993049	2000	donor	
fibroblast_activation	POOLED	R2	M3_grayscale	0.2666031620120676	0.13331400437552937	0.35270453899028953	2000	donor	
fibroblast_activation	POOLED	R2	M3_macenko	0.26553742388380874	0.10475974122383755	0.3644383024807388	2000	donor	
fibroblast_activation	POOLED	deltaR2_composition	paired_increment	0.3370763429971412	0.121513500499438	0.610718273175327	2000	donor	0.00399800099950025
fibroblast_activation	POOLED	deltaR2_neighborhood	paired_increment	-0.4120459406454321	-1.375714510563395	0.13188752101077528	2000	donor	0.736631684157921
fibroblast_activation	POOLED	deltaR2_morphology	paired_increment	0.6702905958626314	-0.010805446180584809	1.691784470290271	2000	donor	0.06296851574212893
fibroblast_activation	PF_ONLY	R2	M0	-0.009014028102853455	-0.10795355311956484	0.015049722466674758	2000	donor	
fibroblast_activation	PF_ONLY	R2	M1	0.19309371944469078	0.019141066362258416	0.2953419680328763	2000	donor	
fibroblast_activation	PF_ONLY	R2	M2	0.23208204398426546	0.06020566624940533	0.3354348901280304	2000	donor	
fibroblast_activation	PF_ONLY	R2	M3	0.40508390255579607	0.25868451678895366	0.4927343871083095	2000	donor	
fibroblast_activation	PF_ONLY	R2	M4	0.46407006970598796	0.34180154508105015	0.5337701351696896	2000	donor	
fibroblast_activation	PF_ONLY	R2	color	0.05306457565718525	-0.05334030471836395	0.09156357183377006	2000	donor	
fibroblast_activation	PF_ONLY	R2	coordinate	-0.019672128938288402	-0.11931132686411206	0.008240475733755564	2000	donor	
fibroblast_activation	PF_ONLY	R2	grayscale	0.3522544991122345	0.1881115929522529	0.44816301595642394	2000	donor	
fibroblast_activation	PF_ONLY	R2	macenko	0.410397991840463	0.27447900530069436	0.48535797008084647	2000	donor	
fibroblast_activation	PF_ONLY	R2	M3_grayscale	0.2845472945151615	0.09625650175223147	0.3939941345468337	2000	donor	
fibroblast_activation	PF_ONLY	R2	M3_macenko	0.3774283849895864	0.2295561109237203	0.4568100158786407	2000	donor	
fibroblast_activation	PF_ONLY	deltaR2_composition	paired_increment	0.20210774754754424	0.08738381729440789	0.3234321294876822	2000	donor	0.0009995002498750624
fibroblast_activation	PF_ONLY	deltaR2_neighborhood	paired_increment	0.03898832453957468	0.011557876530801989	0.07504855773964747	2000	donor	0.005997001499250375
fibroblast_activation	PF_ONLY	deltaR2_morphology	paired_increment	0.2319880257217225	0.06546558524173338	0.40365256012509804	2000	donor	0.0069965017491254375
fibroblast_activation	DISEASE_ADJUSTED	R2	M0	0.07833129019245555	-0.04717009373523258	0.20779025754095592	2000	donor	
fibroblast_activation	DISEASE_ADJUSTED	R2	M1	-0.15495885268459975	-0.9197460957500705	0.3706545859093618	2000	donor	
fibroblast_activation	DISEASE_ADJUSTED	R2	M2	-0.4437073119805621	-1.7511369593764508	0.40225851097623416	2000	donor	
fibroblast_activation	DISEASE_ADJUSTED	R2	M3	0.37078361974825624	0.24960086189854655	0.463962220745109	2000	donor	
fibroblast_activation	DISEASE_ADJUSTED	R2	M4	0.43785785371099395	0.32796437736934086	0.5083928127321109	2000	donor	
fibroblast_activation	DISEASE_ADJUSTED	R2	color	-0.05604026400664974	-0.2368997079328569	0.0862302238241481	2000	donor	
fibroblast_activation	DISEASE_ADJUSTED	R2	coordinate	-0.23375504479190412	-0.5206086818001491	-0.08891537835405372	2000	donor	
fibroblast_activation	DISEASE_ADJUSTED	R2	grayscale	0.3725140489918396	0.25030010380514256	0.44724508038823724	2000	donor	
fibroblast_activation	DISEASE_ADJUSTED	R2	macenko	0.3695145200779888	0.24089199768295141	0.4441606823568265	2000	donor	
fibroblast_activation	DISEASE_ADJUSTED	R2	M3_grayscale	0.24416748457049886	0.10872626155089238	0.34412299499177096	2000	donor	
fibroblast_activation	DISEASE_ADJUSTED	R2	M3_macenko	0.32254233662675114	0.18415434986924653	0.4000069411939496	2000	donor	
fibroblast_activation	DISEASE_ADJUSTED	deltaR2_composition	paired_increment	-0.2332901428770553	-0.9541814536263543	0.2819944480261358	2000	donor	0.7176411794102948
fibroblast_activation	DISEASE_ADJUSTED	deltaR2_neighborhood	paired_increment	-0.2887484592959624	-0.8490143789761705	0.05712019689902049	2000	donor	0.6416791604197901
fibroblast_activation	DISEASE_ADJUSTED	deltaR2_morphology	paired_increment	0.8815651656915561	0.0060804709936154965	2.2208982822890277	2000	donor	0.044977511244377814
macrophage_inflammatory	POOLED	R2	M0	-0.08074526553923556	-0.3705275008269458	-0.02633150805791002	2000	donor	
macrophage_inflammatory	POOLED	R2	M1	0.1900356572457873	-0.044682319783118596	0.3092851623755353	2000	donor	
macrophage_inflammatory	POOLED	R2	M2	0.15429705261478588	-0.1339843324302795	0.29277059509475467	2000	donor	
macrophage_inflammatory	POOLED	R2	M3	-0.17453081373018087	-0.48940733331577296	-0.056709014009319415	2000	donor	
macrophage_inflammatory	POOLED	R2	M4	-0.08138293917560468	-0.3262191334989572	0.06909315090629208	2000	donor	
macrophage_inflammatory	POOLED	R2	color	-0.15643184271649924	-0.446873442429889	-0.055563610640041936	2000	donor	
macrophage_inflammatory	POOLED	R2	coordinate	-0.07648475941974753	-0.36439398379813626	-0.022573562399475774	2000	donor	
macrophage_inflammatory	POOLED	R2	grayscale	-0.1481416848364785	-0.39737372972095486	-0.01141347249463974	2000	donor	
macrophage_inflammatory	POOLED	R2	macenko	0.03494236988394306	-0.16426812707827548	0.09883352441120073	2000	donor	
macrophage_inflammatory	POOLED	R2	M3_grayscale	-0.18100498571389578	-0.45222272637007477	-0.06873294091907871	2000	donor	
macrophage_inflammatory	POOLED	R2	M3_macenko	-0.11650118097734663	-0.3833062518739836	-0.023308206209852158	2000	donor	
macrophage_inflammatory	POOLED	deltaR2_composition	paired_increment	0.27078092278502286	0.08343668744836902	0.5181779175055924	2000	donor	0.0079960019990005
macrophage_inflammatory	POOLED	deltaR2_neighborhood	paired_increment	-0.035738604631001425	-0.12274851548290694	0.029683066419072347	2000	donor	0.33883058470764615
macrophage_inflammatory	POOLED	deltaR2_morphology	paired_increment	-0.23567999179039056	-0.4581299225791371	-0.0005391226153920499	2000	donor	0.050974512743628186
macrophage_inflammatory	PF_ONLY	R2	M0	-0.14159531146694815	-0.5107009024272243	-0.03753831999537913	2000	donor	
macrophage_inflammatory	PF_ONLY	R2	M1	0.10879153164064759	-0.20379703005712402	0.22030452828770614	2000	donor	
macrophage_inflammatory	PF_ONLY	R2	M2	0.11804884779484393	-0.18461797492814763	0.25708319078546105	2000	donor	
macrophage_inflammatory	PF_ONLY	R2	M3	-0.23941602917869864	-0.7051986182076238	-0.07106020631670906	2000	donor	
macrophage_inflammatory	PF_ONLY	R2	M4	-0.1404361284768878	-0.5499737727422792	0.02050520189207528	2000	donor	
macrophage_inflammatory	PF_ONLY	R2	color	-0.15124776554689623	-0.46292295952520923	-0.05258121673299016	2000	donor	
macrophage_inflammatory	PF_ONLY	R2	coordinate	-0.4958057745437301	-1.2162145098742163	-0.12722195231293754	2000	donor	
macrophage_inflammatory	PF_ONLY	R2	grayscale	-0.15811278214778834	-0.4444571288435045	-0.08487438755218661	2000	donor	
macrophage_inflammatory	PF_ONLY	R2	macenko	-0.07524255540164493	-0.4207119191399361	0.04746870116866005	2000	donor	
macrophage_inflammatory	PF_ONLY	R2	M3_grayscale	-0.1931219145466787	-0.5037253747800653	-0.11045615485632053	2000	donor	
macrophage_inflammatory	PF_ONLY	R2	M3_macenko	-0.1529349627369061	-0.5098025567110318	-0.04529034941772445	2000	donor	
macrophage_inflammatory	PF_ONLY	deltaR2_composition	paired_increment	0.25038684310759574	0.0624907947737437	0.46959615530611015	2000	donor	0.015992003998001
macrophage_inflammatory	PF_ONLY	deltaR2_neighborhood	paired_increment	0.009257316154196338	-0.07455308782792144	0.08623962615106903	2000	donor	0.7126436781609196
macrophage_inflammatory	PF_ONLY	deltaR2_morphology	paired_increment	-0.2584849762717317	-0.6531559276608678	0.07503811311856735	2000	donor	0.12893553223388307
macrophage_inflammatory	DISEASE_ADJUSTED	R2	M0	-0.08171620386070644	-0.35608099243775787	-0.013959692802343434	2000	donor	
macrophage_inflammatory	DISEASE_ADJUSTED	R2	M1	0.17535489570230878	-0.06352997273518779	0.28921985105240716	2000	donor	
macrophage_inflammatory	DISEASE_ADJUSTED	R2	M2	0.15512505794392417	-0.13546484601454212	0.3023752878293383	2000	donor	
macrophage_inflammatory	DISEASE_ADJUSTED	R2	M3	-0.17403145743624404	-0.47030171622993827	-0.07000194218209192	2000	donor	
macrophage_inflammatory	DISEASE_ADJUSTED	R2	M4	-0.08144137240548077	-0.33141506700885026	0.05424855690058807	2000	donor	
macrophage_inflammatory	DISEASE_ADJUSTED	R2	color	-0.15643184271649924	-0.4515118635154849	-0.055910438938135444	2000	donor	
macrophage_inflammatory	DISEASE_ADJUSTED	R2	coordinate	-0.07648475941974753	-0.3780036690884723	-0.02108386987154785	2000	donor	
macrophage_inflammatory	DISEASE_ADJUSTED	R2	grayscale	-0.1481810543654083	-0.3918394349970818	-0.023665007134955993	2000	donor	
macrophage_inflammatory	DISEASE_ADJUSTED	R2	macenko	0.034093842479754	-0.15916638551534507	0.0942792013195073	2000	donor	
macrophage_inflammatory	DISEASE_ADJUSTED	R2	M3_grayscale	-0.18089436163491213	-0.4482866433149208	-0.07695849281463428	2000	donor	
macrophage_inflammatory	DISEASE_ADJUSTED	R2	M3_macenko	-0.11578687291939893	-0.37250117452878395	-0.026218535519038855	2000	donor	
macrophage_inflammatory	DISEASE_ADJUSTED	deltaR2_composition	paired_increment	0.2570710995630152	0.10048194825483754	0.46517526678025556	2000	donor	0.001999000499750125
macrophage_inflammatory	DISEASE_ADJUSTED	deltaR2_neighborhood	paired_increment	-0.020229837758384606	-0.10952031044319431	0.04473276067132853	2000	donor	0.624687656171914
macrophage_inflammatory	DISEASE_ADJUSTED	deltaR2_morphology	paired_increment	-0.23656643034940494	-0.46034729710834216	-0.006613636405584538	2000	donor	0.04397801099450275
