input_id	path	expected_sha256	observed_sha256	comparison_basis	status	size_bytes
frozen_artifact:configs/frozen_vannan_primary_cohort.tsv	configs/frozen_vannan_primary_cohort.tsv	NO_PHASE0D_SIDECAR_DIGEST	81b11d79b2d6dd6cc004524967a38f9b2c5e0877176ab55591fd4ef2e5458e32	current SHA256 captured; semantic/cross-output validation below	CAPTURED_PHASE0D_BASELINE_NOT_SIDECARRED	2723
frozen_artifact:configs/frozen_vannan_primary_cohort.sha256	configs/frozen_vannan_primary_cohort.sha256	NO_PHASE0D_SIDECAR_DIGEST	edb970c7538e1eeb3171256669bb73fa6230a6e84b9125294e13e6b348d39f40	current SHA256 captured; semantic/cross-output validation below	CAPTURED_PHASE0D_BASELINE_NOT_SIDECARRED	99
frozen_artifact:configs/phase1_donor_folds.tsv	configs/phase1_donor_folds.tsv	NO_PHASE0D_SIDECAR_DIGEST	213cd0a810857f51cd75ec2e1ee4694be660e68e36cc258460082e304172bb4a	current SHA256 captured; semantic/cross-output validation below	CAPTURED_PHASE0D_BASELINE_NOT_SIDECARRED	1216
frozen_artifact:configs/frozen_covariates_Z.tsv	configs/frozen_covariates_Z.tsv	NO_PHASE0D_SIDECAR_DIGEST	dd8a47fb0e1019b2acbbc5c7ec52e983a6913f0e8dfd536293a6a442a56f3f85	current SHA256 captured; semantic/cross-output validation below	CAPTURED_PHASE0D_BASELINE_NOT_SIDECARRED	1358
frozen_artifact:configs/frozen_image_preprocessing.yaml	configs/frozen_image_preprocessing.yaml	NO_PHASE0D_SIDECAR_DIGEST	a31c393c99873686a2e7b54e93bb55b20a747846dad6aeb0c130b3ea2fbb04c4	current SHA256 captured; semantic/cross-output validation below	CAPTURED_PHASE0D_BASELINE_NOT_SIDECARRED	849
frozen_artifact:configs/frozen_within_lineage_targets.tsv	configs/frozen_within_lineage_targets.tsv	NO_PHASE0D_SIDECAR_DIGEST	db865785a9e63dda45b1258b6bf364e32d91449f9197565c9a61de875a4389c8	current SHA256 captured; semantic/cross-output validation below	CAPTURED_PHASE0D_BASELINE_NOT_SIDECARRED	3068
frozen_artifact:configs/frozen_phase1_candidate_programs.tsv	configs/frozen_phase1_candidate_programs.tsv	NO_PHASE0D_SIDECAR_DIGEST	1dc5ff3e00fc35dbf9fadf91bcfb9e0ed2bddb4ea91de17dd57754294264d588	current SHA256 captured; semantic/cross-output validation below	CAPTURED_PHASE0D_BASELINE_NOT_SIDECARRED	2952
frozen_artifact:configs/frozen_phase1_estimand.yaml	configs/frozen_phase1_estimand.yaml	NO_PHASE0D_SIDECAR_DIGEST	bf9b03452cf2553ba52c1f84a637ea761fa19156a776c43669fcdfbc27db9e9d	current SHA256 captured; semantic/cross-output validation below	CAPTURED_PHASE0D_BASELINE_NOT_SIDECARRED	1082
frozen_artifact:configs/frozen_morphology_scale.yaml	configs/frozen_morphology_scale.yaml	NO_PHASE0D_SIDECAR_DIGEST	3a3be64d29de885ba3107ec3efb755e312d1e2ab97428e0469501cbe6097991a	current SHA256 captured; semantic/cross-output validation below	CAPTURED_PHASE0D_BASELINE_NOT_SIDECARRED	289
frozen_artifact:configs/frozen_section_selection.yaml	configs/frozen_section_selection.yaml	NO_PHASE0D_SIDECAR_DIGEST	ca8a5ea1a23bdc2ceb5e19daa382998860320b67f8afcb628271b2afb0ddefc2	current SHA256 captured; semantic/cross-output validation below	CAPTURED_PHASE0D_BASELINE_NOT_SIDECARRED	515
frozen_artifact:configs/random_seeds.yaml	configs/random_seeds.yaml	NO_PHASE0D_SIDECAR_DIGEST	04a711fa3407853c1893020419eb659abc3ae3428a542ed7fde107484ea2d5e8	current SHA256 captured; semantic/cross-output validation below	CAPTURED_PHASE0D_BASELINE_NOT_SIDECARRED	166
frozen_artifact:configs/current_project_status.yaml	configs/current_project_status.yaml	NO_PHASE0D_SIDECAR_DIGEST	63e31cb7afa8ceb8f33bfb83045d25fe6af3a3b33cb5e118f0952e82da1a04de	current SHA256 captured; semantic/cross-output validation below	CAPTURED_PHASE0D_BASELINE_NOT_SIDECARRED	910
frozen_artifact:reports/CURRENT_PROJECT_STATUS.md	reports/CURRENT_PROJECT_STATUS.md	NO_PHASE0D_SIDECAR_DIGEST	8216ec7d7a5002eae707280b6b467b0b5dbf61aa10c46fe191c4725b0036b049	current SHA256 captured; semantic/cross-output validation below	CAPTURED_PHASE0D_BASELINE_NOT_SIDECARRED	3353
frozen_artifact:reports/PHASE0D_METADATA_SHORTCUT_AUDIT.md	reports/PHASE0D_METADATA_SHORTCUT_AUDIT.md	NO_PHASE0D_SIDECAR_DIGEST	68ea3e2cf552745c0d11b2e7891cc8025a7b982587ed38727d869239b76a6b4b	current SHA256 captured; semantic/cross-output validation below	CAPTURED_PHASE0D_BASELINE_NOT_SIDECARRED	17832
frozen_artifact:results/phase0/phase0d/d5_color_feature_extraction_manifest.tsv	results/phase0/phase0d/d5_color_feature_extraction_manifest.tsv	NO_PHASE0D_SIDECAR_DIGEST	648e1550f1b4bcac83fb90e0c291be025632ece7f080eb629fbd2e0aedfb84e9	current SHA256 captured; semantic/cross-output validation below	CAPTURED_PHASE0D_BASELINE_NOT_SIDECARRED	3697
frozen_artifact:results/phase0/phase0c_v/phase0c_v_input_manifest.tsv	results/phase0/phase0c_v/phase0c_v_input_manifest.tsv	NO_PHASE0D_SIDECAR_DIGEST	cf9b7a2ada5caf5dcf6caa305983590db511640e2cf479ecfcb1c89aa489b73f	current SHA256 captured; semantic/cross-output validation below	CAPTURED_PHASE0D_BASELINE_NOT_SIDECARRED	14591
frozen_artifact:results/phase0/phase0c_vr/source_provenance_manifest.tsv	results/phase0/phase0c_vr/source_provenance_manifest.tsv	NO_PHASE0D_SIDECAR_DIGEST	828cefc8fdff2624a06760d54087a6e366a5e7b60e9a1e65049b1aaacbf72989	current SHA256 captured; semantic/cross-output validation below	CAPTURED_PHASE0D_BASELINE_NOT_SIDECARRED	13358
frozen_artifact:results/phase0/phase0d/donor_fold_balance.tsv	results/phase0/phase0d/donor_fold_balance.tsv	NO_PHASE0D_SIDECAR_DIGEST	e974b19866a54f8efb39f3fdbc997d2b92eac81207b34c005d9f2f3b43c377d0	current SHA256 captured; semantic/cross-output validation below	CAPTURED_PHASE0D_BASELINE_NOT_SIDECARRED	337
frozen_artifact:results/phase0/phase0d/within_disease_feasibility.tsv	results/phase0/phase0d/within_disease_feasibility.tsv	NO_PHASE0D_SIDECAR_DIGEST	bf03da0ccd2924f3274adec3e959aa706ba58753ef604a7d22a8c2cc9668b331	current SHA256 captured; semantic/cross-output validation below	CAPTURED_PHASE0D_BASELINE_NOT_SIDECARRED	2169
frozen_artifact:results/phase0/phase0d/contingency_alias_audit.tsv	results/phase0/phase0d/contingency_alias_audit.tsv	NO_PHASE0D_SIDECAR_DIGEST	87d196cc87292694c89309f362ac11ca35ce981648cd72921fedfa58ac960951	current SHA256 captured; semantic/cross-output validation below	CAPTURED_PHASE0D_BASELINE_NOT_SIDECARRED	2433
frozen_artifact:results/phase0/phase0d/color_shortcut_metrics.tsv	results/phase0/phase0d/color_shortcut_metrics.tsv	NO_PHASE0D_SIDECAR_DIGEST	f8890ddf9ccb899f9f6e705c76510d1739635dc09e9a5cfb3ae95b17631fbbc4	current SHA256 captured; semantic/cross-output validation below	CAPTURED_PHASE0D_BASELINE_NOT_SIDECARRED	1427
frozen_artifact:results/phase0/phase0d/coordinate_shortcut_metrics.tsv	results/phase0/phase0d/coordinate_shortcut_metrics.tsv	NO_PHASE0D_SIDECAR_DIGEST	1cbecd3f28963188b51437a9c8e7604e3105c7e0eaf7e1cfcb01cc1275efb5b1	current SHA256 captured; semantic/cross-output validation below	CAPTURED_PHASE0D_BASELINE_NOT_SIDECARRED	1279
frozen_artifact:results/phase0/phase0d/composition_disease_coupling.tsv	results/phase0/phase0d/composition_disease_coupling.tsv	NO_PHASE0D_SIDECAR_DIGEST	d3883943639128aa48fcf21c5f9f2a96ee1b11bc3ae1a15487d0131016d87e77	current SHA256 captured; semantic/cross-output validation below	CAPTURED_PHASE0D_BASELINE_NOT_SIDECARRED	461
frozen_artifact:results/phase0/phase0d/dependency_edges.tsv	results/phase0/phase0d/dependency_edges.tsv	NO_PHASE0D_SIDECAR_DIGEST	e80fe96e2a3b8f7352ae6c15523641dd99ddfd6bde44617950b2f8afbc07894a	current SHA256 captured; semantic/cross-output validation below	CAPTURED_PHASE0D_BASELINE_NOT_SIDECARRED	42671
frozen_artifact:results/phase0/phase0d/spatial_dependence_by_section.tsv	results/phase0/phase0d/spatial_dependence_by_section.tsv	NO_PHASE0D_SIDECAR_DIGEST	056c59d7328879b9de4591e9f25575f5cfd44858e10758848f4d20cbcc972cf7	current SHA256 captured; semantic/cross-output validation below	CAPTURED_PHASE0D_BASELINE_NOT_SIDECARRED	2845
frozen_artifact:results/phase0/phase0d/microregion_independence_summary.tsv	results/phase0/phase0d/microregion_independence_summary.tsv	NO_PHASE0D_SIDECAR_DIGEST	b3ba994ee11852350f03d2589a629c1377fc7401b94842c005ea89af00eb017a	current SHA256 captured; semantic/cross-output validation below	CAPTURED_PHASE0D_BASELINE_NOT_SIDECARRED	442
frozen_artifact:results/phase0/phase0d/author_pathology_region_category_support.tsv	results/phase0/phase0d/author_pathology_region_category_support.tsv	NO_PHASE0D_SIDECAR_DIGEST	6ce1e058b7e0c0e437e259069b81200f51d9b4409c946168e822f1004df282c6	current SHA256 captured; semantic/cross-output validation below	CAPTURED_PHASE0D_BASELINE_NOT_SIDECARRED	581
frozen_artifact:results/phase0/phase0d/frozen_cohort_summary.tsv	results/phase0/phase0d/frozen_cohort_summary.tsv	NO_PHASE0D_SIDECAR_DIGEST	dac2a64b65ac24305baf2f67729b9e3b43623d18d0702c45e0b732edecbed134	current SHA256 captured; semantic/cross-output validation below	CAPTURED_PHASE0D_BASELINE_NOT_SIDECARRED	236
frozen_artifact:results/phase0/phase0d/composition_metadata_shortcut.tsv	results/phase0/phase0d/composition_metadata_shortcut.tsv	NO_PHASE0D_SIDECAR_DIGEST	e26fec671d4f4d9dc11aaf1c04d62d7f4ae3cb9abdd4be481265f20185842677	current SHA256 captured; semantic/cross-output validation below	CAPTURED_PHASE0D_BASELINE_NOT_SIDECARRED	1037
frozen_cohort	configs/frozen_vannan_primary_cohort.tsv	81b11d79b2d6dd6cc004524967a38f9b2c5e0877176ab55591fd4ef2e5458e32	81b11d79b2d6dd6cc004524967a38f9b2c5e0877176ab55591fd4ef2e5458e32	Phase 0D frozen .sha256 sidecar	PASS	2723
expression_object	data/raw/phase0c_v/GSE250346_Seurat_GSE250346_CORRECTED_SEE_RDS_README_082024.rds	f97b6e20365715fed5e96e831304f86e32e5dbefaeada6d58668a805fd4ebbdd	f97b6e20365715fed5e96e831304f86e32e5dbefaeada6d58668a805fd4ebbdd	Phase 0C frozen input manifest	PASS	1014335925
author_annotation_archive	data/raw/phase0c_v/GSE250346_HE_annotations.tar.gz	902bf4ce42a336b054d0616847c8155c7708bcfb6d9df30f339d6e7d45abe87b	902bf4ce42a336b054d0616847c8155c7708bcfb6d9df30f339d6e7d45abe87b	Phase 0C frozen input manifest	PASS	28290702
registered_HE:THD0008	data/raw/phase0c_v/GSM7990532_THD0008_registered_HE.tif.gz	c78ef154a7be2d9ae193687e06516830c84b46ed5f82a8891b592278fa48429f	c78ef154a7be2d9ae193687e06516830c84b46ed5f82a8891b592278fa48429f	Phase 0C input manifest cross-checked with Phase 0D image manifest	PASS	629226279
registered_HE:THD0011	data/raw/phase0c_v/GSM7990533_THD0011_registered_HE.tif.gz	2c0d3a6aacb64f11b7b2795da77cbe695ab2217dd5f298ca674d74c2b0eae3db	2c0d3a6aacb64f11b7b2795da77cbe695ab2217dd5f298ca674d74c2b0eae3db	Phase 0C input manifest cross-checked with Phase 0D image manifest	PASS	224822364
registered_HE:TILD117LA	data/raw/phase0c_v/GSM7990535_TILD117LA_registered_HE.tif.gz	905be9c533ea7495ae3fd483b95e1455c6291f3df19896a10e462c2028480ec8	905be9c533ea7495ae3fd483b95e1455c6291f3df19896a10e462c2028480ec8	Phase 0C input manifest cross-checked with Phase 0D image manifest	PASS	299781092
registered_HE:TILD117MA1	data/raw/phase0c_v/GSM7990534_TILD117MA_registered_HE.tif.gz	27ee56aedac599c3f23f54e983b8f56ad41d771e66ba5ba2fc14b93448de8883	27ee56aedac599c3f23f54e983b8f56ad41d771e66ba5ba2fc14b93448de8883	Phase 0C input manifest cross-checked with Phase 0D image manifest	PASS	366767416
registered_HE:TILD175MA	data/raw/phase0c_v/GSM7990536_TILD175MA_registered_HE.tif.gz	07e1f77c991c7d8ad1639f2e303bc462eb132f7c8c852c7755d3928aa9d47888	07e1f77c991c7d8ad1639f2e303bc462eb132f7c8c852c7755d3928aa9d47888	Phase 0C input manifest cross-checked with Phase 0D image manifest	PASS	269225395
registered_HE:VUHD069	data/raw/phase0c_v/GSM7990537_VUHD069_registered_HE.tif.gz	cdc64a570be9f5da0db345379a28134c79b49b7bb2e03619149a67848476862b	cdc64a570be9f5da0db345379a28134c79b49b7bb2e03619149a67848476862b	Phase 0C input manifest cross-checked with Phase 0D image manifest	PASS	206141828
registered_HE:VUHD095	data/raw/phase0c_v/GSM7990538_VUHD095_registered_HE.tiff.gz	63598fb6f6558f634e7b457769147e12948d1c1fade6da705945ee0e8fa52761	63598fb6f6558f634e7b457769147e12948d1c1fade6da705945ee0e8fa52761	Phase 0C input manifest cross-checked with Phase 0D image manifest	PASS	106397819
registered_HE:VUHD113	data/raw/phase0c_v/GSM7990539_VUHD113_registered_HE.tif.gz	9976580675ba7d41a94db0b006ed89290e513d1f6f0c5801acb01267d39b514e	9976580675ba7d41a94db0b006ed89290e513d1f6f0c5801acb01267d39b514e	Phase 0C input manifest cross-checked with Phase 0D image manifest	PASS	216536918
registered_HE:VUHD116A	data/raw/phase0c_v/GSM7990540_VUHD116A_registered_HE.tif.gz	339f313cc6b1ae31941e25316c6bfa237154e41c1d3c6f67f1783bd5d12f3918	339f313cc6b1ae31941e25316c6bfa237154e41c1d3c6f67f1783bd5d12f3918	Phase 0C input manifest cross-checked with Phase 0D image manifest	PASS	183254572
registered_HE:VUHD116B	data/raw/phase0c_v/GSM7990541_VUHD116B_registered_HE.tif.gz	9618ec52961843a2fa9f5960bee79771f82e8c75faea31de513a6ad4efbbdd7b	9618ec52961843a2fa9f5960bee79771f82e8c75faea31de513a6ad4efbbdd7b	Phase 0C input manifest cross-checked with Phase 0D image manifest	PASS	216679359
registered_HE:VUILD102LA	data/raw/phase0c_v/GSM7990543_VUILD102LA_registered_HE.tif.gz	60ea24229ae2e07a724e68221e7b86fe94683c440ba2d66a455fcce21fb3cca4	60ea24229ae2e07a724e68221e7b86fe94683c440ba2d66a455fcce21fb3cca4	Phase 0C input manifest cross-checked with Phase 0D image manifest	PASS	348510104
registered_HE:VUILD102MA	data/raw/phase0c_v/GSM7990542_VUILD102MA_registered_HE.tif.gz	b28301f59c77220f78d85ce1c07587365076fce6e18b38020797536c58dfd381	b28301f59c77220f78d85ce1c07587365076fce6e18b38020797536c58dfd381	Phase 0C input manifest cross-checked with Phase 0D image manifest	PASS	541931765
registered_HE:VUILD104MA1	data/raw/phase0c_v/GSM7990545_VUILD104MA1_registered_HE.tif.gz	733c89952b0a8ef4d0d0a5ae1be6f5fb0d78920b3142e420e274ed09fb46c9d3	733c89952b0a8ef4d0d0a5ae1be6f5fb0d78920b3142e420e274ed09fb46c9d3	Phase 0C input manifest cross-checked with Phase 0D image manifest	PASS	258016597
registered_HE:VUILD104MA2	data/raw/phase0c_v/GSM7990544_VUILD104MA2_registered_HE.tif.gz	c39a1cc59303482bfbc2a9a5e9bbb946c39713275117a9f5848c2821d33cd8df	c39a1cc59303482bfbc2a9a5e9bbb946c39713275117a9f5848c2821d33cd8df	Phase 0C input manifest cross-checked with Phase 0D image manifest	PASS	331542863
registered_HE:VUILD105MA2	data/raw/phase0c_v/GSM7990546_VUILD105MA2_registered_HE.tif.gz	da2bfa7b1b2ee666a9ce33d25b87f84e829d19395d833ee3a726f103d564e4c7	da2bfa7b1b2ee666a9ce33d25b87f84e829d19395d833ee3a726f103d564e4c7	Phase 0C input manifest cross-checked with Phase 0D image manifest	PASS	275080202
registered_HE:VUILD106MA	data/raw/phase0c_v/GSM7990548_VUILD106MA_registered_HE.tif.gz	842a9663721141687a85f2aaa7d67744d7bfc544a0f441af0f66d9600fc85c8e	842a9663721141687a85f2aaa7d67744d7bfc544a0f441af0f66d9600fc85c8e	Phase 0C input manifest cross-checked with Phase 0D image manifest	PASS	1044195829
registered_HE:VUILD107MA	data/raw/phase0c_v/GSM7990549_VUILD107MA_registered_HE.tif.gz	774dd73806ee7d7d55e9bb53b3ab141fd0dcc5a5db447f564eafc23b21187d2e	774dd73806ee7d7d55e9bb53b3ab141fd0dcc5a5db447f564eafc23b21187d2e	Phase 0C input manifest cross-checked with Phase 0D image manifest	PASS	456656616
registered_HE:VUILD110LA	data/raw/phase0c_v/GSM7990550_VUILD110LA_registered_HE.tif.gz	76c896610ff264d12a9e10cb3141dada09c2566fd6a748693a38ce01165c9a31	76c896610ff264d12a9e10cb3141dada09c2566fd6a748693a38ce01165c9a31	Phase 0C input manifest cross-checked with Phase 0D image manifest	PASS	879836770
registered_HE:VUILD115MA	data/raw/phase0c_v/GSM7990551_VUILD115MA_registered_HE.tif.gz	1ccc2194bd0d6be2dae800c4326085375e90051c343fdaa2bf6799bce4010a63	1ccc2194bd0d6be2dae800c4326085375e90051c343fdaa2bf6799bce4010a63	Phase 0C input manifest cross-checked with Phase 0D image manifest	PASS	867675844
registered_HE:VUILD48LA2	data/raw/phase0c_v/GSM7990552_VUILD48LA2_registered_HE.tif.gz	4dce681cb776cd50282956e37338a57c1fe2e5dbf6ff1d0b6f48c6012d88ee93	4dce681cb776cd50282956e37338a57c1fe2e5dbf6ff1d0b6f48c6012d88ee93	Phase 0C input manifest cross-checked with Phase 0D image manifest	PASS	255451235
registered_HE:VUILD78LA	data/raw/phase0c_v/GSM7990555_VUILD78LA_registered_HE.tif.gz	9592b17e2f2a8527ec017b8b79671cba3d1341debf4813ff02a9b7d2f20f5483	9592b17e2f2a8527ec017b8b79671cba3d1341debf4813ff02a9b7d2f20f5483	Phase 0C input manifest cross-checked with Phase 0D image manifest	PASS	263667673
registered_HE:VUILD78MA	data/raw/phase0c_v/GSM7990554_VUILD78MA_registered_HE.tif.gz	4ae49986b612edba8b059400a7bfa2bc2bdc525d3a09c84275f1f9d95854692b	4ae49986b612edba8b059400a7bfa2bc2bdc525d3a09c84275f1f9d95854692b	Phase 0C input manifest cross-checked with Phase 0D image manifest	PASS	272738910
registered_HE:VUILD91LA	data/raw/phase0c_v/GSM7990557_VUILD91LA_registered_HE.tif.gz	fbf9ec779ede6add925a74eebecdea3d6249a0284a57777a27ec001cd57f4fb3	fbf9ec779ede6add925a74eebecdea3d6249a0284a57777a27ec001cd57f4fb3	Phase 0C input manifest cross-checked with Phase 0D image manifest	PASS	180691510
registered_HE:VUILD91MA	data/raw/phase0c_v/GSM7990556_VUILD91MA_registered_HE.tif.gz	2c541460e757f9c6f4019e76f37db22027c5b88d489778d26ad6652545a12e8a	2c541460e757f9c6f4019e76f37db22027c5b88d489778d26ad6652545a12e8a	Phase 0C input manifest cross-checked with Phase 0D image manifest	PASS	272236774
registered_HE:VUILD96LA	data/raw/phase0c_v/GSM7990559_VUILD96LA_registered_HE.tif.gz	439d8fd26269a2ff445b1309e1221c072f23fc333369c2c8c6755a6c97e83884	439d8fd26269a2ff445b1309e1221c072f23fc333369c2c8c6755a6c97e83884	Phase 0C input manifest cross-checked with Phase 0D image manifest	PASS	414811133
registered_HE:VUILD96MA	data/raw/phase0c_v/GSM7990558_VUILD96MA_registered_HE.tif.gz	6305be4e5ea52f0e3c6f6135bfe027228e0f4727a165ee21edc6fe392f22b03b	6305be4e5ea52f0e3c6f6135bfe027228e0f4727a165ee21edc6fe392f22b03b	Phase 0C input manifest cross-checked with Phase 0D image manifest	PASS	514514225
