sample_id	donor_id	image_sha256	embedding_file	embedding_file_sha256	cache_reused	inference_device	n_regions_in_bounds	n_primary_union_regions
THD0008	THD0008	c78ef154a7be2d9ae193687e06516830c84b46ed5f82a8891b592278fa48429f	results/phase1/embedding_cache/THD0008.npz	9a0b2ceb70d1fb5957b597011a8159ad3cf5c783350f1f220df7dd9b27b2347d	YES	cpu		
THD0011	THD0011	2c0d3a6aacb64f11b7b2795da77cbe695ab2217dd5f298ca674d74c2b0eae3db	results/phase1/embedding_cache/THD0011.npz	df40ef2de8fac6b82ddb1983a872d9d8fd6677c699b4bfb442f9254583024eb6	YES	cpu		
TILD117LA	TILD117	905be9c533ea7495ae3fd483b95e1455c6291f3df19896a10e462c2028480ec8	results/phase1/embedding_cache/TILD117LA.npz	826b4b6a7951d915c708dd854f77879bc798f4a80dc4daede95e0d30aad30237	YES	cpu		
TILD117MA1	TILD117	27ee56aedac599c3f23f54e983b8f56ad41d771e66ba5ba2fc14b93448de8883	results/phase1/embedding_cache/TILD117MA1.npz	01bf342a408094cc548e8fa1107e778e5154f4478396d8923cad710ce289ff19	YES	cpu		
TILD175MA	TILD175	07e1f77c991c7d8ad1639f2e303bc462eb132f7c8c852c7755d3928aa9d47888	results/phase1/embedding_cache/TILD175MA.npz	c50f3971485cd4b1f18978d567e3c8a397ffc94e8725d7cb9f16298e12fb0af0	YES	cpu		
VUHD069	VUHD069	cdc64a570be9f5da0db345379a28134c79b49b7bb2e03619149a67848476862b	results/phase1/embedding_cache/VUHD069.npz	ed19848830126581b7d3dae8d6885977580ac8fe4ad68c78ad6d9c7ab83d93b4	YES	cpu		
VUHD095	VUHD095	63598fb6f6558f634e7b457769147e12948d1c1fade6da705945ee0e8fa52761	results/phase1/embedding_cache/VUHD095.npz	79ec91f0ba0bb5c2405711a226b2193ab567089189a32d5c699b1199215f89b7	YES	cpu		
VUHD113	VUHD113	9976580675ba7d41a94db0b006ed89290e513d1f6f0c5801acb01267d39b514e	results/phase1/embedding_cache/VUHD113.npz	34ad230d3d9a47c98a13842af474ecb5ecbdd16a5c8239be74d27c118f80777a	YES	cpu		
VUHD116A	VUHD116	339f313cc6b1ae31941e25316c6bfa237154e41c1d3c6f67f1783bd5d12f3918	results/phase1/embedding_cache/VUHD116A.npz	279a5883973fecc4eee2b0af22b97418a73c8082ae5e331eac70e2f9e5540cc3	YES	cpu		
VUHD116B	VUHD116	9618ec52961843a2fa9f5960bee79771f82e8c75faea31de513a6ad4efbbdd7b	results/phase1/embedding_cache/VUHD116B.npz	6c7efabc65c149e31d0ab5254f91b4a74eea4efc7816209dd5f2b30520ec8542	YES	cpu		
VUILD102LA	VUILD102	60ea24229ae2e07a724e68221e7b86fe94683c440ba2d66a455fcce21fb3cca4	results/phase1/embedding_cache/VUILD102LA.npz	d268e99b16a6fe209761bcf3eb9f87ef00d39b7a5c449eabec0e49f596727134	YES	cpu		
VUILD102MA	VUILD102	b28301f59c77220f78d85ce1c07587365076fce6e18b38020797536c58dfd381	results/phase1/embedding_cache/VUILD102MA.npz	007a043593d9b6ac8ee3ac3dcf116fbee78ccc77ae2f2627432a291ef237a49b	YES	cpu		
VUILD104MA1	VUILD104	733c89952b0a8ef4d0d0a5ae1be6f5fb0d78920b3142e420e274ed09fb46c9d3	results/phase1/embedding_cache/VUILD104MA1.npz	589bc58bf61e3029019d08abcad5f0ca8f4da0885c6bdeed4a870b9295fd8e81	YES	cpu		
VUILD104MA2	VUILD104	c39a1cc59303482bfbc2a9a5e9bbb946c39713275117a9f5848c2821d33cd8df	results/phase1/embedding_cache/VUILD104MA2.npz	2d36cc561abc1fc3d05997cf988a21a6c94785bd728813c1d88b862d96854372	YES	cpu		
VUILD105MA2	VUILD105	da2bfa7b1b2ee666a9ce33d25b87f84e829d19395d833ee3a726f103d564e4c7	results/phase1/embedding_cache/VUILD105MA2.npz	8631d4204f2fe06687da337c01e9a35ccdc0e3a9241ec8257bd014f20cf9e99d	YES	cpu		
VUILD106MA	VUILD106	842a9663721141687a85f2aaa7d67744d7bfc544a0f441af0f66d9600fc85c8e	results/phase1/embedding_cache/VUILD106MA.npz	da94870f456f5b957d982f3f557b140f65e004b210fc9041c135e9d15dec6912	YES	cpu		
VUILD107MA	VUILD107	774dd73806ee7d7d55e9bb53b3ab141fd0dcc5a5db447f564eafc23b21187d2e	results/phase1/embedding_cache/VUILD107MA.npz	302be3247f317ae83c3fca8b271ba8b3aafdf54bfc623fff737a58956e10b855	YES	cpu		
VUILD110LA	VUILD110	76c896610ff264d12a9e10cb3141dada09c2566fd6a748693a38ce01165c9a31	results/phase1/embedding_cache/VUILD110LA.npz	4ab04a1933ded298b38c6105332a1962705fe6c42e41d09c13c5d1e49829197c	YES	cpu		
VUILD115MA	VUILD115	1ccc2194bd0d6be2dae800c4326085375e90051c343fdaa2bf6799bce4010a63	results/phase1/embedding_cache/VUILD115MA.npz	4fcc83da76f6fca5dba343ff9102fff996b1c4175970dc9866f55de0c97b8677	YES	cpu		
VUILD48LA2	VUILD48	4dce681cb776cd50282956e37338a57c1fe2e5dbf6ff1d0b6f48c6012d88ee93	results/phase1/embedding_cache/VUILD48LA2.npz	59497394d01798ce68809a0597e4132eb21b7cb5fa185ffd0ccf04b9a756d7de	YES	cpu		
VUILD78LA	VUILD78	9592b17e2f2a8527ec017b8b79671cba3d1341debf4813ff02a9b7d2f20f5483	results/phase1/embedding_cache/VUILD78LA.npz	667eb0bc0935c1cc95389b6d6d6d3e67d426af51bcb964e9fba51a8fbca90184	YES	cpu		
VUILD78MA	VUILD78	4ae49986b612edba8b059400a7bfa2bc2bdc525d3a09c84275f1f9d95854692b	results/phase1/embedding_cache/VUILD78MA.npz	2900ba02a4669198490bd49674b8474f0883fbd8f406b7f10d53b02436bf691c	NO	cpu	338.0	283.0
VUILD91LA	VUILD91	fbf9ec779ede6add925a74eebecdea3d6249a0284a57777a27ec001cd57f4fb3	results/phase1/embedding_cache/VUILD91LA.npz	8936067fafa8b71e9c9bd856de0ac5bbb675219483b7de719755f0125761d8ce	NO	cpu	296.0	108.0
VUILD91MA	VUILD91	2c541460e757f9c6f4019e76f37db22027c5b88d489778d26ad6652545a12e8a	results/phase1/embedding_cache/VUILD91MA.npz	866f6d17246108c6c2923113f7455bc0997c432439a14a2497264a356da40790	NO	cpu	349.0	233.0
VUILD96LA	VUILD96	439d8fd26269a2ff445b1309e1221c072f23fc333369c2c8c6755a6c97e83884	results/phase1/embedding_cache/VUILD96LA.npz	bc47ee8611ec6f09c101a09d4642fde4c6fa8f9102a50bcdb5c62266dc262678	NO	cpu	475.0	291.0
VUILD96MA	VUILD96	6305be4e5ea52f0e3c6f6135bfe027228e0f4727a165ee21edc6fe392f22b03b	results/phase1/embedding_cache/VUILD96MA.npz	8d1e88ae4621c720721463812bc8ab125db87849ee54d72c9868f2f7c01bff71	NO	cpu	553.0	334.0
