target	analysis_stratum	outer_fold	n_train_donors	n_test_donors	n_test_regions	residual_alpha	residual_R2_fold
epithelial_injury	POOLED	fold_1	15	4	931	10.0	-0.370738493816678
epithelial_injury	POOLED	fold_2	15	4	701	10000.0	0.00993056957427585
epithelial_injury	POOLED	fold_3	15	4	393	1000.0	-0.04365044647069727
epithelial_injury	POOLED	fold_4	15	4	475	31.622776601683793	-1.2895900939868947
epithelial_injury	POOLED	fold_5	16	3	719	100000.0	-0.03460519274372764
epithelial_injury	PF_ONLY	fold_1	11	2	703	10.0	-0.39975321753329185
epithelial_injury	PF_ONLY	fold_2	10	3	388	31.622776601683793	0.23329355408374153
epithelial_injury	PF_ONLY	fold_3	10	3	319	31.622776601683793	0.16721754990862725
epithelial_injury	PF_ONLY	fold_4	10	3	351	10.0	-1.4943176535283582
epithelial_injury	PF_ONLY	fold_5	11	2	713	316.22776601683796	0.17620940145888953
epithelial_injury	DISEASE_ADJUSTED	fold_1	15	4	931	10.0	-0.3072843821250071
epithelial_injury	DISEASE_ADJUSTED	fold_2	15	4	701	100000.0	-0.008638399083710002
epithelial_injury	DISEASE_ADJUSTED	fold_3	15	4	393	1000.0	-0.009525920805450117
epithelial_injury	DISEASE_ADJUSTED	fold_4	15	4	475	31.622776601683793	-0.9497073433917977
epithelial_injury	DISEASE_ADJUSTED	fold_5	16	3	719	100000.0	-0.016022067465099932
fibroblast_activation	POOLED	fold_1	15	4	599	316.22776601683796	-0.03952874431605036
fibroblast_activation	POOLED	fold_2	15	4	1094	100.0	-0.2381989088129286
fibroblast_activation	POOLED	fold_3	15	4	1270	31.622776601683793	0.08190647331932732
fibroblast_activation	POOLED	fold_4	15	4	1111	100000.0	-0.11771896278354688
fibroblast_activation	POOLED	fold_5	16	3	795	10000.0	-0.2188196001494671
fibroblast_activation	PF_ONLY	fold_1	11	2	479	31.622776601683793	-0.023988412340657073
fibroblast_activation	PF_ONLY	fold_2	10	3	819	100.0	-0.09238769905163235
fibroblast_activation	PF_ONLY	fold_3	10	3	1245	316.22776601683796	0.17103728215955738
fibroblast_activation	PF_ONLY	fold_4	10	3	1047	10.0	0.14094466845376408
fibroblast_activation	PF_ONLY	fold_5	11	2	794	100.0	0.1488926699784735
fibroblast_activation	DISEASE_ADJUSTED	fold_1	15	4	599	1000.0	-0.030774922903291424
fibroblast_activation	DISEASE_ADJUSTED	fold_2	15	4	1094	100.0	-0.4377946595851234
fibroblast_activation	DISEASE_ADJUSTED	fold_3	15	4	1270	31.622776601683793	0.05178961962273243
fibroblast_activation	DISEASE_ADJUSTED	fold_4	15	4	1111	100000.0	-0.16905220078175587
fibroblast_activation	DISEASE_ADJUSTED	fold_5	16	3	795	100000.0	-0.12337728220314825
macrophage_inflammatory	POOLED	fold_1	15	4	747	100000.0	-0.46712430817119266
macrophage_inflammatory	POOLED	fold_2	15	4	539	100000.0	-0.15699292837044632
macrophage_inflammatory	POOLED	fold_3	15	4	391	316.22776601683796	-0.03681132337250004
macrophage_inflammatory	POOLED	fold_4	15	4	598	31.622776601683793	-0.678482650648383
macrophage_inflammatory	POOLED	fold_5	16	3	386	100000.0	-0.0037583174817534815
macrophage_inflammatory	PF_ONLY	fold_1	11	2	612	100000.0	-0.49084371451666087
macrophage_inflammatory	PF_ONLY	fold_2	10	3	261	100000.0	0.000893316899194585
macrophage_inflammatory	PF_ONLY	fold_3	10	3	347	31.622776601683793	-0.05549948947419048
macrophage_inflammatory	PF_ONLY	fold_4	10	3	527	316.22776601683796	-0.2145505954352962
macrophage_inflammatory	PF_ONLY	fold_5	11	2	370	316.22776601683796	-0.09671857881495471
macrophage_inflammatory	DISEASE_ADJUSTED	fold_1	15	4	747	100000.0	-0.4544321980471244
macrophage_inflammatory	DISEASE_ADJUSTED	fold_2	15	4	539	100000.0	-0.15616406088881596
macrophage_inflammatory	DISEASE_ADJUSTED	fold_3	15	4	391	316.22776601683796	-0.04212155137714957
macrophage_inflammatory	DISEASE_ADJUSTED	fold_4	15	4	598	31.622776601683793	-0.6866799154281951
macrophage_inflammatory	DISEASE_ADJUSTED	fold_5	16	3	386	100000.0	-0.0016760939880826609
