target	stratum	n_donors	n_regions	residual_R2	residual_Pearson	residual_Spearman	MAE	RMSE	CI_low	CI_high	bootstrap_replicates	p	FDR
epithelial_injury	POOLED	19	3219	-0.1959579697696494	-0.014686572052053424	0.04799993057983392	0.5089216748540168	0.6547952619220929	-0.4346371936267294	-0.013759583036735188	2000	0.020989505247376312	
epithelial_injury	PF_ONLY	13	2474	-0.0927435152968481	0.18597001997510215	0.2179860510217435	0.5151001677788724	0.6471955619849492	-0.42251341659153024	0.17487669193619487	2000	0.527736131934033	
epithelial_injury	DISEASE_ADJUSTED	19	3219	-0.16298871242102608	0.02637827285738305	0.0659119678398417	0.4775706085264707	0.6199580772505173	-0.37630840203322924	0.0038535157265251964	2000	0.06196901549225387	0.09295352323838081
fibroblast_activation	POOLED	19	4869	0.05521683296914115	0.23947390365467566	0.3082978632886964	0.44144351993188524	0.7378883796276443	-0.12236217863519533	0.09852094258100938	2000	0.33183408295852074	
fibroblast_activation	PF_ONLY	13	4384	0.19148319196459063	0.438830837993487	0.40453442052549754	0.404060420331334	0.519394479973122	0.017801938634588937	0.2843355103012586	2000	0.025987006496751622	
fibroblast_activation	DISEASE_ADJUSTED	19	4869	0.03636933029953793	0.19222971952514908	0.26136153243504534	0.4536495757990929	0.8072484656699308	-0.13906633312685754	0.06847325464224278	2000	0.46976511744127936	0.46976511744127936
macrophage_inflammatory	POOLED	19	2661	-0.1187259439988817	-0.08774188774841866	-0.20117108776895667	0.35155667026016113	0.42518671420270543	-0.45165369327951926	-0.02312088433245086	2000	0.01699150424787606	
macrophage_inflammatory	PF_ONLY	13	2117	-0.09203340082278832	-0.013017816034667245	-0.10724448029963933	0.3558595397883676	0.4308913978659808	-0.40274423996095127	-0.03133751043611385	2000	0.001999000499750125	
macrophage_inflammatory	DISEASE_ADJUSTED	19	2661	-0.11945350859145876	-0.08878286807762298	-0.1996586332665987	0.35158368853781086	0.42512859961557936	-0.44280470239954384	-0.015653619881067032	2000	0.022988505747126436	0.06896551724137931
