target	stratum	raw_deltaR2	macenko_deltaR2	grayscale_deltaR2	color_only_R2	coordinate_only_R2	M3_R2	M3_macenko_R2	M3_grayscale_R2	shortcut_interpretation	macenko_deltaR2_CI_low	macenko_deltaR2_CI_high	grayscale_deltaR2_CI_low	grayscale_deltaR2_CI_high
epithelial_injury	POOLED	0.0878336856852053	-0.0120054456404975	0.046893988168459	0.0337858642178002	-0.0375846744832835	0.2506849333519257	0.1669312284373333	0.2047690853391072	MIXED_OR_NO_POSITIVE_INCREMENT	-0.21749490666628804	0.18138925916642695	-0.10184289579977764	0.20839344929658282
epithelial_injury	PF_ONLY	0.1239634976849056	-0.0542068903791947	0.0909528201079551	-0.0387588567011276	-0.0811955426389217	0.0502689738736845	-0.1318477122774415	0.03885246379833	MIXED_OR_NO_POSITIVE_INCREMENT	-0.40732894472488435	0.27551493582229286	-0.0801205048521109	0.31371883905423675
epithelial_injury	DISEASE_ADJUSTED	0.0474385749104063	-0.0596879097372206	-0.0062513587080139	0.0337858642178002	-0.0375846744832835	0.2700594070938859	0.1871708468726182	0.2193198346114622	COLOR_SENSITIVE_INCREMENT	-0.27934445361261173	0.12818380478958524	-0.14546116345427512	0.1426423957911289
fibroblast_activation	POOLED	0.6702905958626314	0.5605223428106774	0.6095300908360769	-0.0560402640066497	-0.2337550447919041	0.3677176454474989	0.2655374238838087	0.2666031620120676	STRUCTURE_COMPATIBLE_SIGNAL	-0.14625576239776203	1.5645864449042963	-0.06985816872634619	1.591321157501645
fibroblast_activation	PF_ONLY	0.2319880257217225	0.1783159478561975	0.120172455127969	0.0530645756571852	-0.0196721289382884	0.405083902555796	0.3774283849895864	0.2845472945151615	STRUCTURE_COMPATIBLE_SIGNAL	0.01457144086645333	0.32882633365778957	-0.0772721893587971	0.31293044041123275
fibroblast_activation	DISEASE_ADJUSTED	0.8815651656915561	0.8132218320585509	0.8162213609724017	-0.0560402640066497	-0.2337550447919041	0.3707836197482562	0.3225423366267511	0.2441674845704988	STRUCTURE_COMPATIBLE_SIGNAL	-0.05011060014875396	2.1019513050981575	-0.06298221533907286	2.1203070970553934
macrophage_inflammatory	POOLED	-0.2356799917903905	-0.1193546827308428	-0.3024387374512644	-0.1564318427164992	-0.0764847594197475	-0.1745308137301808	-0.1165011809773466	-0.1810049857138957	MIXED_OR_NO_POSITIVE_INCREMENT	-0.32373598065431614	0.10265826562516102	-0.49338702376521415	-0.10006642240090745
macrophage_inflammatory	PF_ONLY	-0.2584849762717317	-0.1932914031964888	-0.2761616299426322	-0.1512477655468962	-0.4958057745437301	-0.2394160291786986	-0.1529349627369061	-0.1931219145466787	MIXED_OR_NO_POSITIVE_INCREMENT	-0.47029999901565644	0.09106628321183136	-0.5315378862294555	-0.03318753013940853
macrophage_inflammatory	DISEASE_ADJUSTED	-0.2365664303494049	-0.1210312154641701	-0.3033061123093324	-0.1564318427164992	-0.0764847594197475	-0.174031457436244	-0.1157868729193989	-0.1808943616349121	MIXED_OR_NO_POSITIVE_INCREMENT	-0.3255196626816037	0.08445425658061916	-0.4905041829189635	-0.1132981402344032
