sample_id	donor_id	TMA	run	disease_status	affected_status	registration_status	primary_inclusion	exclusion_reason
THD0008	THD0008	3	2	control	control	REGISTRATION_PASS_WITH_QUALIFICATION	YES	
THD0011	THD0011	4	2	control	control	REGISTRATION_PASS_WITH_QUALIFICATION	YES	
TILD117LA	TILD117	4	2	pulmonary_fibrosis	less_affected	REGISTRATION_PASS_WITH_QUALIFICATION	YES	
TILD117MA1	TILD117	4	2	pulmonary_fibrosis	more_affected	REGISTRATION_PASS_WITH_QUALIFICATION	YES	
TILD175MA	TILD175	4	2	pulmonary_fibrosis	more_affected	REGISTRATION_PASS_WITH_QUALIFICATION	YES	
VUHD069	VUHD069	2	1	control	control	REGISTRATION_PASS_WITH_QUALIFICATION	YES	
VUHD095	VUHD095	2	1	control	control	REGISTRATION_PASS_WITH_QUALIFICATION	YES	
VUHD113	VUHD113	2	1	control	control	REGISTRATION_PASS_WITH_QUALIFICATION	YES	
VUHD116A	VUHD116	1	1	control	control	REGISTRATION_PASS_WITH_QUALIFICATION	YES	
VUHD116B	VUHD116	1	1	control	control	REGISTRATION_PASS_WITH_QUALIFICATION	YES	
VUILD102LA	VUILD102	1	1	pulmonary_fibrosis	less_affected	REGISTRATION_PASS_WITH_QUALIFICATION	YES	
VUILD102MA	VUILD102	1	1	pulmonary_fibrosis	more_affected	REGISTRATION_PASS_WITH_QUALIFICATION	YES	
VUILD104MA1	VUILD104	2	1	pulmonary_fibrosis	more_affected	REGISTRATION_PASS_WITH_QUALIFICATION	YES	
VUILD104MA2	VUILD104	2	1	pulmonary_fibrosis	more_affected	REGISTRATION_PASS_WITH_QUALIFICATION	YES	
VUILD105MA1	VUILD105	2	1	pulmonary_fibrosis	more_affected	FAIL	NO	FIXED_COORDINATE_SUPPORT_FAILURE
VUILD105MA2	VUILD105	2	1	pulmonary_fibrosis	more_affected	REGISTRATION_PASS_WITH_QUALIFICATION	YES	
VUILD106MA	VUILD106	3	1	pulmonary_fibrosis	more_affected	REGISTRATION_PASS_WITH_QUALIFICATION	YES	
VUILD107MA	VUILD107	1	1	pulmonary_fibrosis	more_affected	REGISTRATION_PASS_WITH_QUALIFICATION	YES	
VUILD110LA	VUILD110	3	2	pulmonary_fibrosis	less_affected	REGISTRATION_PASS_WITH_QUALIFICATION	YES	
VUILD115MA	VUILD115	3	2	pulmonary_fibrosis	more_affected	REGISTRATION_PASS_WITH_QUALIFICATION	YES	
VUILD48LA1	VUILD48	2	1	pulmonary_fibrosis	less_affected	FAIL	NO	FIXED_COORDINATE_SUPPORT_FAILURE
VUILD48LA2	VUILD48	2	1	pulmonary_fibrosis	less_affected	REGISTRATION_PASS_WITH_QUALIFICATION	YES	
VUILD78LA	VUILD78	4	2	pulmonary_fibrosis	less_affected	REGISTRATION_PASS_WITH_QUALIFICATION	YES	
VUILD78MA	VUILD78	4	2	pulmonary_fibrosis	more_affected	REGISTRATION_PASS_WITH_QUALIFICATION	YES	
VUILD91LA	VUILD91	4	2	pulmonary_fibrosis	less_affected	REGISTRATION_PASS_WITH_QUALIFICATION	YES	
VUILD91MA	VUILD91	4	2	pulmonary_fibrosis	more_affected	REGISTRATION_PASS_WITH_QUALIFICATION	YES	
VUILD96LA	VUILD96	1	1	pulmonary_fibrosis	less_affected	REGISTRATION_PASS_WITH_QUALIFICATION	YES	
VUILD96MA	VUILD96	1	1	pulmonary_fibrosis	more_affected	REGISTRATION_PASS_WITH_QUALIFICATION	YES	
