donor_id	excluded	retained	total	excluded_fraction	share_of_all_excluded
THD0008	0	650	650	0.0	0.0
THD0011	2	393	395	0.005063291139240506	0.017241379310344827
TILD117	4	912	916	0.004366812227074236	0.034482758620689655
TILD175	2	384	386	0.0051813471502590676	0.017241379310344827
VUHD069	6	303	309	0.019417475728155338	0.05172413793103448
VUHD095	5	136	141	0.03546099290780142	0.04310344827586207
VUHD113	0	361	361	0.0	0.0
VUHD116	12	524	536	0.022388059701492536	0.10344827586206896
VUILD102	0	956	956	0.0	0.0
VUILD104	14	773	787	0.017789072426937738	0.1206896551724138
VUILD105	1	305	306	0.0032679738562091504	0.008620689655172414
VUILD106	1	1185	1186	0.0008431703204047217	0.008620689655172414
VUILD107	0	531	531	0.0	0.0
VUILD110	5	1078	1083	0.0046168051708217915	0.04310344827586207
VUILD115	5	943	948	0.005274261603375527	0.04310344827586207
VUILD48	26	345	371	0.07008086253369272	0.22413793103448276
VUILD78	16	692	708	0.022598870056497175	0.13793103448275862
VUILD91	14	645	659	0.021244309559939303	0.1206896551724138
VUILD96	3	1028	1031	0.002909796314258002	0.02586206896551724
