region_id	sample_id	donor_id	coordinate_support_failure	zero_valid_image_pixels	final_excluded	exclusion_reason	source_phase
THD0011_150_3_23	THD0011	THD0011	True	False	True	FROZEN_COORDINATE_SUPPORT_FAILURE	PHASE1A/PHASE1D
THD0011_150_8_23	THD0011	THD0011	True	False	True	FROZEN_COORDINATE_SUPPORT_FAILURE	PHASE1A/PHASE1D
TILD117LA_150_13_23	TILD117LA	TILD117	True	False	True	FROZEN_COORDINATE_SUPPORT_FAILURE	PHASE1A/PHASE1D
TILD117LA_150_15_23	TILD117LA	TILD117	True	False	True	FROZEN_COORDINATE_SUPPORT_FAILURE	PHASE1A/PHASE1D
TILD117LA_150_16_23	TILD117LA	TILD117	True	False	True	FROZEN_COORDINATE_SUPPORT_FAILURE	PHASE1A/PHASE1D
TILD117LA_150_17_23	TILD117LA	TILD117	True	False	True	FROZEN_COORDINATE_SUPPORT_FAILURE	PHASE1A/PHASE1D
TILD175MA_150_9_23	TILD175MA	TILD175	True	False	True	FROZEN_COORDINATE_SUPPORT_FAILURE	PHASE1A/PHASE1D
TILD175MA_150_11_23	TILD175MA	TILD175	True	False	True	FROZEN_COORDINATE_SUPPORT_FAILURE	PHASE1A/PHASE1D
VUHD069_150_20_5	VUHD069	VUHD069	True	False	True	FROZEN_COORDINATE_SUPPORT_FAILURE	PHASE1A/PHASE1D
VUHD069_150_20_9	VUHD069	VUHD069	True	False	True	FROZEN_COORDINATE_SUPPORT_FAILURE	PHASE1A/PHASE1D
VUHD069_150_20_10	VUHD069	VUHD069	True	False	True	FROZEN_COORDINATE_SUPPORT_FAILURE	PHASE1A/PHASE1D
VUHD069_150_20_11	VUHD069	VUHD069	True	False	True	FROZEN_COORDINATE_SUPPORT_FAILURE	PHASE1A/PHASE1D
VUHD069_150_20_12	VUHD069	VUHD069	True	False	True	FROZEN_COORDINATE_SUPPORT_FAILURE	PHASE1A/PHASE1D
VUHD069_150_20_13	VUHD069	VUHD069	True	False	True	FROZEN_COORDINATE_SUPPORT_FAILURE	PHASE1A/PHASE1D
VUHD095_150_8_3	VUHD095	VUHD095	False	True	True	ZERO_VALID_IMAGE_PIXELS_AFTER_FROZEN_BLACK_FILTER	PHASE1D_R2
VUHD095_150_9_1	VUHD095	VUHD095	False	True	True	ZERO_VALID_IMAGE_PIXELS_AFTER_FROZEN_BLACK_FILTER	PHASE1D_R2
VUHD095_150_9_3	VUHD095	VUHD095	False	True	True	ZERO_VALID_IMAGE_PIXELS_AFTER_FROZEN_BLACK_FILTER	PHASE1D_R2
VUHD095_150_14_0	VUHD095	VUHD095	False	True	True	ZERO_VALID_IMAGE_PIXELS_AFTER_FROZEN_BLACK_FILTER	PHASE1D_R2
VUHD095_150_15_17	VUHD095	VUHD095	True	False	True	FROZEN_COORDINATE_SUPPORT_FAILURE	PHASE1A/PHASE1D
VUHD116B_150_6_17	VUHD116B	VUHD116	True	False	True	FROZEN_COORDINATE_SUPPORT_FAILURE	PHASE1A/PHASE1D
VUHD116B_150_7_17	VUHD116B	VUHD116	True	False	True	FROZEN_COORDINATE_SUPPORT_FAILURE	PHASE1A/PHASE1D
VUHD116B_150_8_17	VUHD116B	VUHD116	True	False	True	FROZEN_COORDINATE_SUPPORT_FAILURE	PHASE1A/PHASE1D
VUHD116B_150_10_17	VUHD116B	VUHD116	True	False	True	FROZEN_COORDINATE_SUPPORT_FAILURE	PHASE1A/PHASE1D
VUHD116B_150_11_17	VUHD116B	VUHD116	True	False	True	FROZEN_COORDINATE_SUPPORT_FAILURE	PHASE1A/PHASE1D
VUHD116B_150_12_17	VUHD116B	VUHD116	True	False	True	FROZEN_COORDINATE_SUPPORT_FAILURE	PHASE1A/PHASE1D
VUHD116B_150_13_17	VUHD116B	VUHD116	True	False	True	FROZEN_COORDINATE_SUPPORT_FAILURE	PHASE1A/PHASE1D
VUHD116B_150_14_17	VUHD116B	VUHD116	True	False	True	FROZEN_COORDINATE_SUPPORT_FAILURE	PHASE1A/PHASE1D
VUHD116B_150_15_17	VUHD116B	VUHD116	True	False	True	FROZEN_COORDINATE_SUPPORT_FAILURE	PHASE1A/PHASE1D
VUHD116B_150_16_17	VUHD116B	VUHD116	True	False	True	FROZEN_COORDINATE_SUPPORT_FAILURE	PHASE1A/PHASE1D
VUHD116B_150_17_17	VUHD116B	VUHD116	True	False	True	FROZEN_COORDINATE_SUPPORT_FAILURE	PHASE1A/PHASE1D
VUHD116B_150_18_17	VUHD116B	VUHD116	True	False	True	FROZEN_COORDINATE_SUPPORT_FAILURE	PHASE1A/PHASE1D
VUILD104MA1_150_5_3	VUILD104MA1	VUILD104	False	True	True	ZERO_VALID_IMAGE_PIXELS_AFTER_FROZEN_BLACK_FILTER	PHASE1D_R2
VUILD104MA1_150_6_3	VUILD104MA1	VUILD104	False	True	True	ZERO_VALID_IMAGE_PIXELS_AFTER_FROZEN_BLACK_FILTER	PHASE1D_R2
VUILD104MA1_150_7_2	VUILD104MA1	VUILD104	False	True	True	ZERO_VALID_IMAGE_PIXELS_AFTER_FROZEN_BLACK_FILTER	PHASE1D_R2
VUILD104MA1_150_7_3	VUILD104MA1	VUILD104	False	True	True	ZERO_VALID_IMAGE_PIXELS_AFTER_FROZEN_BLACK_FILTER	PHASE1D_R2
VUILD104MA1_150_8_2	VUILD104MA1	VUILD104	False	True	True	ZERO_VALID_IMAGE_PIXELS_AFTER_FROZEN_BLACK_FILTER	PHASE1D_R2
VUILD104MA1_150_8_3	VUILD104MA1	VUILD104	False	True	True	ZERO_VALID_IMAGE_PIXELS_AFTER_FROZEN_BLACK_FILTER	PHASE1D_R2
VUILD104MA1_150_9_2	VUILD104MA1	VUILD104	False	True	True	ZERO_VALID_IMAGE_PIXELS_AFTER_FROZEN_BLACK_FILTER	PHASE1D_R2
VUILD104MA1_150_9_3	VUILD104MA1	VUILD104	False	True	True	ZERO_VALID_IMAGE_PIXELS_AFTER_FROZEN_BLACK_FILTER	PHASE1D_R2
VUILD104MA1_150_10_2	VUILD104MA1	VUILD104	False	True	True	ZERO_VALID_IMAGE_PIXELS_AFTER_FROZEN_BLACK_FILTER	PHASE1D_R2
VUILD104MA1_150_10_3	VUILD104MA1	VUILD104	False	True	True	ZERO_VALID_IMAGE_PIXELS_AFTER_FROZEN_BLACK_FILTER	PHASE1D_R2
VUILD104MA1_150_11_2	VUILD104MA1	VUILD104	False	True	True	ZERO_VALID_IMAGE_PIXELS_AFTER_FROZEN_BLACK_FILTER	PHASE1D_R2
VUILD104MA1_150_11_3	VUILD104MA1	VUILD104	False	True	True	ZERO_VALID_IMAGE_PIXELS_AFTER_FROZEN_BLACK_FILTER	PHASE1D_R2
VUILD104MA1_150_12_3	VUILD104MA1	VUILD104	False	True	True	ZERO_VALID_IMAGE_PIXELS_AFTER_FROZEN_BLACK_FILTER	PHASE1D_R2
VUILD104MA1_150_13_3	VUILD104MA1	VUILD104	False	True	True	ZERO_VALID_IMAGE_PIXELS_AFTER_FROZEN_BLACK_FILTER	PHASE1D_R2
VUILD105MA2_150_15_23	VUILD105MA2	VUILD105	True	False	True	FROZEN_COORDINATE_SUPPORT_FAILURE	PHASE1A/PHASE1D
VUILD106MA_150_27_46	VUILD106MA	VUILD106	True	False	True	FROZEN_COORDINATE_SUPPORT_FAILURE	PHASE1A/PHASE1D
VUILD110LA_150_17_40	VUILD110LA	VUILD110	True	False	True	FROZEN_COORDINATE_SUPPORT_FAILURE	PHASE1A/PHASE1D
VUILD110LA_150_18_40	VUILD110LA	VUILD110	True	False	True	FROZEN_COORDINATE_SUPPORT_FAILURE	PHASE1A/PHASE1D
VUILD110LA_150_19_40	VUILD110LA	VUILD110	True	False	True	FROZEN_COORDINATE_SUPPORT_FAILURE	PHASE1A/PHASE1D
VUILD110LA_150_20_40	VUILD110LA	VUILD110	True	False	True	FROZEN_COORDINATE_SUPPORT_FAILURE	PHASE1A/PHASE1D
VUILD110LA_150_21_40	VUILD110LA	VUILD110	True	False	True	FROZEN_COORDINATE_SUPPORT_FAILURE	PHASE1A/PHASE1D
VUILD115MA_150_13_46	VUILD115MA	VUILD115	True	False	True	FROZEN_COORDINATE_SUPPORT_FAILURE	PHASE1A/PHASE1D
VUILD115MA_150_14_46	VUILD115MA	VUILD115	True	False	True	FROZEN_COORDINATE_SUPPORT_FAILURE	PHASE1A/PHASE1D
VUILD115MA_150_22_46	VUILD115MA	VUILD115	True	False	True	FROZEN_COORDINATE_SUPPORT_FAILURE	PHASE1A/PHASE1D
VUILD115MA_150_36_31	VUILD115MA	VUILD115	True	False	True	FROZEN_COORDINATE_SUPPORT_FAILURE	PHASE1A/PHASE1D
VUILD115MA_150_36_32	VUILD115MA	VUILD115	True	False	True	FROZEN_COORDINATE_SUPPORT_FAILURE	PHASE1A/PHASE1D
VUILD48LA2_150_4_2	VUILD48LA2	VUILD48	False	True	True	ZERO_VALID_IMAGE_PIXELS_AFTER_FROZEN_BLACK_FILTER	PHASE1D_R2
VUILD48LA2_150_6_3	VUILD48LA2	VUILD48	False	True	True	ZERO_VALID_IMAGE_PIXELS_AFTER_FROZEN_BLACK_FILTER	PHASE1D_R2
VUILD48LA2_150_6_29	VUILD48LA2	VUILD48	True	False	True	FROZEN_COORDINATE_SUPPORT_FAILURE	PHASE1A/PHASE1D
VUILD48LA2_150_7_2	VUILD48LA2	VUILD48	False	True	True	ZERO_VALID_IMAGE_PIXELS_AFTER_FROZEN_BLACK_FILTER	PHASE1D_R2
VUILD48LA2_150_7_3	VUILD48LA2	VUILD48	False	True	True	ZERO_VALID_IMAGE_PIXELS_AFTER_FROZEN_BLACK_FILTER	PHASE1D_R2
VUILD48LA2_150_8_2	VUILD48LA2	VUILD48	False	True	True	ZERO_VALID_IMAGE_PIXELS_AFTER_FROZEN_BLACK_FILTER	PHASE1D_R2
VUILD48LA2_150_8_3	VUILD48LA2	VUILD48	False	True	True	ZERO_VALID_IMAGE_PIXELS_AFTER_FROZEN_BLACK_FILTER	PHASE1D_R2
VUILD48LA2_150_9_2	VUILD48LA2	VUILD48	False	True	True	ZERO_VALID_IMAGE_PIXELS_AFTER_FROZEN_BLACK_FILTER	PHASE1D_R2
VUILD48LA2_150_9_3	VUILD48LA2	VUILD48	False	True	True	ZERO_VALID_IMAGE_PIXELS_AFTER_FROZEN_BLACK_FILTER	PHASE1D_R2
VUILD48LA2_150_10_2	VUILD48LA2	VUILD48	False	True	True	ZERO_VALID_IMAGE_PIXELS_AFTER_FROZEN_BLACK_FILTER	PHASE1D_R2
VUILD48LA2_150_10_3	VUILD48LA2	VUILD48	False	True	True	ZERO_VALID_IMAGE_PIXELS_AFTER_FROZEN_BLACK_FILTER	PHASE1D_R2
VUILD48LA2_150_11_2	VUILD48LA2	VUILD48	False	True	True	ZERO_VALID_IMAGE_PIXELS_AFTER_FROZEN_BLACK_FILTER	PHASE1D_R2
VUILD48LA2_150_11_3	VUILD48LA2	VUILD48	False	True	True	ZERO_VALID_IMAGE_PIXELS_AFTER_FROZEN_BLACK_FILTER	PHASE1D_R2
VUILD48LA2_150_11_29	VUILD48LA2	VUILD48	True	False	True	FROZEN_COORDINATE_SUPPORT_FAILURE	PHASE1A/PHASE1D
VUILD48LA2_150_12_2	VUILD48LA2	VUILD48	False	True	True	ZERO_VALID_IMAGE_PIXELS_AFTER_FROZEN_BLACK_FILTER	PHASE1D_R2
VUILD48LA2_150_12_3	VUILD48LA2	VUILD48	False	True	True	ZERO_VALID_IMAGE_PIXELS_AFTER_FROZEN_BLACK_FILTER	PHASE1D_R2
VUILD48LA2_150_12_29	VUILD48LA2	VUILD48	True	False	True	FROZEN_COORDINATE_SUPPORT_FAILURE	PHASE1A/PHASE1D
VUILD48LA2_150_13_2	VUILD48LA2	VUILD48	False	True	True	ZERO_VALID_IMAGE_PIXELS_AFTER_FROZEN_BLACK_FILTER	PHASE1D_R2
VUILD48LA2_150_13_3	VUILD48LA2	VUILD48	False	True	True	ZERO_VALID_IMAGE_PIXELS_AFTER_FROZEN_BLACK_FILTER	PHASE1D_R2
VUILD48LA2_150_14_2	VUILD48LA2	VUILD48	False	True	True	ZERO_VALID_IMAGE_PIXELS_AFTER_FROZEN_BLACK_FILTER	PHASE1D_R2
VUILD48LA2_150_14_3	VUILD48LA2	VUILD48	False	True	True	ZERO_VALID_IMAGE_PIXELS_AFTER_FROZEN_BLACK_FILTER	PHASE1D_R2
VUILD48LA2_150_14_29	VUILD48LA2	VUILD48	True	False	True	FROZEN_COORDINATE_SUPPORT_FAILURE	PHASE1A/PHASE1D
VUILD48LA2_150_15_3	VUILD48LA2	VUILD48	False	True	True	ZERO_VALID_IMAGE_PIXELS_AFTER_FROZEN_BLACK_FILTER	PHASE1D_R2
VUILD48LA2_150_15_29	VUILD48LA2	VUILD48	True	False	True	FROZEN_COORDINATE_SUPPORT_FAILURE	PHASE1A/PHASE1D
VUILD48LA2_150_16_1	VUILD48LA2	VUILD48	False	True	True	ZERO_VALID_IMAGE_PIXELS_AFTER_FROZEN_BLACK_FILTER	PHASE1D_R2
VUILD48LA2_150_16_2	VUILD48LA2	VUILD48	False	True	True	ZERO_VALID_IMAGE_PIXELS_AFTER_FROZEN_BLACK_FILTER	PHASE1D_R2
VUILD78LA_150_19_23	VUILD78LA	VUILD78	True	False	True	FROZEN_COORDINATE_SUPPORT_FAILURE	PHASE1A/PHASE1D
VUILD78LA_150_22_23	VUILD78LA	VUILD78	True	False	True	FROZEN_COORDINATE_SUPPORT_FAILURE	PHASE1A/PHASE1D
VUILD78MA_150_24_4	VUILD78MA	VUILD78	True	False	True	FROZEN_COORDINATE_SUPPORT_FAILURE	PHASE1A/PHASE1D
VUILD78MA_150_24_5	VUILD78MA	VUILD78	True	False	True	FROZEN_COORDINATE_SUPPORT_FAILURE	PHASE1A/PHASE1D
VUILD78MA_150_24_6	VUILD78MA	VUILD78	True	False	True	FROZEN_COORDINATE_SUPPORT_FAILURE	PHASE1A/PHASE1D
VUILD78MA_150_24_7	VUILD78MA	VUILD78	True	False	True	FROZEN_COORDINATE_SUPPORT_FAILURE	PHASE1A/PHASE1D
VUILD78MA_150_24_8	VUILD78MA	VUILD78	True	False	True	FROZEN_COORDINATE_SUPPORT_FAILURE	PHASE1A/PHASE1D
VUILD78MA_150_24_9	VUILD78MA	VUILD78	True	False	True	FROZEN_COORDINATE_SUPPORT_FAILURE	PHASE1A/PHASE1D
VUILD78MA_150_24_10	VUILD78MA	VUILD78	True	False	True	FROZEN_COORDINATE_SUPPORT_FAILURE	PHASE1A/PHASE1D
VUILD78MA_150_24_11	VUILD78MA	VUILD78	True	False	True	FROZEN_COORDINATE_SUPPORT_FAILURE	PHASE1A/PHASE1D
VUILD78MA_150_24_12	VUILD78MA	VUILD78	True	False	True	FROZEN_COORDINATE_SUPPORT_FAILURE	PHASE1A/PHASE1D
VUILD78MA_150_24_13	VUILD78MA	VUILD78	True	False	True	FROZEN_COORDINATE_SUPPORT_FAILURE	PHASE1A/PHASE1D
VUILD78MA_150_24_14	VUILD78MA	VUILD78	True	False	True	FROZEN_COORDINATE_SUPPORT_FAILURE	PHASE1A/PHASE1D
VUILD78MA_150_24_15	VUILD78MA	VUILD78	True	False	True	FROZEN_COORDINATE_SUPPORT_FAILURE	PHASE1A/PHASE1D
VUILD78MA_150_24_16	VUILD78MA	VUILD78	True	False	True	FROZEN_COORDINATE_SUPPORT_FAILURE	PHASE1A/PHASE1D
VUILD78MA_150_24_17	VUILD78MA	VUILD78	True	False	True	FROZEN_COORDINATE_SUPPORT_FAILURE	PHASE1A/PHASE1D
VUILD91LA_150_2_17	VUILD91LA	VUILD91	True	False	True	FROZEN_COORDINATE_SUPPORT_FAILURE	PHASE1A/PHASE1D
VUILD91LA_150_8_17	VUILD91LA	VUILD91	True	False	True	FROZEN_COORDINATE_SUPPORT_FAILURE	PHASE1A/PHASE1D
VUILD91LA_150_11_17	VUILD91LA	VUILD91	True	False	True	FROZEN_COORDINATE_SUPPORT_FAILURE	PHASE1A/PHASE1D
VUILD91LA_150_13_17	VUILD91LA	VUILD91	True	False	True	FROZEN_COORDINATE_SUPPORT_FAILURE	PHASE1A/PHASE1D
VUILD91LA_150_20_4	VUILD91LA	VUILD91	True	False	True	FROZEN_COORDINATE_SUPPORT_FAILURE	PHASE1A/PHASE1D
VUILD91LA_150_20_5	VUILD91LA	VUILD91	True	False	True	FROZEN_COORDINATE_SUPPORT_FAILURE	PHASE1A/PHASE1D
VUILD91LA_150_20_6	VUILD91LA	VUILD91	True	False	True	FROZEN_COORDINATE_SUPPORT_FAILURE	PHASE1A/PHASE1D
VUILD91LA_150_20_7	VUILD91LA	VUILD91	True	False	True	FROZEN_COORDINATE_SUPPORT_FAILURE	PHASE1A/PHASE1D
VUILD91LA_150_20_8	VUILD91LA	VUILD91	True	False	True	FROZEN_COORDINATE_SUPPORT_FAILURE	PHASE1A/PHASE1D
VUILD91LA_150_20_9	VUILD91LA	VUILD91	True	False	True	FROZEN_COORDINATE_SUPPORT_FAILURE	PHASE1A/PHASE1D
VUILD91LA_150_20_10	VUILD91LA	VUILD91	True	False	True	FROZEN_COORDINATE_SUPPORT_FAILURE	PHASE1A/PHASE1D
VUILD91LA_150_20_11	VUILD91LA	VUILD91	True	False	True	FROZEN_COORDINATE_SUPPORT_FAILURE	PHASE1A/PHASE1D
VUILD91LA_150_20_12	VUILD91LA	VUILD91	True	False	True	FROZEN_COORDINATE_SUPPORT_FAILURE	PHASE1A/PHASE1D
VUILD91LA_150_20_13	VUILD91LA	VUILD91	True	False	True	FROZEN_COORDINATE_SUPPORT_FAILURE	PHASE1A/PHASE1D
VUILD96LA_150_12_35	VUILD96LA	VUILD96	True	False	True	FROZEN_COORDINATE_SUPPORT_FAILURE	PHASE1A/PHASE1D
VUILD96LA_150_13_35	VUILD96LA	VUILD96	True	False	True	FROZEN_COORDINATE_SUPPORT_FAILURE	PHASE1A/PHASE1D
VUILD96LA_150_14_35	VUILD96LA	VUILD96	True	False	True	FROZEN_COORDINATE_SUPPORT_FAILURE	PHASE1A/PHASE1D
