sample_id	excluded	retained	total	excluded_fraction	share_of_all_excluded
THD0008	0	650	650	0.0	0.0
THD0011	2	393	395	0.005063291139240506	0.017241379310344827
TILD117LA	4	425	429	0.009324009324009324	0.034482758620689655
TILD117MA1	0	487	487	0.0	0.0
TILD175MA	2	384	386	0.0051813471502590676	0.017241379310344827
VUHD069	6	303	309	0.019417475728155338	0.05172413793103448
VUHD095	5	136	141	0.03546099290780142	0.04310344827586207
VUHD113	0	361	361	0.0	0.0
VUHD116A	0	225	225	0.0	0.0
VUHD116B	12	299	311	0.03858520900321544	0.10344827586206896
VUILD102LA	0	428	428	0.0	0.0
VUILD102MA	0	528	528	0.0	0.0
VUILD104MA1	14	335	349	0.04011461318051576	0.1206896551724138
VUILD104MA2	0	438	438	0.0	0.0
VUILD105MA2	1	305	306	0.0032679738562091504	0.008620689655172414
VUILD106MA	1	1185	1186	0.0008431703204047217	0.008620689655172414
VUILD107MA	0	531	531	0.0	0.0
VUILD110LA	5	1078	1083	0.0046168051708217915	0.04310344827586207
VUILD115MA	5	943	948	0.005274261603375527	0.04310344827586207
VUILD48LA2	26	345	371	0.07008086253369272	0.22413793103448276
VUILD78LA	2	354	356	0.0056179775280898875	0.017241379310344827
VUILD78MA	14	338	352	0.03977272727272727	0.1206896551724138
VUILD91LA	14	296	310	0.04516129032258064	0.1206896551724138
VUILD91MA	0	349	349	0.0	0.0
VUILD96LA	3	475	478	0.006276150627615063	0.02586206896551724
VUILD96MA	0	553	553	0.0	0.0
