path	before_sha256	after_sha256	unchanged
configs/frozen_vannan_primary_cohort.tsv	81b11d79b2d6dd6cc004524967a38f9b2c5e0877176ab55591fd4ef2e5458e32	81b11d79b2d6dd6cc004524967a38f9b2c5e0877176ab55591fd4ef2e5458e32	True
configs/frozen_vannan_primary_cohort.sha256	edb970c7538e1eeb3171256669bb73fa6230a6e84b9125294e13e6b348d39f40	edb970c7538e1eeb3171256669bb73fa6230a6e84b9125294e13e6b348d39f40	True
configs/frozen_phase1_candidate_programs.tsv	1dc5ff3e00fc35dbf9fadf91bcfb9e0ed2bddb4ea91de17dd57754294264d588	1dc5ff3e00fc35dbf9fadf91bcfb9e0ed2bddb4ea91de17dd57754294264d588	True
configs/frozen_within_lineage_targets.tsv	db865785a9e63dda45b1258b6bf364e32d91449f9197565c9a61de875a4389c8	db865785a9e63dda45b1258b6bf364e32d91449f9197565c9a61de875a4389c8	True
configs/frozen_covariates_Z.tsv	dd8a47fb0e1019b2acbbc5c7ec52e983a6913f0e8dfd536293a6a442a56f3f85	dd8a47fb0e1019b2acbbc5c7ec52e983a6913f0e8dfd536293a6a442a56f3f85	True
configs/frozen_image_preprocessing.yaml	a31c393c99873686a2e7b54e93bb55b20a747846dad6aeb0c130b3ea2fbb04c4	a31c393c99873686a2e7b54e93bb55b20a747846dad6aeb0c130b3ea2fbb04c4	True
configs/frozen_morphology_scale.yaml	3a3be64d29de885ba3107ec3efb755e312d1e2ab97428e0469501cbe6097991a	3a3be64d29de885ba3107ec3efb755e312d1e2ab97428e0469501cbe6097991a	True
configs/frozen_section_selection.yaml	ca8a5ea1a23bdc2ceb5e19daa382998860320b67f8afcb628271b2afb0ddefc2	ca8a5ea1a23bdc2ceb5e19daa382998860320b67f8afcb628271b2afb0ddefc2	True
configs/frozen_phase1_estimand.yaml	bf9b03452cf2553ba52c1f84a637ea761fa19156a776c43669fcdfbc27db9e9d	bf9b03452cf2553ba52c1f84a637ea761fa19156a776c43669fcdfbc27db9e9d	True
configs/phase1_donor_folds.tsv	213cd0a810857f51cd75ec2e1ee4694be660e68e36cc258460082e304172bb4a	213cd0a810857f51cd75ec2e1ee4694be660e68e36cc258460082e304172bb4a	True
results/phase0/phase0d/registered_he_region_color_features.tsv.gz	a17ef3770a411ac4916f87171d2da0441b7f878ba1f595911c6105eabdf7e2cb	a17ef3770a411ac4916f87171d2da0441b7f878ba1f595911c6105eabdf7e2cb	True
reports/PHASE1D_R_D5_COLOR_REPAIR_AUDIT.md	e6d479f727b184035aaa7e9f120d7f96c194d9c112b5621de9f3f4d1d5aba894	e6d479f727b184035aaa7e9f120d7f96c194d9c112b5621de9f3f4d1d5aba894	True
results/phase1/region_analysis_matrix.tsv	4472641b74dad32c979e46b790768ffe6dfb27b4f254c2b847e5ce38f9884da8	4472641b74dad32c979e46b790768ffe6dfb27b4f254c2b847e5ce38f9884da8	True
results/phase1/image_region_crop_audit.tsv	814c5cfccadd1c343aa58ff65c9d575db54b8719611166b88de0143c6bea6f25	814c5cfccadd1c343aa58ff65c9d575db54b8719611166b88de0143c6bea6f25	True
results/phase1/morphology_embedding_extraction_manifest.tsv	7edfe20c9b2b65ce279f26a6c3763567193ec62764aa640438279441b01e054b	7edfe20c9b2b65ce279f26a6c3763567193ec62764aa640438279441b01e054b	True
scripts/phase1e_g_fit_models.py	e3454e137473b4f3ecbc0d80c22182dbcf664b2a8a29ab5535467f148f3a266b	e3454e137473b4f3ecbc0d80c22182dbcf664b2a8a29ab5535467f148f3a266b	True
scripts/phase0d_color_shortcut_audit.py	a6c2d3259b8721431e7bf0715abb2cd4b8a2d5f9fa6c1f28ad5afe26d21ef331	a6c2d3259b8721431e7bf0715abb2cd4b8a2d5f9fa6c1f28ad5afe26d21ef331	True
results/phase1/embedding_cache/THD0008.npz	9a0b2ceb70d1fb5957b597011a8159ad3cf5c783350f1f220df7dd9b27b2347d	9a0b2ceb70d1fb5957b597011a8159ad3cf5c783350f1f220df7dd9b27b2347d	True
results/phase1/embedding_cache/THD0011.npz	df40ef2de8fac6b82ddb1983a872d9d8fd6677c699b4bfb442f9254583024eb6	df40ef2de8fac6b82ddb1983a872d9d8fd6677c699b4bfb442f9254583024eb6	True
results/phase1/embedding_cache/TILD117LA.npz	826b4b6a7951d915c708dd854f77879bc798f4a80dc4daede95e0d30aad30237	826b4b6a7951d915c708dd854f77879bc798f4a80dc4daede95e0d30aad30237	True
results/phase1/embedding_cache/TILD117MA1.npz	01bf342a408094cc548e8fa1107e778e5154f4478396d8923cad710ce289ff19	01bf342a408094cc548e8fa1107e778e5154f4478396d8923cad710ce289ff19	True
results/phase1/embedding_cache/TILD175MA.npz	c50f3971485cd4b1f18978d567e3c8a397ffc94e8725d7cb9f16298e12fb0af0	c50f3971485cd4b1f18978d567e3c8a397ffc94e8725d7cb9f16298e12fb0af0	True
results/phase1/embedding_cache/VUHD069.npz	ed19848830126581b7d3dae8d6885977580ac8fe4ad68c78ad6d9c7ab83d93b4	ed19848830126581b7d3dae8d6885977580ac8fe4ad68c78ad6d9c7ab83d93b4	True
results/phase1/embedding_cache/VUHD095.npz	79ec91f0ba0bb5c2405711a226b2193ab567089189a32d5c699b1199215f89b7	79ec91f0ba0bb5c2405711a226b2193ab567089189a32d5c699b1199215f89b7	True
results/phase1/embedding_cache/VUHD113.npz	34ad230d3d9a47c98a13842af474ecb5ecbdd16a5c8239be74d27c118f80777a	34ad230d3d9a47c98a13842af474ecb5ecbdd16a5c8239be74d27c118f80777a	True
results/phase1/embedding_cache/VUHD116A.npz	279a5883973fecc4eee2b0af22b97418a73c8082ae5e331eac70e2f9e5540cc3	279a5883973fecc4eee2b0af22b97418a73c8082ae5e331eac70e2f9e5540cc3	True
results/phase1/embedding_cache/VUHD116B.npz	6c7efabc65c149e31d0ab5254f91b4a74eea4efc7816209dd5f2b30520ec8542	6c7efabc65c149e31d0ab5254f91b4a74eea4efc7816209dd5f2b30520ec8542	True
results/phase1/embedding_cache/VUILD102LA.npz	d268e99b16a6fe209761bcf3eb9f87ef00d39b7a5c449eabec0e49f596727134	d268e99b16a6fe209761bcf3eb9f87ef00d39b7a5c449eabec0e49f596727134	True
results/phase1/embedding_cache/VUILD102MA.npz	007a043593d9b6ac8ee3ac3dcf116fbee78ccc77ae2f2627432a291ef237a49b	007a043593d9b6ac8ee3ac3dcf116fbee78ccc77ae2f2627432a291ef237a49b	True
results/phase1/embedding_cache/VUILD104MA1.npz	589bc58bf61e3029019d08abcad5f0ca8f4da0885c6bdeed4a870b9295fd8e81	589bc58bf61e3029019d08abcad5f0ca8f4da0885c6bdeed4a870b9295fd8e81	True
results/phase1/embedding_cache/VUILD104MA2.npz	2d36cc561abc1fc3d05997cf988a21a6c94785bd728813c1d88b862d96854372	2d36cc561abc1fc3d05997cf988a21a6c94785bd728813c1d88b862d96854372	True
results/phase1/embedding_cache/VUILD105MA2.npz	8631d4204f2fe06687da337c01e9a35ccdc0e3a9241ec8257bd014f20cf9e99d	8631d4204f2fe06687da337c01e9a35ccdc0e3a9241ec8257bd014f20cf9e99d	True
results/phase1/embedding_cache/VUILD106MA.npz	da94870f456f5b957d982f3f557b140f65e004b210fc9041c135e9d15dec6912	da94870f456f5b957d982f3f557b140f65e004b210fc9041c135e9d15dec6912	True
results/phase1/embedding_cache/VUILD107MA.npz	302be3247f317ae83c3fca8b271ba8b3aafdf54bfc623fff737a58956e10b855	302be3247f317ae83c3fca8b271ba8b3aafdf54bfc623fff737a58956e10b855	True
results/phase1/embedding_cache/VUILD110LA.npz	4ab04a1933ded298b38c6105332a1962705fe6c42e41d09c13c5d1e49829197c	4ab04a1933ded298b38c6105332a1962705fe6c42e41d09c13c5d1e49829197c	True
results/phase1/embedding_cache/VUILD115MA.npz	4fcc83da76f6fca5dba343ff9102fff996b1c4175970dc9866f55de0c97b8677	4fcc83da76f6fca5dba343ff9102fff996b1c4175970dc9866f55de0c97b8677	True
results/phase1/embedding_cache/VUILD48LA2.npz	59497394d01798ce68809a0597e4132eb21b7cb5fa185ffd0ccf04b9a756d7de	59497394d01798ce68809a0597e4132eb21b7cb5fa185ffd0ccf04b9a756d7de	True
results/phase1/embedding_cache/VUILD78LA.npz	667eb0bc0935c1cc95389b6d6d6d3e67d426af51bcb964e9fba51a8fbca90184	667eb0bc0935c1cc95389b6d6d6d3e67d426af51bcb964e9fba51a8fbca90184	True
results/phase1/embedding_cache/VUILD78MA.npz	2900ba02a4669198490bd49674b8474f0883fbd8f406b7f10d53b02436bf691c	2900ba02a4669198490bd49674b8474f0883fbd8f406b7f10d53b02436bf691c	True
results/phase1/embedding_cache/VUILD91LA.npz	8936067fafa8b71e9c9bd856de0ac5bbb675219483b7de719755f0125761d8ce	8936067fafa8b71e9c9bd856de0ac5bbb675219483b7de719755f0125761d8ce	True
results/phase1/embedding_cache/VUILD91MA.npz	866f6d17246108c6c2923113f7455bc0997c432439a14a2497264a356da40790	866f6d17246108c6c2923113f7455bc0997c432439a14a2497264a356da40790	True
results/phase1/embedding_cache/VUILD96LA.npz	bc47ee8611ec6f09c101a09d4642fde4c6fa8f9102a50bcdb5c62266dc262678	bc47ee8611ec6f09c101a09d4642fde4c6fa8f9102a50bcdb5c62266dc262678	True
results/phase1/embedding_cache/VUILD96MA.npz	8d1e88ae4621c720721463812bc8ab125db87849ee54d72c9868f2f7c01bff71	8d1e88ae4621c720721463812bc8ab125db87849ee54d72c9868f2f7c01bff71	True
