M2_R2	M4_R2	DeltaR2	residual_R2	residual_Pearson	residual_Spearman	delta_CI_low	delta_CI_high	delta_p	residual_CI_low	residual_CI_high	residual_p	n_donors	n_regions	target	stratum	delta_q	residual_q
0.17993025180670819	0.2677639374919135	0.08783368568520533	-0.1959579697696494	-0.014686572052053428	0.04799993057983392	-0.06621879963242823	0.24803534385387913	0.239880059970015	-0.4346371936267294	-0.013759583036735322	0.020989505247376312	19	3219	epithelial_injury	POOLED	0.23988005997001496	0.03148425787106447
-0.04532971389447171	0.07863378379043418	0.12396349768490589	-0.0927435152968481	0.18597001997510215	0.2179860510217435	-0.07452726705387633	0.3756504756353342	0.21689155422288856	-0.4225134165915305	0.17487669193619473	0.527736131934033	13	2474	epithelial_injury	PF_ONLY	0.21689155422288856	0.527736131934033
0.24347732010007117	0.29091589501047754	0.04743857491040637	-0.16298871242102608	0.02637827285738308	0.0659119678398417	-0.10923513678307765	0.20366679717019898	0.5187406296851574	-0.376308402033229	0.0038535157265251903	0.06196901549225387	19	3219	epithelial_injury	DISEASE_ADJUSTED	0.5187406296851574	0.09295352323838081
-0.2326160328227631	0.4376745630398683	0.6702905958626314	0.05521683296914148	0.23947390365467566	0.3082978632886964	-0.010805446180584809	1.691784470290271	0.06296851574212893	-0.12236217863519512	0.09852094258100925	0.33183408295852074	19	4869	fibroblast_activation	POOLED	0.0944527736131934	0.33183408295852074
0.23208204398426546	0.46407006970598796	0.2319880257217225	0.19148319196459063	0.438830837993487	0.40453442052549754	0.06546558524173338	0.40365256012509804	0.0069965017491254375	0.017801938634588937	0.28433551030125864	0.025987006496751622	13	4384	fibroblast_activation	PF_ONLY	0.020989505247376312	0.038980509745127435
-0.4437073119805621	0.43785785371099395	0.8815651656915561	0.03636933029953793	0.19222971952514914	0.26136153243504534	0.0060804709936153915	2.2208982822890273	0.044977511244377814	-0.13906633312685754	0.06847325464224278	0.46976511744127936	19	4869	fibroblast_activation	DISEASE_ADJUSTED	0.06746626686656672	0.46976511744127936
0.15429705261478588	-0.08138293917560468	-0.23567999179039056	-0.11872594399888148	-0.08774188774841865	-0.20117108776895667	-0.4581299225791371	-0.0005391226153920499	0.050974512743628186	-0.45165369327951926	-0.023120884332450985	0.01699150424787606	19	2661	macrophage_inflammatory	POOLED	0.0944527736131934	0.03148425787106447
0.11804884779484393	-0.1404361284768878	-0.2584849762717317	-0.09203340082278832	-0.013017816034667146	-0.10724448029963933	-0.6531559276608678	0.07503811311856737	0.12893553223388307	-0.4027442399609509	-0.031337510436113686	0.001999000499750125	13	2117	macrophage_inflammatory	PF_ONLY	0.1934032983508246	0.005997001499250375
0.15512505794392417	-0.08144137240548077	-0.23656643034940494	-0.11945350859145831	-0.08878286807762299	-0.1996586332665987	-0.46034729710834216	-0.006613636405584538	0.04397801099450275	-0.44280470239954384	-0.015653619881067036	0.022988505747126436	19	2661	macrophage_inflammatory	DISEASE_ADJUSTED	0.06746626686656672	0.06896551724137931
