target	stratum	donor_id	n_regions	target_mean	target_variance	M2_R2	M4_R2	M2_MAE	M4_MAE	M2_RMSE	M4_RMSE	mean_absolute_M2_residual	mean_absolute_M4_residual	improvement	M4_minus_M2_error	paired_SSE_gain	residual_model_MAE	residual_model_RMSE	residual_R2	LOW_TARGET_VARIANCE	delta_influence	residual_influence	leverage_category	extreme_M2_R2	extreme_delta_influence	extreme_residual_influence
epithelial_injury	POOLED	THD0008	313	1.515752178554985	0.0899997087084695	-0.5523392510160821	-0.2852167875547013	0.3066688654365838	0.2637482709606387	0.3737781165453258	0.3401016561370411	0.3066688654365838	0.2637482709606387	0.042920594475945	-0.042920594475945	7.524815441017078	0.2842507292007775	0.3494235009216085	-0.5380294569384836	False	-0.0102992084071538	0.0308444576539834	EXTREME_LEVERAGE	False	False	False
epithelial_injury	POOLED	THD0011	124	1.5155371421667283	0.0922002508614773	-0.554323846460143	-2.3537778968671694	0.3054463148581023	0.4792046362759788	0.3785618160401305	0.5560747822234264	0.3054463148581023	0.4792046362759788	-0.1737583214178765	0.1737583214178765	-20.572854242792452	0.4281069673209021	0.500550469369158	-1.0586401766390972	False	0.0342376743955987	0.0904042005961347	EXTREME_LEVERAGE	False	False	False
epithelial_injury	POOLED	TILD117	326	2.5562095204348307	0.2608388015365671	-0.2284657484923227	0.1299713441814656	0.4332012384120119	0.3747283519090656	0.566066721831852	0.4763792941408946	0.4332012384120119	0.3747283519090656	0.0584728865029462	-0.0584728865029462	30.479142347446064	0.4387782174607389	0.5730747659597761	-0.3152858309622675	False	-0.0201606310508605	0.0766056473146863	EXTREME_LEVERAGE	False	False	False
epithelial_injury	POOLED	TILD175	145	2.8825840240451406	0.2808822158415582	-1.6205639494022992	-0.5912069724088358	0.6796151930396779	0.5537946509097608	0.8579451083039187	0.6685370148860352	0.6796151930396779	0.5537946509097608	0.1258205421299171	-0.1258205421299171	41.92356994553431	0.6987776310918783	0.8738357813703361	-1.2823355118144044	False	-0.0163215030133142	0.1354003419368132	EXTREME_LEVERAGE	True	False	True
epithelial_injury	POOLED	VUHD069	74	1.41471513189573	0.0948697078395407	-0.1565198089159123	0.2016438421387002	0.2682714837133155	0.2241676060180149	0.3312381264022818	0.275208676186271	0.2682714837133155	0.2241676060180149	0.0441038776953005	-0.0441038776953005	2.514437189137779	0.2465489793735127	0.2997205586196435	0.075464901868417	False	-0.0089840643476668	0.0300735584809195	EXTREME_LEVERAGE	False	False	False
epithelial_injury	POOLED	VUHD095	57	1.5605469255922	0.0841018172981168	-0.0566349565437525	-0.3891056800923116	0.2364953024946745	0.2767042295442568	0.2981021973519254	0.3417986426463685	0.2364953024946745	0.2767042295442568	-0.0402089270495823	0.0402089270495823	-1.593799346784657	0.2830457838116804	0.3675780790442484	-0.5748316311345574	True	0.001877182558559	0.0151071323999214	EXTREME_LEVERAGE	True	False	False
epithelial_injury	POOLED	VUHD113	6	1.4087172212193353	0.0803581437109455	-0.5163061918029908	0.052267224072049	0.2808742045733542	0.2371567388193913	0.3490666854208537	0.2759674738218104	0.2808742045733542	0.2371567388193913	0.0437174657539629	-0.0437174657539629	0.2741370255786577	0.2744946757757304	0.337694490789882	-0.5252689750318866	True	-0.0082488091321305	0.0114953231637713	EXTREME_LEVERAGE	False	False	False
epithelial_injury	POOLED	VUHD116	171	1.362455586623161	0.0929354020429728	-0.1675880653883648	-1.9222006068999675	0.2673049604227926	0.4592660288729007	0.3294089650835942	0.5211294352197617	0.2673049604227926	0.4592660288729007	-0.191961068450108	0.191961068450108	-27.88422135772899	0.235355510155119	0.3057162351059831	-0.2967787979491736	False	0.0295208613158062	0.01557718950009	EXTREME_LEVERAGE	False	False	False
epithelial_injury	POOLED	VUILD102	133	2.0586826783277963	0.1197701375281834	-0.9767116316057008	-0.3793542827952925	0.399173548826031	0.3157149690857331	0.486570677261767	0.4064547356723513	0.399173548826031	0.3157149690857331	0.0834585797402979	-0.0834585797402979	9.51556105212566	0.3695194876142722	0.453949444032709	-0.1278464589843106	False	-0.0032921394866964	0.1051853413805095	EXTREME_LEVERAGE	False	False	False
epithelial_injury	POOLED	VUILD104	150	2.113961953746198	0.1904726713470393	-0.4196305811400755	-0.0240589266006188	0.4375168632099411	0.3564651948448583	0.5200007972260237	0.441650585153469	0.4375168632099411	0.3564651948448583	0.0810516683650827	-0.0810516683650827	11.301838462394787	0.4286010429488068	0.5108064545673703	-0.1140642612951543	False	0.0141187266157508	0.0406011256141272	EXTREME_LEVERAGE	False	False	False
epithelial_injury	POOLED	VUILD105	28	2.6690648422804055	0.3788755422590292	-0.0860583366376415	0.3095853031829396	0.5239639166694187	0.4096179712159375	0.6414678021682193	0.5114501370027845	0.5239639166694187	0.4096179712159375	0.1143459454534811	-0.1143459454534811	4.197191560194046	0.4562328042850777	0.5591527614624325	0.1876854392509146	False	-0.0134907693877364	0.018046281989783	LOW_LEVERAGE	False	False	False
epithelial_injury	POOLED	VUILD106	155	2.613545940820606	0.4650506878643893	-0.2592573876008539	0.0393152216569949	0.6145608933687635	0.5357220899556162	0.7652571556686621	0.668406401068439	0.6145608933687635	0.5357220899556162	0.0788388034131473	-0.0788388034131473	21.52196658348838	0.6131904401498726	0.7625582472949404	-0.3937946349252845	False	-0.0190411107713266	0.0032155260456259	EXTREME_LEVERAGE	False	False	False
epithelial_injury	POOLED	VUILD107	93	2.646926303848132	0.4358613508312898	0.1103505117450968	0.2731642045139028	0.4981868152575324	0.4375040599910176	0.6227068553638605	0.5628495639627924	0.4981868152575324	0.4375040599910176	0.0606827552665147	-0.0606827552665147	6.599670233955943	0.4989414775989333	0.6286281256582393	-0.0814255857863244	False	-0.0150079602285752	0.0675152318912588	EXTREME_LEVERAGE	True	False	False
epithelial_injury	POOLED	VUILD110	319	2.2720466504185204	0.4381256711187226	-0.3010991967838681	-0.3042909404362957	0.6486273343519801	0.6347715866565654	0.7550132176213626	0.7559387168367037	0.6486273343519801	0.6347715866565654	0.0138557476954146	-0.0138557476954146	-0.4460847606930409	0.8077525830264792	0.95244912389488	-0.8033933327299247	False	0.055132818364276	0.1194734790306253	EXTREME_LEVERAGE	False	True	False
epithelial_injury	POOLED	VUILD115	190	1.7787112536689638	0.2773100938199446	-1.23941846286229	-2.222117848148069	0.7083506576053157	0.8548995572288666	0.7880439987960429	0.945264937871314	0.7083506576053157	0.8548995572288666	-0.1465488996235509	0.1465488996235509	-51.77736715877624	0.9814105008056936	1.0633137970540802	-3.793088046259369	False	0.0980415220022281	0.3220419167625602	EXTREME_LEVERAGE	True	True	True
epithelial_injury	POOLED	VUILD48	80	1.8839788562709567	0.105615031855088	-0.4092948428103176	-0.2367790498551831	0.3195184274741282	0.2999913257876304	0.3858013993191614	0.3614172917116179	0.3195184274741282	0.2999913257876304	0.0195271016864977	-0.0195271016864977	1.4576208774769857	0.3124875418546257	0.3840704475104292	-0.025634878095428	False	-0.0163893691958425	0.0312769051282595	EXTREME_LEVERAGE	False	False	False
epithelial_injury	POOLED	VUILD78	384	2.1957241263442193	0.3204701256061952	-0.1459128287329043	-0.1188551437438338	0.4970577882926999	0.4813490501780226	0.6059957327884283	0.5987985040485021	0.4970577882926999	0.4813490501780226	0.0157087381146773	-0.0157087381146773	3.3297330075111304	0.5252612963061325	0.6482084663643837	-0.1609352900564093	False	0.021617874122728	-0.0102924163764015	EXTREME_LEVERAGE	False	False	False
epithelial_injury	POOLED	VUILD91	84	2.487009120347399	0.5290410881562001	-0.6289408979834277	0.0435227189219589	0.7720950941248544	0.5955894739748713	0.9283192690078614	0.7113478625666985	0.7720950941248544	0.5955894739748713	0.1765056201499831	-0.1765056201499831	29.883914225178685	0.7626605006913177	0.9114464988039376	-0.0306477276514891	False	-0.026603911944243	-0.0053245185366921	EXTREME_LEVERAGE	False	False	False
epithelial_injury	POOLED	VUILD96	387	2.4261524346546217	0.1556014521550298	-0.8824097007265623	0.0368767393717149	0.4475166306429619	0.303172329993195	0.5412076154155337	0.3871219161427681	0.4475166306429619	0.303172329993195	0.1443443006497669	-0.1443443006497669	55.35737204495357	0.4469430091560202	0.5398048470099471	-0.0070238257485557	False	-0.0427700502140897	-0.0563210142544632	EXTREME_LEVERAGE	False	False	False
epithelial_injury	PF_ONLY	TILD117	326	2.5562095204348307	0.2608388015365671	-0.1036069795615357	0.1419880125187795	0.4142957886909484	0.3760642968236164	0.5365291435851567	0.4730780258251376	0.4142957886909484	0.3760642968236164	0.038231491867332	-0.038231491867332	20.88378930762154	0.3804269961664144	0.4931120666678551	0.0360440693475563	False	-0.0296268735234619	-0.0894525290763321	MODERATE_LEVERAGE	False	False	False
epithelial_injury	PF_ONLY	TILD175	145	2.8825840240451406	0.2808822158415582	-0.880324385280083	-0.4174792540265508	0.564274873322229	0.5203332466031297	0.7267390727340767	0.630987094781198	0.564274873322229	0.5203332466031297	0.0439416267190992	-0.0439416267190992	18.8507200784055	0.5023160334848756	0.6165352462422323	-0.3773532138430477	False	-0.077940639337341	-0.0411889316881028	HIGH_LEVERAGE	False	False	False
epithelial_injury	PF_ONLY	VUILD102	133	2.0586826783277963	0.1197701375281834	-0.866897116636127	-0.3693463711659233	0.3901254030155353	0.3213007406664168	0.4728620564292276	0.4049775341895665	0.3901254030155353	0.3213007406664168	0.0688246623491185	-0.0688246623491185	7.925698921224792	0.327971406343733	0.4132165475970876	-0.3577038110540733	True	-0.0333428255524321	0.0186030030421531	MODERATE_LEVERAGE	False	False	False
epithelial_injury	PF_ONLY	VUILD104	150	2.113961953746198	0.1904726713470393	-0.9026365120642053	-0.0085923136912042	0.5181286766888904	0.3619219046638435	0.6019968928950404	0.4383027176379982	0.5181286766888904	0.3619219046638435	0.1562067720250468	-0.1562067720250468	25.543648014964184	0.4726480679539155	0.5599776376352497	-0.5303077902602449	False	0.0125706158427847	-0.0435013282566079	LOW_LEVERAGE	False	False	False
epithelial_injury	PF_ONLY	VUILD105	28	2.6690648422804055	0.3788755422590292	-0.1820047554596611	0.2991853932645398	0.5480040652287861	0.3989329697380057	0.6692030279948906	0.5152877974005845	0.5480040652287861	0.3989329697380057	0.1490710954907803	-0.1490710954907803	5.104712998772367	0.4164429098213311	0.5413424659131073	0.2326366087123992	False	-0.0302864021969999	-0.0133563991409055	MODERATE_LEVERAGE	False	False	False
epithelial_injury	PF_ONLY	VUILD106	155	2.613545940820606	0.4650506878643893	-0.1930363656908609	0.1816622042611392	0.6014856667308514	0.5031808084580445	0.744864002695637	0.6169023867791283	0.6014856667308514	0.5031808084580445	0.0983048582728068	-0.0983048582728068	27.00934329318701	0.611977300198599	0.7242582137407213	-0.1490128366293317	False	-0.1442108683746944	-0.1125644102665266	EXTREME_LEVERAGE	False	True	False
epithelial_injury	PF_ONLY	VUILD107	93	2.646926303848132	0.4358613508312898	0.0093652227036367	0.2926096032911496	0.5392605362279573	0.442858086045881	0.6570992407641687	0.555269424581078	0.5392605362279573	0.442858086045881	0.0964024501820762	-0.0964024501820762	11.481340885456804	0.4303737795330388	0.5419039597612387	0.2684870093301058	False	-0.018470785894347	-0.0310248673536368	LOW_LEVERAGE	True	False	False
epithelial_injury	PF_ONLY	VUILD110	319	2.2720466504185204	0.4381256711187226	0.0403503844432998	-0.1100789141426277	0.5383865131570147	0.5764996492829085	0.6484189477911664	0.6973909013268539	0.5383865131570147	0.5764996492829085	-0.0381131361258938	0.0381131361258938	-21.024313030242133	0.7088576929462017	0.8371123884287047	-0.6825964903078579	False	0.0523190132749801	0.0213490915143992	EXTREME_LEVERAGE	True	False	False
epithelial_injury	PF_ONLY	VUILD115	190	1.7787112536689638	0.2773100938199446	-1.4152615413986762	-2.469573141982114	0.7378042763329047	0.8986382576271114	0.8183986831886834	0.9808912546853602	0.7378042763329047	0.8986382576271114	-0.1608339812942066	0.1608339812942066	-55.550537285917365	0.999722034276528	1.0776589391791218	-3.3789064543949694	False	0.1547464856326611	0.3208806158426663	EXTREME_LEVERAGE	True	True	True
epithelial_injury	PF_ONLY	VUILD48	80	1.8839788562709567	0.105615031855088	-1.252299614811252	-1.222934165052406	0.415472005774338	0.4156428768976247	0.4877260456091031	0.4845361314223878	0.415472005774338	0.4156428768976247	-0.0001708711232866	0.0001708711232866	0.2481146329375605	0.3493291604543841	0.4254379257947111	-0.4746950845266515	True	0.0262486546514754	0.1029756822641496	EXTREME_LEVERAGE	True	False	False
epithelial_injury	PF_ONLY	VUILD78	384	2.1957241263442193	0.3204701256061952	-0.057926545209564	-0.0984243075529613	0.4766483986122784	0.4755659738230562	0.582266135736432	0.5933061400410378	0.4766483986122784	0.4755659738230562	0.0010824247892221	-0.0010824247892221	-4.983676026224005	0.4992099756872473	0.6152594733001522	-0.159989759841364	False	0.044135332886052	-0.05804900223023	MODERATE_LEVERAGE	False	False	False
epithelial_injury	PF_ONLY	VUILD91	84	2.487009120347399	0.5290410881562001	-0.1854905307267889	0.4325134899183345	0.6198410640507224	0.4157923197336461	0.7919426749295504	0.5479267111645213	0.6198410640507224	0.4157923197336461	0.2040487443170762	-0.2040487443170762	27.463759643628247	0.4897228329452593	0.6303786420734669	0.3584535436904755	False	-0.0239438016143299	-0.2089543942872087	LOW_LEVERAGE	False	False	True
epithelial_injury	PF_ONLY	VUILD96	387	2.4261524346546217	0.1556014521550298	-0.6108552152917781	0.2214740615985336	0.4089715826126898	0.2662119690267534	0.5006509869269249	0.3480513849356521	0.4089715826126898	0.2662119690267534	0.1427596135859364	-0.1427596135859364	50.121006288092744	0.3607009449875493	0.4486356159936833	0.1274632725856068	False	-0.0757981243893132	-0.0419199886732397	HIGH_LEVERAGE	False	False	False
epithelial_injury	DISEASE_ADJUSTED	THD0008	313	1.515752178554985	0.0899997087084695	-0.0848277447242316	-0.5993438393739665	0.2476372536527282	0.2920785071973045	0.3124646876433348	0.3793948861916068	0.2476372536527282	0.2920785071973045	-0.0444412535445762	0.0444412535445762	-14.493871475664475	0.2375065599506077	0.3020956097093842	-0.1482891220968338	False	-0.0073298858889526	-0.0494752129347533	EXTREME_LEVERAGE	False	False	False
epithelial_injury	DISEASE_ADJUSTED	THD0011	124	1.5155371421667283	0.0922002508614773	-0.1081917936765719	-1.939403951038745	0.2577547809582122	0.4438362469823912	0.3196491222881904	0.5205898401515248	0.2577547809582122	0.4438362469823912	-0.1860814660241789	0.1860814660241789	-20.93593931588306	0.278396596633958	0.3361226489293455	-0.1217246204604765	False	0.0210930696000303	0.0841696004199952	MODERATE_LEVERAGE	False	False	False
epithelial_injury	DISEASE_ADJUSTED	TILD117	326	2.5562095204348307	0.2608388015365671	-0.1497263107146176	0.141664075908803	0.4178848715624203	0.3719939615448931	0.5476250843249054	0.4731673210987099	0.4178848715624203	0.3719939615448931	0.0458909100175271	-0.0458909100175271	24.777929667718396	0.4236291954630211	0.5554990319819546	-0.250176508161068	False	-0.0276388233757337	-0.019324109988587	EXTREME_LEVERAGE	False	False	False
epithelial_injury	DISEASE_ADJUSTED	TILD175	145	2.8825840240451406	0.2808822158415582	-1.327375080066425	-0.3511888298807262	0.6320408008764521	0.506723838316475	0.8085284593528427	0.6160559329778916	0.6320408008764521	0.506723838316475	0.125316962559977	-0.125316962559977	39.758036768802	0.650071408871251	0.8261663383254231	-1.1242205698512504	False	-0.016109693688465	0.1181633264374564	LOW_LEVERAGE	True	False	True
epithelial_injury	DISEASE_ADJUSTED	VUHD069	74	1.41471513189573	0.0948697078395407	-0.1248961058508035	0.1862382549577028	0.26673830865396	0.225543924730691	0.326678075346208	0.2778512893674555	0.26673830865396	0.225543924730691	0.0411943839232689	-0.0411943839232689	2.1842747172471486	0.2567308412649198	0.3162543032199669	0.0490923056458559	False	-0.0288297170557993	0.0351162775518527	HIGH_LEVERAGE	False	False	False
epithelial_injury	DISEASE_ADJUSTED	VUHD095	57	1.5605469255922	0.0841018172981168	0.09063799775602	-0.3347436790625366	0.2177140295618587	0.2698728657189758	0.2765483628058081	0.3350438315151224	0.2177140295618587	0.2698728657189758	-0.052158836157117	0.052158836157117	-2.039196207748367	0.2857035676043202	0.3646896535366932	-0.7451842703231679	True	-0.0044499221996581	0.0054939281112813	LOW_LEVERAGE	True	False	False
epithelial_injury	DISEASE_ADJUSTED	VUHD113	6	1.4087172212193353	0.0803581437109455	-0.2726061790178262	0.0635394624740118	0.2698926640480092	0.2284785383461657	0.3197878518970846	0.274321399920135	0.2698926640480092	0.2284785383461657	0.0414141257018435	-0.0414141257018435	0.1620722386008545	0.2626591665531486	0.3101142036788507	-0.2086600749966707	True	-0.0098017001460614	0.0284492629350159	LOW_LEVERAGE	False	False	False
epithelial_injury	DISEASE_ADJUSTED	VUHD116	171	1.362455586623161	0.0929354020429728	0.038579258448943	-1.6915586082339344	0.2365673732982876	0.4379821308235804	0.2989147422736132	0.5001410614801041	0.2365673732982876	0.4379821308235804	-0.2014147575252927	0.2014147575252927	-27.49527095732054	0.2278392855687901	0.2949017647035725	-0.1608984604875325	False	0.0175123224278997	0.035545659463763	LOW_LEVERAGE	False	False	False
epithelial_injury	DISEASE_ADJUSTED	VUILD102	133	2.0586826783277963	0.1197701375281834	-0.9017716899154276	-0.3651869047039962	0.3915218297655838	0.3144309971066379	0.4772582705919056	0.4043619954051971	0.3915218297655838	0.3144309971066379	0.0770908326589459	-0.0770908326589459	8.54748885820042	0.3438515181422993	0.4256138906871158	-0.1840255084687589	False	-0.0040758780944147	0.0823136564676998	LOW_LEVERAGE	False	False	False
epithelial_injury	DISEASE_ADJUSTED	VUILD104	150	2.113961953746198	0.1904726713470393	-0.4525974828990067	-0.0697691768633772	0.4455185844561198	0.362718732326075	0.5260039191486687	0.4513998148447681	0.4455185844561198	0.362718732326075	0.0827998521300447	-0.0827998521300447	10.937749517680237	0.4358525115261811	0.5143140245304494	-0.246395213598964	False	0.0116378401118036	0.0455697008717508	LOW_LEVERAGE	False	False	False
epithelial_injury	DISEASE_ADJUSTED	VUILD105	28	2.6690648422804055	0.3788755422590292	-0.0877655317739682	0.3061639216012798	0.5207475755144271	0.4092647574618863	0.641971771732639	0.5127158281564882	0.5207475755144271	0.4092647574618863	0.1114828180525407	-0.1114828180525407	4.179006587261804	0.4401255875342375	0.5481376973557086	0.2095920214042489	False	-0.0074553688655163	0.0208081583484125	LOW_LEVERAGE	False	False	False
epithelial_injury	DISEASE_ADJUSTED	VUILD106	155	2.613545940820606	0.4650506878643893	-0.2314708073265325	0.0965097581970664	0.6046061846689638	0.5266663940830383	0.7567670355083649	0.6482042567194524	0.6046061846689638	0.5266663940830383	0.0779397905859254	-0.0779397905859254	23.641776078449688	0.6118793043976826	0.7608593168633129	-0.3334373112222386	False	-0.010220655066564	0.0095673663485214	LOW_LEVERAGE	False	False	False
epithelial_injury	DISEASE_ADJUSTED	VUILD107	93	2.646926303848132	0.4358613508312898	0.0609375730886261	0.4116352371353663	0.5169172141711226	0.3946042243646483	0.6397663776008401	0.5064044434280872	0.5169172141711226	0.3946042243646483	0.1223129898064742	-0.1223129898064742	14.215566855385475	0.5208142605806301	0.6470108085474217	-0.1030920541942506	False	-0.0310231165389179	0.0617034487492251	HIGH_LEVERAGE	True	False	False
epithelial_injury	DISEASE_ADJUSTED	VUILD110	319	2.2720466504185204	0.4381256711187226	-0.0593039445880272	-0.2778661826629542	0.5734587417767867	0.6274338356313042	0.6812549094438436	0.748241925368478	0.5734587417767867	0.6274338356313042	-0.0539750938545174	0.0539750938545174	-30.546714988854223	0.7040261898834274	0.8319098071454334	-0.5802362021720338	False	0.0667371069844071	0.0916434925918479	HIGH_LEVERAGE	False	True	False
epithelial_injury	DISEASE_ADJUSTED	VUILD115	190	1.7787112536689638	0.2773100938199446	-1.3402318574684062	-2.2397387356493828	0.7258007393656026	0.8585057555917768	0.8055866905274609	0.9478461123700614	0.7258007393656026	0.8585057555917768	-0.1327050162261741	0.1327050162261741	-47.39404398820992	0.9754553679935783	1.0552010056377767	-3.4874399987431097	False	0.0880299560751961	0.3654641708430041	EXTREME_LEVERAGE	True	True	True
epithelial_injury	DISEASE_ADJUSTED	VUILD48	80	1.8839788562709567	0.105615031855088	-0.7873925371212729	-0.2974421826151954	0.354937100790344	0.3058516360877854	0.4344830488587672	0.3701748201148193	0.354937100790344	0.3058516360877854	0.0490854647025586	-0.0490854647025586	4.139689783885686	0.3376452623333443	0.4155885203296774	-0.3683422855067841	False	-0.0225110390152083	0.0336599425735435	MODERATE_LEVERAGE	False	False	False
epithelial_injury	DISEASE_ADJUSTED	VUILD78	384	2.1957241263442193	0.3204701256061952	-0.1153622019635784	-0.1145320680572283	0.4900513370722734	0.4802984527608884	0.5978630821180301	0.5976405540476921	0.4900513370722734	0.4802984527608884	0.0097528843113849	-0.0097528843113849	0.1021567170193731	0.5150894541636372	0.6361000419575098	-0.1639611190144152	False	0.0181802239811342	0.0143720332844756	MODERATE_LEVERAGE	False	False	False
epithelial_injury	DISEASE_ADJUSTED	VUILD91	84	2.487009120347399	0.5290410881562001	-0.4800970413361998	0.2035757628982771	0.7131262038036315	0.5321942610383472	0.8848910381088032	0.6491079609974499	0.7131262038036315	0.5321942610383472	0.1809319427652842	-0.1809319427652842	30.3820443607807	0.699022076458797	0.8632002083169469	0.0216349573306617	False	-0.0243254355873188	-0.0111482102920907	EXTREME_LEVERAGE	False	False	False
epithelial_injury	DISEASE_ADJUSTED	VUILD96	387	2.4261524346546217	0.1556014521550298	-0.6780745556642258	0.096391815681571	0.4156840299811006	0.2917158673727054	0.5109900563472444	0.3749703263714575	0.4156840299811006	0.2917158673727054	0.1239681626083952	-0.1239681626083952	46.63663161431069	0.4136965461125629	0.5075403941297839	-0.0262580248593125	False	-0.0517295939512142	-0.0356141583806817	EXTREME_LEVERAGE	False	False	False
fibroblast_activation	POOLED	THD0008	275	3.366956617609681	0.0625884854818742	-1.003645332941054	-1.8943349815241683	0.2907198638687094	0.3452962250622347	0.3541258629803904	0.4256195989035353	0.2907198638687094	0.3452962250622347	-0.0545763611935252	0.0545763611935252	-15.330401938279987	0.4177107077214054	0.4888562597045936	-1.570339067029821	True	-0.4630124246860296	0.0073046164722081	EXTREME_LEVERAGE	False	False	False
fibroblast_activation	POOLED	THD0011	64	2.6037649039039605	0.2052260234182473	-2.6109949623079047	-3.3242664984398953	0.7534089176174641	0.8469197952610363	0.8608543063130807	0.9420467173530028	0.7534089176174641	0.8469197952610363	-0.0935108776435722	0.0935108776435722	-9.368440382578768	0.7140326208363834	0.8239330252809728	-2.1044135324109385	False	0.0076050760956466	0.0026437645349877	EXTREME_LEVERAGE	False	False	False
fibroblast_activation	POOLED	TILD117	511	3.976669834433728	0.3199316844602521	-0.1184472671119267	0.4395527307004472	0.472118969987459	0.3326430906941969	0.5981861902009142	0.4234440209970551	0.472118969987459	0.3326430906941969	0.1394758792932621	-0.1394758792932621	91.22468028598313	0.4716237398151121	0.5978174186714761	-0.3635980458386978	False	-0.0193390466678125	0.0080318695337581	LOW_LEVERAGE	False	False	False
fibroblast_activation	POOLED	TILD175	143	3.590821390220313	0.3185399957938473	-0.3379989686851703	0.1753756937760977	0.5105344145970546	0.3811732433537477	0.6528446873929098	0.5125190952892058	0.5105344145970546	0.3811732433537477	0.1293611712433068	-0.1293611712433068	23.38484188341446	0.5671861810364747	0.702014273644677	-0.3985290805473132	False	0.0743081622257666	0.0426335100592183	EXTREME_LEVERAGE	False	False	False
fibroblast_activation	POOLED	VUHD069	25	3.2347388206827192	0.4058767357142314	0.327978375127878	-0.0192876623821955	0.4434632709335155	0.5637608716705266	0.5222623320061199	0.6431991520217321	0.4434632709335155	0.5637608716705266	-0.120297600737011	0.120297600737011	-3.523680143225115	0.6124652668729931	0.7131110458422883	-1.429859696967508	False	0.0037064638580376	0.0443453658529104	EXTREME_LEVERAGE	False	False	False
fibroblast_activation	POOLED	VUHD095	10	2.360978865282744	0.0964128615147512	-9.965430970581382	-10.75238618430362	0.9532919078078476	1.0318329485074929	1.02820648588512	1.0644628606274344	0.9532919078078476	1.0318329485074929	-0.0785410406996451	0.0785410406996451	-0.7587260403891398	0.9624708907656724	1.028518657598965	-6.126303035456162	False	-0.1625229787908115	0.0770308380422579	EXTREME_LEVERAGE	True	False	True
fibroblast_activation	POOLED	VUHD113	1	2.85001290376351	0.0			0.1660368474153806	0.4241800867392542	0.1660368474153806	0.4241800867392542	0.1660368474153806	0.4241800867392542	-0.2581432393238736	0.2581432393238736	-0.1523605112864828	0.1345903305887481	0.1345903305887481		True	-0.0052673822392674	-0.0010009773385073	EXTREME_LEVERAGE	False	False	False
fibroblast_activation	POOLED	VUHD116	110	2.8119004025203873	0.0781295569301702	-2.4593593643208114	-5.094883346147894	0.3910891726231019	0.6129320362459303	0.519882885269962	0.6900656022260554	0.3910891726231019	0.6129320362459303	-0.2218428636228283	0.2218428636228283	-22.65035530768867	0.4109552506457921	0.5288841690915277	-0.654461939132734	False	0.1081879361468746	0.0143819649792217	EXTREME_LEVERAGE	False	False	False
fibroblast_activation	POOLED	VUILD102	291	4.355897168230674	0.2173077537388696	0.0150619285722211	-0.0634922224201346	0.3683994489162935	0.3943313389042551	0.4626388222726936	0.4807339242999996	0.3683994489162935	0.3943313389042551	-0.0259318899879615	0.0259318899879615	-4.967493994812722	0.389187229313741	0.4868431615781803	-0.5123044733655051	False	-0.2154920658581711	-0.012132551390682	EXTREME_LEVERAGE	False	False	False
fibroblast_activation	POOLED	VUILD104	340	4.077364374293304	0.4834185122558092	0.1930370221609004	0.6681949739590505	0.4838522091380466	0.3113862246794718	0.6245805329919394	0.4005005518694273	0.4838522091380466	0.3113862246794718	0.1724659844585747	-0.1724659844585747	78.09805104922492	0.3690707955440592	0.4952778886752814	0.1661160781709417	False	0.953234943217172	-0.0431623917507197	HIGH_LEVERAGE	False	True	False
fibroblast_activation	POOLED	VUILD105	96	3.493674010779067	0.1943068142940613	-1.3978876480903386	-0.4184533734595559	0.5384106689481046	0.4111114961818555	0.682587657327257	0.5249906248892362	0.5384106689481046	0.4111114961818555	0.127299172766249	-0.127299172766249	18.26983235653653	0.5144554082584294	0.6585883521457332	-0.3499071704350716	False	-0.0776050256430483	-0.0427592206606983	EXTREME_LEVERAGE	False	False	False
fibroblast_activation	POOLED	VUILD106	854	3.682683001433899	0.3959545367360313	-3.3279181771931876	0.4973749149875982	0.4938354972092172	0.3503523935827931	1.3090679267639165	0.4461128586893611	0.4938354972092172	0.3503523935827931	0.143483103626424	-0.143483103626424	1293.504399681662	0.4372688349005868	1.2610154449071456	0.0622778824528487	False	-0.5577396609647688	-0.0500625807336015	HIGH_LEVERAGE	False	True	True
fibroblast_activation	POOLED	VUILD107	336	4.08646028382969	0.3224017712195421	0.4018260766527489	0.4618014059590578	0.3453521839264679	0.3264788455797254	0.4391495558286452	0.4165527337404798	0.3453521839264679	0.3264788455797254	0.0188733383467424	-0.0188733383467424	6.4969472056706525	0.3333582005740397	0.4262678032819463	-0.2757310013400038	False	0.0036836171828125	-0.0045805694408468	LOW_LEVERAGE	True	False	False
fibroblast_activation	POOLED	VUILD110	264	4.003610446136778	0.4390987770980965	-0.016433544279194	0.2539630124361607	0.5315162434451128	0.4627656645815335	0.6680679054515926	0.5723494814440122	0.5315162434451128	0.4627656645815335	0.0687505788635793	-0.0687505788635793	31.344930509705563	0.5309729652268085	0.6636778615453947	-0.1189404848479802	False	0.0905730262099169	0.0259831400940179	MODERATE_LEVERAGE	False	False	False
fibroblast_activation	POOLED	VUILD115	660	3.627956672398136	0.2912122785003537	-0.1658385110706355	0.2983187757102948	0.4506917005496894	0.3546328486672311	0.5826718537670578	0.4520378171196772	0.4506917005496894	0.3546328486672311	0.0960588518824582	-0.0960588518824582	89.21107870357113	0.4251468589954128	0.5553151602144784	-0.5041111547712065	False	0.0726111858993675	-0.031403034833267	LOW_LEVERAGE	False	False	False
fibroblast_activation	POOLED	VUILD48	126	4.259298425088549	0.1366438491835067	-3.409544819432777	-1.0934617569178564	0.6857032918300573	0.4424646819869064	0.7762326824312963	0.534844531227274	0.6857032918300573	0.4424646819869064	0.2432386098431508	-0.2432386098431508	39.87629159103615	0.4990540885934451	0.5958647832480282	-1.31861532196472	False	0.0052853387487593	0.0129174920265888	LOW_LEVERAGE	True	False	False
fibroblast_activation	POOLED	VUILD78	215	3.5040722071096067	0.6059550383585801	0.030604008702452	0.0538793298290793	0.601199411001902	0.6042851849209044	0.7664270252877043	0.7571701175992523	0.601199411001902	0.6042851849209044	-0.0030857739190024	0.0030857739190024	3.0323165928101137	0.6186613858168413	0.7835511669060792	-0.3185415590106375	False	-0.0233926084811316	0.003109610442293	EXTREME_LEVERAGE	False	False	False
fibroblast_activation	POOLED	VUILD91	265	4.431506927141939	0.2761071147358637	0.2949939348661685	-0.3515838008725689	0.3443073693915844	0.5179383667652205	0.44119971726576	0.6108861625398444	0.3443073693915844	0.5179383667652205	-0.1736309973736361	0.1736309973736361	-47.309048962826694	0.3509490376768871	0.4403848148182563	-0.0873766253911982	False	0.1148024467290187	0.0436898298382263	EXTREME_LEVERAGE	False	False	False
fibroblast_activation	POOLED	VUILD96	283	3.962444519116643	0.5166740016713649	0.4887793443456217	0.2038964852452316	0.4044295989532192	0.523614720557594	0.5139400956278917	0.6413470111515175	0.4044295989532192	0.523614720557594	-0.1191851216043747	0.1191851216043747	-41.655213409770816	0.4000250569466513	0.5103946965770839	-0.0504218661257309	False	0.020763770753185	-0.0329830811764808	LOW_LEVERAGE	True	False	False
fibroblast_activation	PF_ONLY	TILD117	511	3.976669834433728	0.3199316844602521	0.1298631889987844	0.4496570184861316	0.4184959606247666	0.3334202174657517	0.5276213942350053	0.4196095293324608	0.4184959606247666	0.3334202174657517	0.0850757431590149	-0.0850757431590149	52.281523237967534	0.3682834098386014	0.463276015682011	0.1402052761247324	False	-0.0052123711436667	-0.0847999997333177	EXTREME_LEVERAGE	False	False	False
fibroblast_activation	PF_ONLY	TILD175	143	3.590821390220313	0.3185399957938473	-0.067754962406487	0.3242540329056009	0.4495044388890664	0.3504026371881831	0.5832003611399961	0.4639527104306635	0.4495044388890664	0.3504026371881831	0.0991018017008832	-0.0991018017008832	17.85648775165437	0.4713403544530389	0.6003181405739874	-0.1646375946580263	False	0.0638065207622604	0.0516467827318616	MODERATE_LEVERAGE	False	False	False
fibroblast_activation	PF_ONLY	VUILD102	291	4.355897168230674	0.2173077537388696	0.2974292305189937	-0.0163067137709387	0.3127510187475417	0.3834551857055785	0.3907353013978986	0.469948219572428	0.3127510187475417	0.3834551857055785	-0.0707041669580368	0.0707041669580368	-19.839580716349413	0.3755530653989318	0.4673877826507029	-0.4489900801886772	False	0.0356575831772525	0.0555548105759212	MODERATE_LEVERAGE	True	False	False
fibroblast_activation	PF_ONLY	VUILD104	340	4.077364374293304	0.4834185122558092	0.2287207691119153	0.6896187537845939	0.4714895822332002	0.3093600150143846	0.6106149837088202	0.3873551862019607	0.4714895822332002	0.3093600150143846	0.1621295672188156	-0.1621295672188156	75.75425013773682	0.3838654723749592	0.5021529895288012	0.205937811989998	False	0.5471345455134319	-0.1740251249577123	EXTREME_LEVERAGE	False	True	True
fibroblast_activation	PF_ONLY	VUILD105	96	3.493674010779067	0.1943068142940613	-0.9381780428326147	-0.1777021249278694	0.4844806851453003	0.3746338164510436	0.6136784182595182	0.4783675867803764	0.4844806851453003	0.3746338164510436	0.1098468686942567	-0.1098468686942567	14.18550268372063	0.4072553321033105	0.5058186344884177	0.0549774244578153	True	-0.011037370348004	-0.0066908168762549	EXTREME_LEVERAGE	True	False	False
fibroblast_activation	PF_ONLY	VUILD106	854	3.682683001433899	0.3959545367360313	0.2372677686533312	0.5088556190650187	0.4187779337463406	0.346649849227451	0.5495518968364222	0.4409884871780842	0.4187779337463406	0.346649849227451	0.0721280845188895	-0.0721280845188895	91.8361210349318	0.3709138083373759	0.4961843735010518	0.134949321514186	False	-0.0050968566937625	-0.0772613341357821	EXTREME_LEVERAGE	False	False	False
fibroblast_activation	PF_ONLY	VUILD107	336	4.08646028382969	0.3224017712195421	0.1431125345115856	0.4710385976370075	0.4180736628822273	0.3217716532054416	0.5256063513783762	0.4129625806639165	0.4180736628822273	0.3217716532054416	0.0963020096767857	-0.0963020096767857	35.52324504311096	0.4369062917440779	0.539651491825805	-0.6029610682533009	False	-0.0044830539312109	0.0057776596792126	EXTREME_LEVERAGE	False	False	False
fibroblast_activation	PF_ONLY	VUILD110	264	4.003610446136778	0.4390987770980965	0.2020553211614072	0.3005085535577521	0.4905201177165083	0.4378146625274721	0.5919261209559513	0.5542073968501049	0.4905201177165083	0.4378146625274721	0.0527054551890361	-0.0527054551890361	11.41290320189971	0.4487993971403625	0.5601500237312924	0.0958193249756813	False	0.0940612216797907	0.0434178141341295	HIGH_LEVERAGE	False	True	False
fibroblast_activation	PF_ONLY	VUILD115	660	3.627956672398136	0.2912122785003537	-0.4280519153205775	0.440388959971453	0.5029242398635176	0.3158353608712546	0.6448769278531366	0.4036899875407685	0.5029242398635176	0.3158353608712546	0.187088878992263	-0.187088878992263	166.91442638417823	0.354254304708713	0.4506275655271572	0.0342018607280746	False	-0.0338467333240534	-0.1125415771832386	EXTREME_LEVERAGE	False	False	True
fibroblast_activation	PF_ONLY	VUILD48	126	4.259298425088549	0.1366438491835067	-0.9315961531393292	-0.1921216177386402	0.4362168269202754	0.3336729452695141	0.5137516262096036	0.4036038732998938	0.4362168269202754	0.3336729452695141	0.1025438816507612	-0.1025438816507612	12.731625508182272	0.3777620656584052	0.4483089908175833	-0.6372164239777567	True	-0.0178770862146735	0.0088378950526124	EXTREME_LEVERAGE	True	False	False
fibroblast_activation	PF_ONLY	VUILD78	215	3.5040722071096067	0.6059550383585801	-0.2744431748273122	-0.0545773862519316	0.6796503509770028	0.6443268026142304	0.878780554455044	0.7993913187784694	0.6796503509770028	0.6443268026142304	0.0353235483627724	-0.0353235483627724	28.644188205235857	0.7112502880427543	0.8595705787513197	-0.5880711912369498	False	0.0157106045864992	0.064220757728468	MODERATE_LEVERAGE	False	False	False
fibroblast_activation	PF_ONLY	VUILD91	265	4.431506927141939	0.2761071147358637	0.1994938251423104	-0.2799942901517387	0.3712488040236313	0.510814060599458	0.470133438789669	0.5944876199990851	0.3712488040236313	0.510814060599458	-0.1395652565758266	0.1395652565758266	-35.083371216953935	0.3596037668128442	0.4528274100814203	-0.3307833924901828	False	0.0737088439702603	0.0183688776678599	EXTREME_LEVERAGE	False	False	False
fibroblast_activation	PF_ONLY	VUILD96	283	3.962444519116643	0.5166740016713649	0.3641615797124476	0.301919748764327	0.4705668690680861	0.5073759847878411	0.5731676726982854	0.6005663301365528	0.4705668690680861	0.5073759847878411	-0.0368091157197549	0.0368091157197549	-9.100922250451012	0.4425655702871892	0.5452045472762975	0.0921820756121446	False	0.0181770443759805	-0.0210077152361448	EXTREME_LEVERAGE	True	False	False
fibroblast_activation	DISEASE_ADJUSTED	THD0008	275	3.366956617609681	0.0625884854818742	-4.510278851532765	-2.656417280317105	0.5180538754513733	0.3884074208252214	0.5872648532819219	0.4783822946815667	0.5180538754513733	0.3884074208252214	0.1296464546261518	-0.1296464546261518	31.908356709744908	0.620924104756235	0.6869147857997355	-3.9338662146623578	True	-0.7266431224590669	0.0220405878165673	EXTREME_LEVERAGE	False	True	False
fibroblast_activation	DISEASE_ADJUSTED	THD0011	64	2.6037649039039605	0.2052260234182473	-1.7299680708094094	-2.7459140091431213	0.6432828246183886	0.7801367177648635	0.7485055051440833	0.8767890488385146	0.6432828246183886	0.7801367177648635	-0.1368538931464749	0.1368538931464749	-13.34390687565746	0.6190877192942451	0.725128084360053	-1.507930836292112	False	-0.0934158063555795	0.0003210335332711	EXTREME_LEVERAGE	False	False	False
fibroblast_activation	DISEASE_ADJUSTED	TILD117	511	3.976669834433728	0.3199316844602521	0.0259298530180153	0.4465574175328269	0.4397125540357755	0.3300320362144989	0.5582435874297096	0.4207895170518803	0.4397125540357755	0.3300320362144989	0.1096805178212765	-0.1096805178212765	68.76633556052053	0.4457087947932124	0.5655115157032389	-0.2333777447606799	False	-0.0360854176715579	0.0010154049360269	EXTREME_LEVERAGE	False	False	False
fibroblast_activation	DISEASE_ADJUSTED	TILD175	143	3.590821390220313	0.3185399957938473	-0.1589929548184474	0.1315922030928414	0.4694909741266074	0.390385917311863	0.6076064605918595	0.5259492522802466	0.4694909741266074	0.390385917311863	0.0791050568147443	-0.0791050568147443	13.23650828197075	0.4662436787104925	0.5989294404064788	-0.0189162445958546	False	0.0772382598464016	0.0272471240784393	LOW_LEVERAGE	False	False	False
fibroblast_activation	DISEASE_ADJUSTED	VUHD069	25	3.2347388206827192	0.4058767357142314	-0.0175762219581345	0.0334439407489	0.5340353320985302	0.52998615673886	0.6426589416702982	0.6263406566826456	0.5340353320985302	0.52998615673886	0.0040491753596701	-0.0040491753596701	0.5176974273785042	0.5906539869640158	0.7055595382373482	-1.79177700088036	False	-0.0104261017792466	0.0285289129124131	EXTREME_LEVERAGE	False	False	False
fibroblast_activation	DISEASE_ADJUSTED	VUHD095	10	2.360978865282744	0.0964128615147512	-7.741875631998427	-11.127634142528786	0.8479026626345443	1.046341704574504	0.9180573210246966	1.0813232222999731	0.8479026626345443	1.046341704574504	-0.1984390419399597	0.1984390419399597	-3.2643066639815386	0.8291270465133163	0.8987090764874743	-5.519298748884865	False	-0.3452069333986614	0.0692478158130507	MODERATE_LEVERAGE	True	False	True
fibroblast_activation	DISEASE_ADJUSTED	VUHD113	1	2.85001290376351	0.0			0.11108588448168	0.4221975559091717	0.11108588448168	0.4221975559091717	0.11108588448168	0.4221975559091717	-0.3111116714274917	0.3111116714274917	-0.165910702484601	0.0921636403317892	0.0921636403317892		True	0.0509498169021686	-0.0052040017022076	LOW_LEVERAGE	False	False	False
fibroblast_activation	DISEASE_ADJUSTED	VUHD116	110	2.8119004025203873	0.0781295569301702	-1.3692389724558724	-5.903849760814008	0.3209362162584364	0.6681597274411745	0.4302413173785953	0.7344349684790754	0.3209362162584364	0.6681597274411745	-0.347223511182738	0.347223511182738	-38.97158449197104	0.3283041364140101	0.4289447723691584	-0.3382223770396737	False	0.2502540684943858	-0.0252840242232486	EXTREME_LEVERAGE	False	False	False
fibroblast_activation	DISEASE_ADJUSTED	VUILD102	291	4.355897168230674	0.2173077537388696	0.1310538204886467	-0.0393605916951864	0.3452804824587216	0.3896639588393066	0.4345442927822028	0.4752484776472024	0.3452804824587216	0.3896639588393066	-0.044383476380585	0.044383476380585	-10.776420576872011	0.3570086841076233	0.4485657263152823	-0.3244871918474623	False	-0.1062730756513705	-0.0284380005518274	EXTREME_LEVERAGE	False	False	False
fibroblast_activation	DISEASE_ADJUSTED	VUILD104	340	4.077364374293304	0.4834185122558092	0.2685001974102089	0.6839373598468637	0.4706325597065524	0.3081887365305018	0.5946600257990905	0.3908842939828516	0.4706325597065524	0.3081887365305018	0.1624438231760506	-0.1624438231760506	68.2822051003069	0.3990957097137014	0.5094683643318466	0.1636622832198921	False	0.5274983941852068	-0.0225893039288525	EXTREME_LEVERAGE	False	False	False
fibroblast_activation	DISEASE_ADJUSTED	VUILD105	96	3.493674010779067	0.1943068142940613	-1.229682704810044	-0.4116180981109538	0.5205984442813458	0.4107568113890376	0.6582116249795392	0.5237241789757096	0.5205984442813458	0.4107568113890376	0.1098416328923082	-0.1098416328923082	15.259730650984745	0.5043410641488042	0.6413331872239442	-0.3991055601979367	False	-0.0865200802612509	-0.0268972961195951	LOW_LEVERAGE	False	False	False
fibroblast_activation	DISEASE_ADJUSTED	VUILD106	854	3.682683001433899	0.3959545367360313	-4.775950005654451	0.5216618972117146	0.5140973022216042	0.3428578562532128	1.5122875416730066	0.4352012659594726	0.5140973022216042	0.3428578562532128	0.1712394459683914	-0.1712394459683914	1791.3619006528866	0.4628690715055542	1.4737182069952528	0.0263457565016623	False	-0.7853035065701117	-0.0586708740515024	EXTREME_LEVERAGE	True	True	True
fibroblast_activation	DISEASE_ADJUSTED	VUILD107	336	4.08646028382969	0.3224017712195421	0.063217725360452	0.4287976967428225	0.4417820531540807	0.3420055777049898	0.5495637038513933	0.4291347507424632	0.4417820531540807	0.3420055777049898	0.0997764754490909	-0.0997764754490909	39.60217977947811	0.464268236124586	0.5696083799943429	-0.7388178114048813	False	0.16596171107655	0.0045470128943514	EXTREME_LEVERAGE	False	False	False
fibroblast_activation	DISEASE_ADJUSTED	VUILD110	264	4.003610446136778	0.4390987770980965	0.0890528546166148	0.2686412530620778	0.5118429131334192	0.4647012173806888	0.6324521938762221	0.5666910369861498	0.5118429131334192	0.4647012173806888	0.0471416957527304	-0.0471416957527304	20.818260180539852	0.5069576887103213	0.6298766958366411	-0.07110695186911	False	-0.0681922866110992	-0.0438718043158005	EXTREME_LEVERAGE	False	False	False
fibroblast_activation	DISEASE_ADJUSTED	VUILD115	660	3.627956672398136	0.2912122785003537	-0.2164711559281447	0.2869567426722752	0.4574212152118467	0.3551609886652236	0.5951901688097628	0.4556829507845567	0.4574212152118467	0.3551609886652236	0.102260226546623	-0.102260226546623	96.75889437196832	0.4387235615946033	0.5758326841635111	-0.6058633925640291	False	0.1389343811990554	-0.0441927062470174	EXTREME_LEVERAGE	False	False	False
fibroblast_activation	DISEASE_ADJUSTED	VUILD48	126	4.259298425088549	0.1366438491835067	-1.5229614426972955	-0.8816784844078109	0.5024755531240578	0.4107909224705897	0.5871517375191286	0.5070698088382608	0.5024755531240578	0.4107909224705897	0.0916846306534681	-0.0916846306534681	11.041048851394118	0.3690509069049363	0.4538432418683947	-0.4802247486275766	False	0.0192600716397803	0.0160308900655561	LOW_LEVERAGE	False	False	False
fibroblast_activation	DISEASE_ADJUSTED	VUILD78	215	3.5040722071096067	0.6059550383585801	-0.0334258915228671	-0.0282140187982298	0.614739748081629	0.6281564099300659	0.7913340797277019	0.7893360914095536	0.614739748081629	0.6281564099300659	-0.0134166618484369	0.0134166618484369	0.6790045154071613	0.6183842259763054	0.7913663645182941	-0.3610990294467278	False	-0.0556363388228735	-0.0373013050379505	EXTREME_LEVERAGE	False	False	False
fibroblast_activation	DISEASE_ADJUSTED	VUILD91	265	4.431506927141939	0.2761071147358637	0.4461645110129979	-0.2797448797366386	0.3079119562478326	0.5027612416159092	0.3910472080229283	0.5944296984018196	0.3079119562478326	0.5027612416159092	-0.1948492853680765	0.1948492853680765	-53.113618071480985	0.2975596639251948	0.3776965544576341	0.0457066731365587	False	0.0899835333138999	0.0444218453025604	EXTREME_LEVERAGE	True	False	False
fibroblast_activation	DISEASE_ADJUSTED	VUILD96	283	3.962444519116643	0.5166740016713649	0.4431122787716325	0.2515081793124913	0.4365992387638449	0.5127343063862839	0.5364041455923958	0.6218731898167832	0.4365992387638449	0.5127343063862839	-0.0761350676224389	0.0761350676224389	-28.016110475586505	0.4373389524240799	0.5380875014477003	-0.017946790711937	False	-0.1971478451913496	-0.0204696506648333	MODERATE_LEVERAGE	True	False	False
macrophage_inflammatory	POOLED	THD0008	278	1.0824268710665177	0.0627783808797924	-2.2139335699812293	-2.25083992354642	0.3896432254066232	0.3919378031948752	0.4491831984598629	0.4517548747934353	0.3896432254066232	0.3919378031948752	-0.0022945777882519	0.0022945777882519	-0.6441040716379562	0.371631542651081	0.4318877979530702	-1.9987104064847083	False	-0.0369989853260569	0.0700606920758273	EXTREME_LEVERAGE	True	False	False
macrophage_inflammatory	POOLED	THD0011	71	0.6468293538847925	0.0448225463342548	-0.5882681745669036	-0.3132583614152446	0.219362975651379	0.1932580855820622	0.2668149618101418	0.2426181851250693	0.219362975651379	0.1932580855820622	0.0261048900693167	-0.0261048900693167	0.8751914465579153	0.2583562288516553	0.3209363421622084	-0.9241381471393456	False	-0.1146378621003131	-0.0137433338043997	EXTREME_LEVERAGE	False	False	False
macrophage_inflammatory	POOLED	TILD117	183	1.0103454642306229	0.1735925167783309	-0.231274533565994	-0.7852580707988408	0.3553858619111333	0.4570399176830121	0.462320284139455	0.5566933101886519	0.3553858619111333	0.4570399176830121	-0.1016540557718788	0.1016540557718788	-17.598633556208203	0.3459911175679253	0.4472716498994418	-0.3355737648814145	False	0.1095481849134873	0.0377830085168471	EXTREME_LEVERAGE	False	False	False
macrophage_inflammatory	POOLED	TILD175	33	1.188507794049734	0.1434219005850653	-1.6170067062822686	-1.6198645425926967	0.5169554200402612	0.5171990644813953	0.6126467788692477	0.6129812003430998	0.5169554200402612	0.5171990644813953	-0.0002436444411341	0.0002436444411341	-0.0135259184016867	0.503026100150754	0.5960237042133808	-1.4827574750507777	False	-0.0028962535855726	0.1009154403874397	EXTREME_LEVERAGE	False	False	True
macrophage_inflammatory	POOLED	VUHD069	44	0.7187697999487236	0.0838827795559633	0.1088437767206318	-0.1480221978325469	0.2130966361256671	0.2585040042962935	0.273409328712954	0.3103212737569568	0.2130966361256671	0.2585040042962935	-0.0454073681706263	0.0454073681706263	-0.948051804430368	0.2241826071600947	0.2738497544636513	-0.0719604285650084	False	-0.0412716883206973	0.0054991513550211	EXTREME_LEVERAGE	False	False	False
macrophage_inflammatory	POOLED	VUHD095	44	0.8094344263339827	0.0538794171859848	-0.0605221049604811	-0.0248815371754398	0.1977297336848747	0.1822557188779896	0.2390404002007288	0.2349894038200211	0.1977297336848747	0.1822557188779896	0.0154740148068851	-0.0154740148068851	0.0844928928991676	0.2215079146341015	0.2615054867376329	-0.5668461430580494	False	-0.1325254504560272	0.0001929675900689	EXTREME_LEVERAGE	False	False	False
macrophage_inflammatory	POOLED	VUHD113	16	0.8544465595304208	0.054304161595699	0.0345980446949065	0.2539788476257063	0.1828312715204403	0.1671485748796392	0.2289658135741919	0.2012760621940504	0.1828312715204403	0.1671485748796392	0.0156826966408011	-0.0156826966408011	0.1906126491735736	0.1933838107925062	0.2428180987952091	-0.4033922566400121	False	0.0085153916325048	-0.0181929640973894	EXTREME_LEVERAGE	False	False	False
macrophage_inflammatory	POOLED	VUHD116	91	0.7770281544152333	0.0620139524582425	0.2461763883848957	0.000550057885974	0.1684144114923571	0.2041658688554199	0.2162118905439748	0.2489575088135572	0.1684144114923571	0.2041658688554199	-0.0357514573630628	0.0357514573630628	-1.3861356219667964	0.1941393460157231	0.239386422188861	-0.6211752054767394	False	-0.0828837813482205	0.0174852823092097	EXTREME_LEVERAGE	True	False	False
macrophage_inflammatory	POOLED	VUILD102	251	0.9677121120854912	0.1283556135624484	-1.1164111280609128	-1.5126888362692226	0.429200651504433	0.4756098829512197	0.5212036539517466	0.567906433552967	0.429200651504433	0.4756098829512197	-0.0464092314467866	0.0464092314467866	-12.766981562927835	0.4759484841493636	0.5602340353015512	-1.780710205693249	False	0.049928919674857	-0.0152845570653314	EXTREME_LEVERAGE	False	False	False
macrophage_inflammatory	POOLED	VUILD104	102	0.5700251200410448	0.1867403174322289	-0.0916464332700601	-0.0962364028303774	0.3902958172450663	0.3912966523745815	0.4515023825768935	0.4524505871863903	0.3902958172450663	0.3912966523745815	-0.0010008351295152	0.0010008351295152	-0.0874275020151873	0.4007674674744035	0.4575896475226033	-0.1275772765889196	False	0.0560426928094618	0.0107148742729636	MODERATE_LEVERAGE	False	False	False
macrophage_inflammatory	POOLED	VUILD105	1	1.33971498354124	0.0			0.65860707719507	0.95292252535372	0.65860707719507	0.95292252535372	0.65860707719507	0.95292252535372	-0.2943154481586502	0.2943154481586502	-0.4742980571950785	0.8272701390120474	0.8272701390120474		True	0.0548050181141105	-0.0102659406845555	EXTREME_LEVERAGE	False	False	False
macrophage_inflammatory	POOLED	VUILD106	121	0.8701042046094345	0.250383607886961	0.1978290060034844	-0.0620146930607545	0.3382278791363323	0.4160068259543757	0.4481634385122434	0.5156656576479718	0.3382278791363323	0.4160068259543757	-0.0777789468180434	0.0777789468180434	-7.872332945866151	0.3428875858039253	0.448116473696231	-0.1117949159786455	False	0.1682180721197848	0.0505013736305701	EXTREME_LEVERAGE	False	True	False
macrophage_inflammatory	POOLED	VUILD107	126	0.6397651783430143	0.129449403863864	-0.0297749883800422	-0.0330061686956664	0.3168294631475867	0.3173445786638509	0.365107872223695	0.3656802328884461	0.3168294631475867	0.3173445786638509	-0.0005151155162642	0.0005151155162642	-0.0527025700699052	0.3194527878326474	0.3691849758396963	-0.0545869422877463	False	0.0043713853551003	-0.0653881381071024	LOW_LEVERAGE	False	False	False
macrophage_inflammatory	POOLED	VUILD110	424	0.4387006444103218	0.1694682609388068	0.0313522454872177	-0.6561172417673529	0.3360431188527388	0.4818602732925646	0.4051605242611396	0.5297728842372804	0.3360431188527388	0.4818602732925646	-0.1458171544398258	0.1458171544398258	-49.39780558429473	0.3564037312843134	0.4219291911822109	-0.2426259050689472	False	0.0083410848314774	0.0098796366244129	EXTREME_LEVERAGE	False	False	False
macrophage_inflammatory	POOLED	VUILD115	275	0.3301302373789612	0.0963993723222541	0.3635188306383191	-1.5531567764631702	0.1965705620373719	0.4503015300372117	0.2477022107721292	0.4961075595990846	0.1965705620373719	0.4503015300372117	-0.2537309679998397	0.2537309679998397	-50.810739504238704	0.3636646729880226	0.4216863375187664	-2.852074849223578	False	0.1822674316105862	0.1398909053785452	EXTREME_LEVERAGE	True	True	True
macrophage_inflammatory	POOLED	VUILD48	134	0.4131062021115559	0.044333602320527	-0.091243098683365	-0.3053904321308254	0.1840313473466727	0.1910696010846621	0.2199516709917157	0.2405673716261391	0.1840313473466727	0.1910696010846621	-0.0070382537379894	0.0070382537379894	-1.2721856443541744	0.1593475081778108	0.2008991802827321	-0.5927004239139255	True	0.0263163377267237	-0.0004177818227271	EXTREME_LEVERAGE	False	False	False
macrophage_inflammatory	POOLED	VUILD78	188	0.4498949445843704	0.0677510086430645	-1.5352275982027352	-1.5345523007986648	0.3644381291987074	0.369236136558047	0.4144444798980548	0.4143892793469799	0.3644381291987074	0.369236136558047	-0.0047980073593395	0.0047980073593395	0.008601391088848	0.3991576623167027	0.4484587572072984	-2.344251518781447	False	-0.1141298348386359	-0.0333222418560137	EXTREME_LEVERAGE	False	False	False
macrophage_inflammatory	POOLED	VUILD91	92	0.4838462963125928	0.0657366003317275	-2.95590434321874	-0.5074690740286474	0.4451094918785276	0.2674809017635717	0.5099487256192679	0.3147950000108968	0.4451094918785276	0.2674809017635717	0.1776285901149558	-0.1776285901149558	14.80756658705464	0.4237578381043148	0.4861428993623409	-1.90592525049946	False	-0.081356728770909	-0.040658406407025	EXTREME_LEVERAGE	True	False	False
macrophage_inflammatory	POOLED	VUILD96	187	0.4823385266341593	0.1454476070159316	0.0141416212726162	0.2904410195744732	0.3259738531358848	0.2756599961084973	0.3786697004547684	0.3212532579438801	0.3259738531358848	0.2756599961084973	0.0503138570273874	-0.0503138570273874	7.514985138651069	0.3429734378211815	0.3969299777511213	-0.7694060940285843	False	-0.0052113645191498	0.0327516878417719	EXTREME_LEVERAGE	False	False	False
macrophage_inflammatory	PF_ONLY	TILD117	183	1.0103454642306229	0.1735925167783309	-0.3720109682944663	-0.8227994768458851	0.3757332873135201	0.456990201534998	0.4880274961861383	0.5625160875636378	0.3757332873135201	0.456990201534998	-0.0812569142214778	0.0812569142214778	-14.320392647356949	0.4121018565082744	0.5183596098891594	-0.6964250692344944	False	0.0654561388058134	-0.022832747260898	EXTREME_LEVERAGE	False	False	False
macrophage_inflammatory	PF_ONLY	TILD175	33	1.188507794049734	0.1434219005850653	-1.81256967745198	-1.8103746003163297	0.5382598396487351	0.5380631276126636	0.6351252543145228	0.6348773633808039	0.5382598396487351	0.5380631276126636	0.0001967120360715	-0.0001967120360715	0.0103891304459528	0.531318619121476	0.6277520419358166	-1.7478090122138887	False	0.0525711378116527	0.0644665248947542	EXTREME_LEVERAGE	True	False	False
macrophage_inflammatory	PF_ONLY	VUILD102	251	0.9677121120854912	0.1283556135624484	-0.998697722456559	-0.8782548695011272	0.4166470870384431	0.4003516038187455	0.50650179910024	0.4910036213730746	0.4166470870384431	0.4003516038187455	0.0162954832196975	-0.0162954832196975	3.880338588866835	0.4260115447065437	0.5137675724126348	-1.4098687418192997	False	-0.1128470060407552	0.0004834998144496	EXTREME_LEVERAGE	False	True	False
macrophage_inflammatory	PF_ONLY	VUILD104	102	0.5700251200410448	0.1867403174322289	-0.0629140086136352	-0.0608240953711189	0.3775121573395184	0.3770285836636725	0.4455209303407339	0.4450827207490309	0.3775121573395184	0.3770285836636725	0.0004835736758459	-0.0004835736758459	0.0398076483559532	0.3815301759062539	0.4473076218930799	-0.0716606456423196	False	0.0069137424299914	-0.0507543990595591	LOW_LEVERAGE	False	False	False
macrophage_inflammatory	PF_ONLY	VUILD105	1	1.33971498354124	0.0			0.6690857228352489	1.002270552715625	0.6690857228352489	1.002270552715625	0.6690857228352489	1.002270552715625	-0.3331848298803761	0.3331848298803761	-0.5568705563389171	0.7998141889038647	0.7998141889038647		True	0.0946364817923413	0.0543225557899698	EXTREME_LEVERAGE	False	False	False
macrophage_inflammatory	PF_ONLY	VUILD106	121	0.8701042046094345	0.250383607886961	0.1808559383694025	-0.0593665300752841	0.3393679345624538	0.4191425532814374	0.4528799460455808	0.5150223430832301	0.3393679345624538	0.4191425532814374	-0.0797746187189836	0.0797746187189836	-7.27787996970777	0.3914203363608509	0.4778342799423963	-0.2771411776731003	False	0.0653945361317581	-0.0688159738727032	EXTREME_LEVERAGE	True	False	False
macrophage_inflammatory	PF_ONLY	VUILD107	126	0.6397651783430143	0.129449403863864	-0.0116050365117279	-0.0114084571741532	0.3145912464206986	0.3145890790904861	0.3618724484153576	0.3618372864203807	0.3145912464206986	0.3145890790904861	2.1673302124658456e-06	-2.1673302124658456e-06	0.0032063318356816	0.3154801051149697	0.3629344640872769	-0.0175762788170332	False	-0.047044490967358	-0.2518657868532006	EXTREME_LEVERAGE	False	False	True
macrophage_inflammatory	PF_ONLY	VUILD110	424	0.4387006444103218	0.1694682609388068	0.0538352473669261	-0.5842819900075702	0.3300826418817641	0.4687236004993791	0.4004308869084944	0.5181558777851074	0.3300826418817641	0.4687236004993791	-0.138640958617615	0.138640958617615	-45.851622241003035	0.3495176133236791	0.414952314853084	-0.2550124524979862	False	0.0197915174977657	-0.1185161878681397	EXTREME_LEVERAGE	False	False	True
macrophage_inflammatory	PF_ONLY	VUILD115	275	0.3301302373789612	0.0963993723222541	0.2466882167634517	-2.1971012334308493	0.2232241169428624	0.5145929579871679	0.2694787247018977	0.5551563312738479	0.2232241169428624	0.5145929579871679	-0.2913688410443054	0.2913688410443054	-64.78443649878122	0.2826930516188404	0.3311863210234072	-1.4635852966316056	False	0.2676523878490079	0.0826687778774861	EXTREME_LEVERAGE	True	True	False
macrophage_inflammatory	PF_ONLY	VUILD48	134	0.4131062021115559	0.044333602320527	-0.055721957725672	-0.3657641226496915	0.1766262122246149	0.196674587399943	0.2163422229590382	0.2460675587662764	0.1766262122246149	0.196674587399943	-0.0200483751753281	0.0200483751753281	-1.8418683296731235	0.1577304972633049	0.2050549822327763	-0.4967716630581149	True	0.0154011118743335	-0.0684897233503232	LOW_LEVERAGE	False	False	False
macrophage_inflammatory	PF_ONLY	VUILD78	188	0.4498949445843704	0.0677510086430645	-1.4627448768941935	-1.3602681804632684	0.363490463472671	0.3556982406642894	0.4084769876506158	0.3998881717361955	0.363490463472671	0.3556982406642894	0.0077922228083815	-0.0077922228083815	1.305265114573611	0.3924625251767706	0.437090825433999	-2.358529527675022	False	-0.0295251454571212	-0.0681914706751249	MODERATE_LEVERAGE	False	False	False
macrophage_inflammatory	PF_ONLY	VUILD91	92	0.4838462963125928	0.0657366003317275	-3.1634798536420083	-0.7283797617515113	0.4534198589419871	0.2904183108231461	0.5231567749041047	0.3370724100541388	0.4534198589419871	0.2904183108231461	0.163001548118841	-0.163001548118841	14.72691853876899	0.4037315537793763	0.4863194365985434	-1.5690759332961275	False	-0.0930887940096374	-0.0237725428611528	MODERATE_LEVERAGE	True	False	False
macrophage_inflammatory	PF_ONLY	VUILD96	187	0.4823385266341593	0.1454476070159316	-0.1512244029447615	0.1273929388873808	0.3607424805255074	0.3107356513877827	0.4091977939171474	0.3562563808607999	0.3607424805255074	0.3107356513877827	0.0500068291377246	-0.0500068291377246	7.578030195170867	0.3671184289009537	0.419295782769859	-0.6473859140869827	False	-0.0629776208806277	-0.0466237667248434	MODERATE_LEVERAGE	False	False	False
macrophage_inflammatory	DISEASE_ADJUSTED	THD0008	278	1.0824268710665177	0.0627783808797924	-2.2506302565641616	-2.250742448806508	0.3919420670399249	0.3919307743949556	0.4517403063110068	0.4517481019254913	0.3919420670399249	0.3919307743949556	1.1292644969296273e-05	-1.1292644969296273e-05	-0.0019580227554508	0.3737632265679708	0.4342742923423806	-2.006955322573661	False	-0.0350990910610878	0.0692825138622326	LOW_LEVERAGE	True	False	False
macrophage_inflammatory	DISEASE_ADJUSTED	THD0011	71	0.6468293538847925	0.0448225463342548	-0.5670100011078434	-0.3181855157564488	0.2169577659698578	0.1935049328134913	0.2650233544065448	0.2430728930941026	0.2169577659698578	0.1935049328134913	0.0234528331563664	-0.0234528331563664	0.791859238686959	0.2554294986923794	0.3184622106745605	-0.8751305801348774	False	-0.0960092030817962	-0.009093662989364	EXTREME_LEVERAGE	False	False	False
macrophage_inflammatory	DISEASE_ADJUSTED	TILD117	183	1.0103454642306229	0.1735925167783309	-0.2693886209792109	-0.7872550142608261	0.3593153989610927	0.4573239185448222	0.469421309151551	0.5570045745325872	0.3593153989610927	0.4573239185448222	-0.0980085195837294	0.0980085195837294	-16.451284693335072	0.3481613149406938	0.4529375039834517	-0.3486564521414543	False	0.0971683608945166	0.0241992403450916	EXTREME_LEVERAGE	False	False	False
macrophage_inflammatory	DISEASE_ADJUSTED	TILD175	33	1.188507794049734	0.1434219005850653	-1.6217686264588758	-1.6198920754109851	0.517376433724372	0.517202163558418	0.6132039133119	0.6129844213217778	0.517376433724372	0.517202163558418	0.000174270165954	-0.000174270165954	0.0088815710885018	0.5033530804636704	0.5964334934537904	-1.4809220513895212	False	-0.003472033527973	0.1054781620307665	EXTREME_LEVERAGE	False	False	True
macrophage_inflammatory	DISEASE_ADJUSTED	VUHD069	44	0.7187697999487236	0.0838827795559633	0.0792427314747459	-0.1496334107292007	0.2198272730213512	0.2587797628545585	0.2779130781022276	0.3105389604580524	0.2198272730213512	0.2587797628545585	-0.0389524898332072	0.0389524898332072	-0.8447457472129718	0.2307544496001552	0.2785714895193061	-0.1015187640044081	False	-0.0461045406537591	-0.0051609437080677	EXTREME_LEVERAGE	False	False	False
macrophage_inflammatory	DISEASE_ADJUSTED	VUHD095	44	0.8094344263339827	0.0538794171859848	-0.1052429241477799	-0.0248712547231824	0.2023828635388238	0.1822550191182016	0.2440283684369833	0.2349882250138379	0.2023828635388238	0.1822550191182016	0.0201278444206221	-0.0201278444206221	0.1905366631019258	0.225674122778058	0.2661794722415728	-0.5908731058346595	False	-0.1339462459739051	0.0001510132747695	EXTREME_LEVERAGE	False	False	False
macrophage_inflammatory	DISEASE_ADJUSTED	VUHD113	16	0.8544465595304208	0.054304161595699	0.1926478509640672	0.2515873757980826	0.1681975518185006	0.167501037035382	0.2093862019472205	0.2015984129027858	0.1681975518185006	0.167501037035382	0.0006965147831186	-0.0006965147831186	0.0512105836953614	0.1719575364490096	0.2204694588135507	-0.2192011136037734	False	0.0069265999017537	-0.0222510135129128	EXTREME_LEVERAGE	False	False	False
macrophage_inflammatory	DISEASE_ADJUSTED	VUHD116	91	0.7770281544152333	0.0620139524582425	0.2209414683356486	0.0005511049174076	0.1720069246971889	0.2041662979643692	0.2198010435480717	0.2489573784086241	0.1720069246971889	0.2041662979643692	-0.0321593732671803	0.0321593732671803	-1.243722254253897	0.1969699287673546	0.242299487621711	-0.621120998214767	False	-0.0876629122794441	0.0087611189787717	EXTREME_LEVERAGE	True	False	False
macrophage_inflammatory	DISEASE_ADJUSTED	VUILD102	251	0.9677121120854912	0.1283556135624484	-1.1196224671273525	-1.5142243249127731	0.4295547256303353	0.4757934598669907	0.5215989285733647	0.5680799291101664	0.4295547256303353	0.4757934598669907	-0.0462387342366554	0.0462387342366554	-12.71299025580136	0.4764797939073447	0.5605138232768344	-1.7970529849092216	False	0.0481384991084004	-0.0166922629465842	EXTREME_LEVERAGE	False	False	False
macrophage_inflammatory	DISEASE_ADJUSTED	VUILD104	102	0.5700251200410448	0.1867403174322289	-0.098447729685283	-0.0962305049892395	0.3917488705701613	0.3912944988052323	0.4529066986964765	0.4524493700742473	0.3917488705701613	0.3912944988052323	0.0004543717649289	-0.0004543717649289	0.0422326148428897	0.4023204845918536	0.4590937809198335	-0.1293078710623003	False	0.0521539471756341	0.0126859496557327	EXTREME_LEVERAGE	False	False	False
macrophage_inflammatory	DISEASE_ADJUSTED	VUILD105	1	1.33971498354124	0.0			0.6571424352699937	0.9537152062809492	0.6571424352699937	0.9537152062809492	0.6571424352699937	0.9537152062809492	-0.2965727710109554	0.2965727710109554	-0.4777365144589356	0.8276715682186706	0.8276715682186706		True	0.0568160918734462	-0.0063367353865015	EXTREME_LEVERAGE	False	False	False
macrophage_inflammatory	DISEASE_ADJUSTED	VUILD106	121	0.8701042046094345	0.250383607886961	0.2030276472018292	-0.0612132367322346	0.3358843115947793	0.4157827142086063	0.4467088683692836	0.5154710456955042	0.3358843115947793	0.4157827142086063	-0.079898402613827	0.079898402613827	-8.005551890348723	0.3412386958086639	0.4472470866024269	-0.1192355143893177	False	0.1672759360354851	0.0511298951828269	EXTREME_LEVERAGE	False	True	False
macrophage_inflammatory	DISEASE_ADJUSTED	VUILD107	126	0.6397651783430143	0.129449403863864	-0.0335938591673157	-0.0330020698556066	0.3173806110697785	0.3173440646296372	0.365784238187705	0.3656795074008741	0.3173806110697785	0.3173440646296372	3.654644014122743e-05	-3.654644014122743e-05	0.0096524534753312	0.3200280032408878	0.3700276114658732	-0.057889801737728	False	0.006325131548246	-0.067819267376654	EXTREME_LEVERAGE	False	False	False
macrophage_inflammatory	DISEASE_ADJUSTED	VUILD110	424	0.4387006444103218	0.1694682609388068	0.0357407157468903	-0.6561062384173222	0.3341421460255938	0.4818583086127798	0.4042416900772026	0.5297711243117095	0.3341421460255938	0.4818583086127798	-0.147716162587186	0.147716162587186	-49.71234646700029	0.353878627861541	0.4201744502833247	-0.2326023909882442	False	0.0079529556991956	0.0099559821299246	EXTREME_LEVERAGE	False	False	False
macrophage_inflammatory	DISEASE_ADJUSTED	VUILD115	275	0.3301302373789612	0.0963993723222541	0.3634253874110328	-1.549665780593377	0.1970132828137502	0.449951595724142	0.2477203929632329	0.4957682733704644	0.1970132828137502	0.449951595724142	-0.2529383129103918	0.2529383129103918	-50.71571664249008	0.3680313495901279	0.4257911809624189	-2.954027068540682	False	0.1860890532924817	0.1112418780053907	EXTREME_LEVERAGE	True	True	True
macrophage_inflammatory	DISEASE_ADJUSTED	VUILD48	134	0.4131062021115559	0.044333602320527	-0.1077342757211865	-0.3170181787959927	0.1854377960529774	0.192130822409168	0.2216074250936555	0.2416364214841097	0.1854377960529774	0.192130822409168	-0.0066930263561906	0.0066930263561906	-1.2432934503548274	0.1601834002012047	0.2020798664566204	-0.6366364347636586	True	0.0203259250303057	-0.0028590482975774	EXTREME_LEVERAGE	False	False	False
macrophage_inflammatory	DISEASE_ADJUSTED	VUILD78	188	0.4498949445843704	0.0677510086430645	-1.4797941013238782	-1.534525573070011	0.3595146172330788	0.3692340765120607	0.40988846237948	0.4143870944022441	0.3595146172330788	0.3692340765120607	-0.0097194592789818	0.0097194592789818	-0.6971251340801403	0.3929624702029329	0.4425629192269198	-2.268451895600372	False	-0.0986672388879774	0.0117308060930312	EXTREME_LEVERAGE	False	False	False
macrophage_inflammatory	DISEASE_ADJUSTED	VUILD91	92	0.4838462963125928	0.0657366003317275	-2.722797986784807	-0.5051975216358147	0.4350006599184178	0.2671187222037978	0.4946959504312044	0.3145577338106318	0.4350006599184178	0.2671187222037978	0.16788193771462	-0.16788193771462	13.41153142351161	0.4160432405752595	0.472596845601306	-2.001339379593622	False	-0.0442317553698469	-0.0427878097516725	EXTREME_LEVERAGE	True	False	False
macrophage_inflammatory	DISEASE_ADJUSTED	VUILD96	187	0.4823385266341593	0.1454476070159316	0.0234309686938248	0.292059133171947	0.3253951858304716	0.2753683243391398	0.3768814517714418	0.3208867479172748	0.3253951858304716	0.2753683243391398	0.0500268614913317	-0.0500268614913317	7.306337531979461	0.3448933307690383	0.3959560701561502	-0.7063260466951458	False	0.0006697617029431	0.0336885490819622	EXTREME_LEVERAGE	False	False	False
