file	bytes	sha256
results/phase1j/J2_figure_source.tsv	551	2c6d9f5ea412eba046f70cf7bc13ab270d702979f10ec19451643eabc9780c95
results/phase1j/Table_J1_display.tsv	4797	201da7d84b641f82dcfcb90f542c68ff07760084be920195878135ce39a0c1ec
results/phase1j/current_precision.tsv	1388	a5648d21e416258211bb355479e5a4b98c90f28eb36a96c6aadc0fc62e98758b
results/phase1j/execution_status.json	544	4a36692306d3b46264a1c6ed6d6ab3835c1ed83ea689a9e5ad387098130f8328
results/phase1j/external_candidate_registry.tsv	10812	ee0d6f1c9cea9cce1336f052c049ccaa825ba5a556589936805b308ef8220702
results/phase1j/feasibility_complete.json	665	9d71240f56292e59c9fd417b90f28ecfe8827a858b79b0bc215577076cfbfff5
results/phase1j/figure_qa.json	1230	303f820f116caa3257753d47591d87d13d3ffaff46e48ed936a5e9068775a8a2
results/phase1j/figure_source_preflight.json	3625	137a37ac7fd1b6d538895501b150f70f5502002656a2bf66fcdbc218b44ef949
results/phase1j/frozen_gene_coverage.tsv	9157	66a447b7bb5eb9cb332df906bb141b431590def535f8918d5a28730addaa4a63
results/phase1j/input_hash_gate.tsv	51619	53a8c6cbdf86758e90e829041561bb01667626af9bf0760669ecefb0cc2b4be8
results/phase1j/minimum_information_threshold.tsv	1620	3110eff795c827acd20c456a5eb9571ace047da3efb8c2a575230538cdde45a5
results/phase1j/planning_width_distributions.tsv.gz	6064818	985ffda8d8957cb88cec21c03b5e96b32344425b31aa88b08d7c4a75c74abed4
results/phase1j/pre_run_contract.json	39472	ee70fd7b60fdb723626ef04048ebc49ae806dece216a6a30ba98c73ed252abe3
results/phase1j/precision_complete.json	474	7610a0f9d336ea35346c111ca87cc8013613071fdb820c7467519fdfcbcd7f69
results/phase1j/precision_projection.tsv	130862	bd3b6e41516166e03210f8d15f1946cccf7ff0084fecd27a449ef301aceb2843
results/phase1j/requested_probability_threshold.tsv	2333	a87f81edc631ed8519f27e75731b0227cc0ad0a923200e9ba78ae38c6b309840
results/phase1j/source_metadata/COPD_TMA1_gene_panel.json.gz	8275	becb84b9bc258afc84d0386d9fd5ceb7e97d606380404887e6a21619ce3234b9
results/phase1j/source_metadata/COPD_TMA2_gene_panel.json.gz	8275	db609dba6e94b8b716b0c45e437b6df12be21bb434449b390de2ea723bddeeb1
results/phase1j/source_metadata/COPD_TMA3_gene_panel.json.gz	8275	f947276998249e10a67f3fab2d6367e1e0a553ca45c552517753a207406f695e
results/phase1j/source_metadata/COPD_TMA4_gene_panel.json.gz	8275	1b117876b5fda62baad5ed6f3b179e9c57036d80630da561bf3ebf2cd41bfc73
results/phase1j/source_metadata/GSE250346_current.soft.txt	375755	2b643c42353d7c575e4686c97555c9143dfb1e3285435b220a69a491057d1952
results/phase1j/source_metadata/GSE266680.soft.txt	64559622	d91bff987a2d571a370bde299bdac699f8b02a695a60f486ffe7b8f4cbbf2fc7
results/phase1j/source_metadata/GSE269354.soft.txt	1918	61298bbf58b886d449d4f7f8fb1cdb948dd03e37343e01a6291fd80270dd3715
results/phase1j/source_metadata/GSE269354_Samples_list_xenium_metadata_v2.xlsx	42207	e5798af0b485ec501a6d1ebeeb1d73c456d85a30ec40820fcec8ab180185fc20
results/phase1j/source_metadata/GSE287111.soft.txt	2872	5e3453b0f1107bdac6bf4daf8d65f1a3fbee18d6a0132adb3b5c338555a48407
results/phase1j/source_metadata/GSE287114.soft.txt	41797980	8b636567bbdcc99115bc34a2537e9418c6026404cdaf47cb92d66293e336f2f3
results/phase1j/source_metadata/GSE288758.soft.txt	1288558	d9d380aee59d987282853d8ef00cceff95bb1a225c117bbfa52675aeb17c5c61
results/phase1j/source_metadata/GSE310058.soft.txt	41123416	af447e1839f410c842c06fbf31f21a0131b74ad1a4dce6ff82e325b4b671df08
results/phase1j/source_metadata/GSE311609.soft.txt	208369	0a3fa7e7958772b6f7735a6c21084873ee357ed57b1e818a9f57325d20afde69
results/phase1j/source_metadata/GSE313006.soft.txt	75349	0b4fe1256e09729db95ce5210479b60a149bc6753ef1fcc7c30d351e924c28e8
results/phase1j/source_metadata/GSE319763.soft.txt	3078	8e4f1c7ad6242e99aae784d4af9faa44c7f42193e360cc515d187919e40b3ff4
results/phase1j/source_metadata/GSE319763_samples.soft.txt	21503	cf6c9c3e17d9b4c3ddbde5f8c9652dfafcfb4826e6189036a3f0d1edb13160f6
results/phase1j/source_metadata/GSE327879.soft.txt	2609	d09473a39bf7bc34b716ffb1f1a8b06dca2101193ddb496887c0d3ad492be2c8
results/phase1j/source_metadata/GSE327879_samples.soft.txt	21503	6026361f61024c0d566810bcfd4671c199b557ee3d561f90e08146717e16830b
results/phase1j/source_metadata/PMC11313858.xml	267073	b37fa50fecd228c27d6115f2d188608838c1af359e422b392301870e72fe4327
results/phase1j/source_metadata/PMC11906353.xml	231961	db58e0eebd6ac71b57c8c39d2f7c7956147c25cb7c08d4d758f148901d0392a7
results/phase1j/source_metadata/PMC12140004.xml	200540	68d1bfe346acae938dacc67c3fda80d6a51bb2b530ead059b954f843b97478a0
results/phase1j/source_metadata/PMC12463091.xml	158525	abad649d7bd153dfc4b7a8b8db390ff25fa06b5065bada841f557bf48600a96b
results/phase1j/source_metadata/PMC12900648.xml	257947	31826ac468b258a2786bec01e9814e26d4a3e1cbd9ce1a4609ccf4ff616f4287
results/phase1j/source_metadata/lungspatialdb_status.txt	223	ef44294dba96ba377fcee013dcb09113bd24eb639c530f6c532151dfe8abadeb
results/phase1j/source_metadata_manifest.tsv	5467	3e8e49e3238d4cdc655eb6852f3766a46daf631f59893cc5862ad94388a54db5
results/phase1j/transportability_matrix.tsv	5655	4fa7e23635a9bb54beb27f42ca364bf4f3bbedef590abb7a5ab1cf05d0398f7e
results/phase1j/vannan_extension_crosswalk.tsv	59333	b447d4d3369cd1d2f8e68458ae7a1659ae9a603cb374dd712232ec14673acb57
figures/phase1j/J1_precision_projection.png	339979	f3d6124627926a399f7596d73c50ff390386598cf10e3a7649db55ae359f6963
figures/phase1j/J1_precision_projection.svg	97680	78862169e08796e2e66d09d7a2ec1db95e7c2618d77b868ea0a1e3e8519912f7
figures/phase1j/J2_candidate_feasibility.png	189373	27f974f81bc363be893b5eefe13603d4c9fbc4b551e67c4cff1ee2bc36e4071d
figures/phase1j/J2_candidate_feasibility.svg	45485	aa797182f71470a21b359f59a7d2ba5abdcc633ab0e60f93c61b896aff54e871
reports/PHASE1J_PRECISION_AND_ADDITIONAL_DONOR_FEASIBILITY.md	38623	f958a0ec92811572f9599bc97a3d93acb5a554775714468b7a13290f99e261c0
scripts/phase1j_precision.py	7426	3086e1aea87b734360fb4ae0627ac8ca2a9355a41bfa48b5fa20bd96b2a33e07
scripts/phase1j_feasibility.py	18658	ada0cd668f28b6431e6eef663eaab13ff12690f0355bdf9f9a6c48fabdf8d2e0
scripts/phase1j_figures_report.py	29105	22253963a44ee52ad9653cee3a90488cbad86d7af4a8663a1b89a6677beabc23
scripts/phase1j_verify_finalize.py	8200	6b39d5c71c61bf757b35a9ea21a5b38a88df88ed6e1b648533721214337847d0
configs/phase1j_precision_plan.yaml	2802	c651787c386a55cff7dd8540dbc6e7875e27f6b1e2e55c7352ed12e50a317c2e
