target	analysis_stratum	n_donors	n_sections	n_regions	median_lineage_cells	min_lineage_cells	primary_minimum_lineage_cells
epithelial_injury	POOLED	19	26	3219	34.0	20	20
epithelial_injury	PF_ONLY	13	19	2474	35.0	20	20
epithelial_injury	DISEASE_ADJUSTED	19	26	3219	34.0	20	20
fibroblast_activation	POOLED	19	26	4869	28.0	20	20
fibroblast_activation	PF_ONLY	13	19	4384	29.0	20	20
fibroblast_activation	DISEASE_ADJUSTED	19	26	4869	28.0	20	20
macrophage_inflammatory	POOLED	19	26	2661	28.0	20	20
macrophage_inflammatory	PF_ONLY	13	19	2117	28.0	20	20
macrophage_inflammatory	DISEASE_ADJUSTED	19	26	2661	28.0	20	20
